{"type":"FeatureCollection","features":[{"type":"Feature","properties":{"name":"AGHAMING-NORTHERN AFFAIRS ACT","muni_no":"741","list_name":"AGHAMING (NORTHERN SETTLEMENT)","region":"North"},"geometry":{"type":"Polygon","coordinates":[[[-96.251,51.19802],[-96.25105,51.18015],[-96.27115,51.18014],[-96.27115,51.18195],[-96.27431,51.18195],[-96.2743,51.18374],[-96.28218,51.18407],[-96.28977,51.18822],[-96.28376,51.19028],[-96.27762,51.18891],[-96.2783,51.19059],[-96.27066,51.18829],[-96.26929,51.18991],[-96.27235,51.19107],[-96.27091,51.19238],[-96.26406,51.19169],[-96.26582,51.19266],[-96.26027,51.19495],[-96.26232,51.19805],[-96.251,51.19802]]]}},{"type":"Feature","properties":{"name":"RM OF ALEXANDER","muni_no":"600","list_name":"ALEXANDER (RM)","region":"Southeast"},"geometry":{"type":"Polygon","coordinates":[[[-96.58379,50.53295],[-96.58382,50.58158],[-96.57905,50.5872],[-96.5859,50.59518],[-96.59161,50.60544],[-96.59042,50.60849],[-96.59331,50.61201],[-96.59405,50.61736],[-96.59292,50.62905],[-96.59804,50.64206],[-96.5965,50.64723],[-96.60365,50.65739],[-96.60316,50.66173],[-96.58762,50.66822],[-96.58542,50.67185],[-96.5873,50.67446],[-96.58462,50.67569],[-96.57671,50.67697],[-96.57075,50.67252],[-96.56469,50.67103],[-96.55407,50.67546],[-96.54815,50.68023],[-96.54518,50.68024],[-96.55117,50.67532],[-96.55931,50.6724],[-96.55926,50.67061],[-96.55299,50.66984],[-96.55452,50.67134],[-96.55074,50.67189],[-96.54965,50.6738],[-96.54736,50.67362],[-96.54916,50.67211],[-96.54521,50.67316],[-96.54297,50.67544],[-96.54422,50.67696],[-96.53491,50.67584],[-96.53059,50.68026],[-96.49571,50.68025],[-96.48837,50.67747],[-96.4802,50.67137],[-96.4773,50.6669],[-96.47595,50.66191],[-96.4771,50.66074],[-96.47455,50.65584],[-96.46076,50.64709],[-96.41325,50.632],[-96.39547,50.63094],[-96.39043,50.629],[-96.3903,50.62662],[-96.39501,50.62836],[-96.39575,50.62693],[-96.39656,50.62818],[-96.39707,50.6271],[-96.40356,50.62733],[-96.40773,50.62877],[-96.40608,50.6299],[-96.4072,50.63069],[-96.41004,50.63063],[-96.40915,50.62936],[-96.41179,50.63069],[-96.40666,50.62755],[-96.39459,50.62447],[-96.38973,50.62135],[-96.37589,50.62135],[-96.37596,50.5966],[-96.33036,50.59655],[-96.33028,50.55318],[-96.21613,50.55313],[-96.21613,50.55511],[-96.19131,50.55515],[-96.19132,50.55731],[-96.18524,50.56195],[-96.1853,50.5699],[-96.20215,50.57334],[-96.21351,50.57191],[-96.21453,50.5726],[-96.21592,50.57399],[-96.21563,50.59181],[-96.07578,50.59194],[-96.07572,50.57128],[-95.94696,50.57063],[-95.94664,50.48364],[-95.53513,50.48316],[-95.53429,50.33783],[-95.60315,50.33796],[-95.60419,50.3214],[-95.60327,50.22199],[-95.63889,50.22197],[-95.63889,50.19298],[-95.82179,50.19265],[-95.82188,50.22146],[-95.81006,50.22149],[-95.8095,50.39601],[-96.07559,50.39643],[-96.07561,50.41503],[-96.35347,50.41509],[-96.35335,50.32673],[-96.4455,50.32628],[-96.44562,50.41514],[-96.53783,50.41528],[-96.5375,50.53295],[-96.58379,50.53295]]]}},{"type":"Feature","properties":{"name":"RM OF ALONSA","muni_no":"601","list_name":"ALONSA (RM)","region":"West & Parkland"},"geometry":{"type":"Polygon","coordinates":[[[-99.43365,51.44899],[-99.12173,51.44879],[-99.11714,51.43001],[-99.11799,51.42521],[-99.11379,51.41948],[-99.11507,51.41481],[-99.11414,51.41082],[-99.10682,51.40581],[-99.10891,51.40287],[-99.10764,51.3995],[-99.10989,51.39727],[-99.11054,51.39813],[-99.10865,51.4004],[-99.10934,51.40306],[-99.10854,51.4049],[-99.10986,51.40732],[-99.11237,51.40826],[-99.11021,51.40675],[-99.11203,51.40743],[-99.11465,51.40442],[-99.11476,51.39802],[-99.11723,51.39729],[-99.11514,51.39447],[-99.11622,51.39308],[-99.11428,51.39091],[-99.10943,51.39014],[-99.10852,51.38464],[-99.10261,51.38072],[-99.10747,51.37366],[-99.1077,51.3682],[-99.11049,51.36796],[-99.10964,51.36642],[-99.11196,51.36616],[-99.11743,51.36025],[-99.11604,51.35595],[-99.11753,51.35457],[-99.11666,51.35335],[-99.11456,51.35565],[-99.11303,51.3538],[-99.11092,51.34777],[-99.10863,51.34587],[-99.10985,51.34272],[-99.10229,51.34031],[-99.10076,51.33441],[-99.09793,51.33269],[-99.09989,51.32944],[-99.09824,51.32188],[-99.09527,51.32037],[-99.09657,51.32169],[-99.09524,51.32136],[-99.0942,51.32905],[-99.09204,51.32674],[-99.08264,51.30176],[-99.08016,51.30012],[-99.08296,51.29765],[-99.07996,51.28742],[-99.07768,51.28634],[-99.07796,51.28334],[-99.07257,51.28178],[-99.07224,51.27984],[-99.07431,51.2804],[-99.07444,51.27809],[-99.07309,51.27366],[-99.0665,51.26596],[-99.06621,51.26039],[-99.06613,51.26449],[-99.0642,51.2644],[-99.05937,51.2564],[-99.0598,51.25428],[-99.05789,51.25641],[-99.05576,51.25182],[-99.0576,51.25623],[-99.05756,51.25852],[-99.05574,51.25775],[-99.05669,51.25999],[-99.05403,51.26207],[-99.05259,51.25805],[-99.0513,51.25766],[-99.05263,51.25975],[-99.05125,51.26393],[-99.04914,51.26448],[-99.04759,51.26309],[-99.04595,51.2644],[-99.04709,51.26744],[-99.04598,51.26727],[-99.04665,51.27107],[-99.0455,51.27248],[-99.04848,51.27396],[-99.04869,51.2717],[-99.05043,51.27206],[-99.04995,51.27398],[-99.05351,51.27603],[-99.04989,51.27644],[-99.04624,51.27386],[-99.04366,51.27481],[-99.04171,51.2713],[-99.04201,51.27464],[-99.03875,51.27845],[-99.03957,51.28182],[-99.04297,51.2853],[-99.04812,51.28659],[-99.05205,51.29309],[-99.0473,51.29477],[-99.04611,51.3005],[-99.04231,51.3037],[-99.04107,51.30364],[-99.04221,51.30305],[-99.04045,51.30249],[-99.03545,51.2946],[-99.0374,51.27902],[-99.03498,51.27506],[-99.03205,51.27386],[-99.03281,51.27294],[-99.02707,51.27236],[-99.02953,51.26987],[-99.02666,51.25978],[-99.02269,51.25601],[-99.01948,51.25522],[-99.02102,51.25385],[-99.01612,51.24928],[-99.01744,51.2472],[-99.01292,51.24132],[-99.01386,51.24078],[-99.0118,51.23552],[-99.00937,51.23461],[-99.0064,51.23628],[-99.00259,51.23015],[-99.00148,51.22419],[-98.99589,51.22017],[-98.99661,51.21675],[-98.99504,51.2101],[-98.99109,51.20728],[-98.98994,51.20916],[-98.98861,51.20837],[-98.98686,51.20331],[-98.9812,51.20006],[-98.98057,51.19673],[-98.97725,51.19354],[-98.9744,51.19554],[-98.97009,51.1947],[-98.97159,51.19735],[-98.97026,51.19847],[-98.95843,51.19858],[-98.95896,51.19602],[-98.96138,51.19469],[-98.95996,51.19355],[-98.96079,51.19224],[-98.95757,51.19122],[-98.9581,51.18977],[-98.95586,51.18742],[-98.95568,51.18461],[-98.95321,51.18296],[-98.95149,51.17587],[-98.94937,51.17512],[-98.94923,51.17213],[-98.94676,51.17043],[-98.93637,51.17198],[-98.93471,51.17342],[-98.93561,51.17541],[-98.92823,51.17691],[-98.92792,51.18116],[-98.93331,51.18944],[-98.9359,51.18999],[-98.93475,51.19374],[-98.93673,51.20083],[-98.94097,51.21251],[-98.94439,51.21507],[-98.94345,51.2166],[-98.94906,51.21816],[-98.95193,51.21737],[-98.95142,51.21573],[-98.95992,51.22118],[-98.96079,51.22625],[-98.95602,51.2255],[-98.95497,51.23006],[-98.95143,51.23124],[-98.94651,51.22877],[-98.94287,51.22417],[-98.93875,51.22346],[-98.93192,51.22478],[-98.92681,51.22809],[-98.92658,51.23075],[-98.91906,51.22934],[-98.91997,51.23061],[-98.91405,51.23052],[-98.91178,51.23217],[-98.91277,51.23458],[-98.90897,51.23639],[-98.91023,51.24125],[-98.9149,51.24581],[-98.91248,51.24596],[-98.91223,51.24813],[-98.90909,51.24763],[-98.91034,51.25105],[-98.90859,51.25067],[-98.90724,51.25273],[-98.90278,51.25094],[-98.90544,51.25398],[-98.90197,51.25383],[-98.902,51.25546],[-98.89791,51.25612],[-98.8963,51.25462],[-98.88609,51.25587],[-98.88634,51.25302],[-98.88823,51.25139],[-98.88609,51.25071],[-98.8843,51.25282],[-98.88149,51.25302],[-98.88408,51.2547],[-98.88348,51.25685],[-98.87172,51.25489],[-98.87195,51.25734],[-98.86527,51.26021],[-98.86035,51.26647],[-98.85978,51.2694],[-98.86203,51.27241],[-98.85951,51.2735],[-98.85915,51.27638],[-98.85808,51.27729],[-98.8546,51.27342],[-98.84554,51.24821],[-98.84617,51.24485],[-98.85132,51.24496],[-98.85156,51.23224],[-98.84998,51.22858],[-98.84396,51.23055],[-98.84912,51.22631],[-98.8486,51.22356],[-98.85151,51.22273],[-98.85261,51.22067],[-98.85069,51.21939],[-98.85175,51.21784],[-98.84907,51.20548],[-98.85016,51.19953],[-98.84894,51.19418],[-98.85037,51.19084],[-98.85851,51.18393],[-98.85972,51.17673],[-98.86897,51.17337],[-98.8799,51.16548],[-98.87927,51.16263],[-98.8762,51.162],[-98.87899,51.1592],[-98.87502,51.15552],[-98.8762,51.15409],[-98.87469,51.15181],[-98.87654,51.15006],[-98.87478,51.1465],[-98.8715,51.14454],[-98.87347,51.14499],[-98.87287,51.14269],[-98.8713,51.14192],[-98.87092,51.14425],[-98.86811,51.14256],[-98.87089,51.14047],[-98.8661,51.13818],[-98.86688,51.13732],[-98.86353,51.13551],[-98.86057,51.13115],[-98.86182,51.13001],[-98.86074,51.12757],[-98.8619,51.12213],[-98.86651,51.11068],[-98.86351,51.10433],[-98.86452,51.10289],[-98.86348,51.09961],[-98.86971,51.0958],[-98.86906,51.08848],[-98.8642,51.08383],[-98.86856,51.08653],[-98.86753,51.08353],[-98.86901,51.08232],[-98.86648,51.07393],[-98.86553,51.07211],[-98.86228,51.07151],[-98.86269,51.07282],[-98.86007,51.07365],[-98.85885,51.07907],[-98.85676,51.08],[-98.85675,51.08223],[-98.85508,51.08231],[-98.85535,51.08493],[-98.8537,51.08521],[-98.85478,51.08858],[-98.85133,51.09312],[-98.84886,51.09344],[-98.84865,51.09653],[-98.84518,51.09791],[-98.84578,51.09932],[-98.84259,51.10138],[-98.83678,51.1021],[-98.8311,51.10021],[-98.82828,51.10135],[-98.82864,51.10267],[-98.8267,51.10252],[-98.82689,51.10503],[-98.82283,51.10654],[-98.82137,51.10874],[-98.82096,51.11251],[-98.82305,51.11422],[-98.82171,51.11368],[-98.82196,51.11724],[-98.8189,51.11565],[-98.8205,51.11227],[-98.81644,51.11007],[-98.81592,51.10662],[-98.79407,51.1077],[-98.78529,51.10376],[-98.78151,51.09811],[-98.78281,51.0941],[-98.78899,51.08731],[-98.78549,51.0849],[-98.78907,51.08586],[-98.78752,51.08466],[-98.78973,51.08536],[-98.80422,51.08195],[-98.82135,51.07479],[-98.82954,51.06475],[-98.83334,51.06415],[-98.83411,51.06247],[-98.83554,51.06285],[-98.83505,51.0618],[-98.84748,51.06305],[-98.84636,51.06225],[-98.84962,51.06203],[-98.84961,51.05995],[-98.85341,51.05902],[-98.85613,51.06083],[-98.85095,51.05495],[-98.85,51.05031],[-98.84302,51.04288],[-98.84602,51.03861],[-98.84544,51.03571],[-98.84748,51.03101],[-98.85109,51.02669],[-98.84793,51.01855],[-98.84356,51.01431],[-98.83934,51.0136],[-98.83622,51.0198],[-98.83132,51.02251],[-98.82615,51.01731],[-98.82615,51.01599],[-98.83426,51.01517],[-98.8381,51.01226],[-98.82437,50.99892],[-98.82487,50.99613],[-98.84075,51.0001],[-98.84644,50.99843],[-98.84855,50.99401],[-98.84518,50.98931],[-98.84394,50.99052],[-98.83917,50.99002],[-98.83547,50.98824],[-98.83353,50.97495],[-98.83661,50.97425],[-98.83942,50.97087],[-98.84065,50.97303],[-98.84759,50.97648],[-98.84618,50.97743],[-98.84877,50.98357],[-98.85565,50.98516],[-98.85871,50.98768],[-98.86042,50.99398],[-98.86606,50.9954],[-98.86898,50.99781],[-98.87119,51.00151],[-98.86426,51.00731],[-98.86648,51.01271],[-98.87098,51.01388],[-98.88244,51.0125],[-98.89028,51.01047],[-98.8944,51.00774],[-98.90744,51.0058],[-98.91237,51.00781],[-98.91587,51.01227],[-98.91244,51.02096],[-98.91911,51.02605],[-98.92884,51.02563],[-98.93128,51.02368],[-98.93911,51.02348],[-98.94467,51.02119],[-98.93851,51.02746],[-98.92527,51.02913],[-98.92438,51.02748],[-98.92026,51.02797],[-98.90968,51.03195],[-98.90217,51.03713],[-98.90236,51.0403],[-98.90612,51.04267],[-98.9076,51.04946],[-98.90617,51.05344],[-98.8953,51.06628],[-98.89308,51.0778],[-98.89842,51.08413],[-98.90983,51.0876],[-98.91903,51.08689],[-98.93028,51.08191],[-98.93496,51.08246],[-98.9378,51.08533],[-98.93729,51.08789],[-98.93989,51.09217],[-98.94258,51.09227],[-98.94489,51.09036],[-98.94456,51.09174],[-98.94708,51.09213],[-98.94331,51.09219],[-98.94366,51.09484],[-98.94209,51.09633],[-98.9453,51.09814],[-98.95008,51.09638],[-98.94705,51.09889],[-98.95331,51.10268],[-98.95317,51.10073],[-98.9595,51.1074],[-98.96267,51.10744],[-98.96622,51.11382],[-98.96928,51.10871],[-98.96558,51.10121],[-98.97436,51.10345],[-98.98129,51.10213],[-98.9698,51.11126],[-98.96813,51.11742],[-98.97622,51.12877],[-98.98606,51.15021],[-98.98748,51.15676],[-98.99053,51.15922],[-99.00216,51.1588],[-99.01221,51.15627],[-99.01527,51.15164],[-99.01598,51.14497],[-99.01949,51.14019],[-99.01976,51.13439],[-99.03018,51.12718],[-99.02813,51.11515],[-99.03053,51.11464],[-99.02994,51.11285],[-99.0323,51.11113],[-99.03367,51.11152],[-99.03189,51.11018],[-99.03078,51.1048],[-99.02861,51.10482],[-99.02459,51.10137],[-99.02516,51.10318],[-99.02319,51.10483],[-99.01953,51.09927],[-99.05478,51.09929],[-99.05458,51.0133],[-98.97961,51.0133],[-98.97959,51.02769],[-98.96506,51.02768],[-98.96061,51.02471],[-98.95139,51.02292],[-98.94799,51.01879],[-98.95482,51.01141],[-98.95023,51.00222],[-98.95105,50.99726],[-98.94774,50.99349],[-98.94395,50.99355],[-98.94381,50.99618],[-98.94208,50.997],[-98.94384,50.99793],[-98.94194,50.9976],[-98.94164,50.99939],[-98.93995,50.99914],[-98.94122,50.99722],[-98.9403,50.99613],[-98.9393,50.99576],[-98.93877,50.9979],[-98.93734,50.99724],[-98.93697,51.00449],[-98.93485,51.00539],[-98.9313,51.00374],[-98.9287,50.99983],[-98.931,50.99526],[-98.94482,50.98711],[-98.94694,50.98374],[-98.9471,50.97984],[-98.94121,50.9679],[-98.92829,50.95623],[-98.91139,50.95252],[-98.89718,50.95103],[-98.89408,50.95212],[-98.89182,50.95099],[-98.89377,50.94942],[-98.88299,50.95168],[-98.87645,50.95723],[-98.87886,50.96061],[-98.8784,50.96391],[-98.88789,50.97836],[-98.88674,50.98052],[-98.88376,50.98031],[-98.88058,50.98292],[-98.87486,50.98391],[-98.86896,50.9878],[-98.8561,50.97989],[-98.85499,50.97713],[-98.85757,50.97637],[-98.86172,50.98025],[-98.85896,50.97384],[-98.85378,50.97107],[-98.85022,50.97113],[-98.85171,50.9697],[-98.84993,50.96775],[-98.8491,50.97076],[-98.84308,50.96807],[-98.83786,50.96193],[-98.83913,50.95969],[-98.83748,50.95431],[-98.83882,50.95272],[-98.8498,50.95575],[-98.85312,50.95517],[-98.86045,50.94815],[-98.86752,50.94524],[-98.86983,50.94178],[-98.87046,50.93766],[-98.86254,50.92786],[-98.86212,50.9248],[-98.86522,50.9194],[-98.8617,50.90769],[-98.858,50.90451],[-98.86117,50.903],[-98.86173,50.89589],[-98.86751,50.8909],[-98.86238,50.87538],[-98.84856,50.87013],[-98.84306,50.86354],[-98.83764,50.86357],[-98.83873,50.86124],[-98.83569,50.85588],[-98.82675,50.85398],[-98.82317,50.85521],[-98.82288,50.85759],[-98.82002,50.85694],[-98.81465,50.84308],[-98.80919,50.83782],[-98.81044,50.83314],[-98.80944,50.82836],[-98.8005,50.82429],[-98.79689,50.81822],[-98.79138,50.81676],[-98.79258,50.81611],[-98.79151,50.81344],[-98.7844,50.81044],[-98.78419,50.80795],[-98.77603,50.79496],[-98.76245,50.78022],[-98.7392,50.77303],[-98.74059,50.7615],[-98.7387,50.75846],[-98.7293,50.75229],[-98.72603,50.74484],[-98.72143,50.74036],[-98.72052,50.73354],[-98.7169,50.73049],[-98.71853,50.71787],[-98.71412,50.70945],[-98.69672,50.68981],[-98.69636,50.68658],[-98.69073,50.67802],[-98.68204,50.67119],[-98.66549,50.66384],[-98.66673,50.66284],[-98.6653,50.66014],[-98.65433,50.6467],[-98.65037,50.63755],[-98.63437,50.6161],[-98.63672,50.60608],[-98.64393,50.59516],[-98.70661,50.59484],[-98.70687,50.50633],[-98.8465,50.50637],[-98.84636,50.565],[-98.98526,50.56468],[-98.98503,50.59462],[-98.99657,50.59462],[-98.99667,50.63873],[-99.27639,50.63896],[-99.27516,50.66859],[-99.27652,50.86],[-99.27605,50.94861],[-99.28987,50.9486],[-99.29032,51.03697],[-99.35998,51.03704],[-99.36026,51.12551],[-99.43048,51.12549],[-99.43072,51.30231],[-99.43369,51.30231],[-99.43422,51.31812],[-99.43365,51.44899]]]}},{"type":"Feature","properties":{"name":"TOWN OF ALTONA","muni_no":"400","list_name":"ALTONA (TOWN)","region":"South-Central / Central Plains"},"geometry":{"type":"Polygon","coordinates":[[[-97.55959,49.13268],[-97.55928,49.12567],[-97.54988,49.12568],[-97.54994,49.11094],[-97.54733,49.10687],[-97.54992,49.10004],[-97.54991,49.09377],[-97.56034,49.09494],[-97.56116,49.08853],[-97.57915,49.08861],[-97.57921,49.11814],[-97.57253,49.1181],[-97.57254,49.12564],[-97.55969,49.12567],[-97.55959,49.13268]]]}},{"type":"Feature","properties":{"name":"TOWN OF ARBORG","muni_no":"300","list_name":"ARBORG (TOWN)","region":"Interlake"},"geometry":{"type":"Polygon","coordinates":[[[-97.21702,50.90555],[-97.21741,50.90253],[-97.22758,50.9026],[-97.22774,50.91585],[-97.20487,50.91566],[-97.20473,50.90362],[-97.21324,50.90365],[-97.21702,50.90555]]]}},{"type":"Feature","properties":{"name":"RM OF ARGYLE","muni_no":"102","list_name":"ARGYLE (RM)","region":"South-Central / Central Plains"},"geometry":{"type":"Polygon","coordinates":[[[-99.06566,49.20654],[-99.17861,49.20687],[-99.1786,49.21757],[-99.19767,49.22178],[-99.24689,49.22166],[-99.24684,49.2295],[-99.25789,49.22947],[-99.25793,49.22162],[-99.35989,49.22202],[-99.36013,49.5329],[-99.08875,49.53222],[-99.08854,49.35486],[-98.95343,49.35446],[-98.95329,49.32481],[-98.96411,49.32499],[-98.96389,49.29549],[-98.97544,49.29549],[-98.97533,49.28062],[-98.99801,49.28057],[-98.99802,49.26579],[-99.00922,49.26577],[-99.00922,49.25093],[-99.02095,49.25095],[-99.02081,49.24367],[-99.00907,49.24368],[-99.00891,49.23617],[-99.02067,49.23611],[-99.02112,49.21384],[-99.06573,49.21415],[-99.06566,49.20654]]]}},{"type":"Feature","properties":{"name":"RM OF ARMSTRONG","muni_no":"602","list_name":"ARMSTRONG (RM)","region":"Interlake"},"geometry":{"type":"Polygon","coordinates":[[[-97.11484,50.5956],[-97.11448,50.50685],[-97.46016,50.50689],[-97.46005,50.41851],[-97.64504,50.41805],[-97.64556,50.477],[-97.66864,50.47696],[-97.66756,50.59495],[-97.73987,50.59497],[-97.73946,50.77184],[-97.87897,50.77198],[-97.87915,50.86043],[-97.11098,50.86072],[-97.11035,50.81642],[-97.11164,50.7726],[-97.1113,50.59559],[-97.11484,50.5956]]]}},{"type":"Feature","properties":{"name":"BADEN-NORTHERN AFFAIRS ACT","muni_no":"781","list_name":"BADEN (NORTHERN SETTLEMENT)","region":"North"},"geometry":{"type":"Polygon","coordinates":[[[-101.21226,52.78356],[-101.21224,52.77633],[-101.22417,52.77631],[-101.22419,52.78354],[-101.21226,52.78356]]]}},{"type":"Feature","properties":{"name":"BARROWS-NORTHERN AFFAIRS ACT","muni_no":"782","list_name":"BARROWS (NORTHERN COMMUNITY)","region":"North"},"geometry":{"type":"Polygon","coordinates":[[[-101.43008,52.84167],[-101.43005,52.8272],[-101.45394,52.82717],[-101.45397,52.84164],[-101.43008,52.84167]]]}},{"type":"Feature","properties":{"name":"TOWN OF BEAUSEJOUR","muni_no":"401","list_name":"BEAUSEJOUR (TOWN)","region":"Southeast"},"geometry":{"type":"Polygon","coordinates":[[[-96.49821,50.07635],[-96.49835,50.04712],[-96.50857,50.04714],[-96.50961,50.05078],[-96.52692,50.05082],[-96.52683,50.0649],[-96.5212,50.06616],[-96.52115,50.07638],[-96.49821,50.07635]]]}},{"type":"Feature","properties":{"name":"BERENS RIVER-NORTHERN AFFAIRS ACT","muni_no":"744","list_name":"BERENS RIVER (NORTHERN COMMUNITY)","region":"North"},"geometry":{"type":"MultiPolygon","coordinates":[[[[-97.04458,52.34557],[-97.03662,52.3466],[-97.03624,52.34449],[-97.03471,52.3444],[-97.03625,52.34174],[-97.03497,52.34086],[-97.03394,52.34299],[-97.02957,52.34217],[-97.02517,52.34349],[-97.02912,52.34473],[-97.02918,52.34604],[-97.02046,52.3448],[-97.01995,52.34621],[-97.0224,52.34737],[-97.02145,52.34862],[-97.00979,52.34719],[-97.00937,52.33278],[-97.03041,52.33277],[-97.03041,52.34],[-97.06768,52.34002],[-97.06737,52.34195],[-97.05587,52.34935],[-97.05336,52.3467],[-97.04887,52.34803],[-97.04458,52.34557]]],[[[-96.9961,52.36001],[-96.99223,52.35933],[-96.99222,52.34888],[-96.9961,52.34874],[-96.9961,52.36001]]],[[[-97.03289,52.35275],[-97.03388,52.35412],[-97.03153,52.355],[-97.03562,52.35729],[-97.0303,52.35803],[-97.03105,52.36025],[-97.03296,52.36049],[-97.02831,52.36065],[-97.0288,52.36235],[-97.00948,52.36235],[-97.01037,52.35598],[-97.02024,52.35528],[-97.0235,52.3513],[-97.02434,52.35305],[-97.02696,52.35175],[-97.03001,52.35335],[-97.03289,52.35275]]]]}},{"type":"Feature","properties":{"name":"MUNICIPALITY OF BIFROST-RIVERTON","muni_no":"105","list_name":"BIFROST-RIVERTON (MUNICIPALITY)","region":"Interlake"},"geometry":{"type":"Polygon","coordinates":[[[-97.46242,51.03809],[-97.39179,51.03811],[-97.39193,51.0676],[-97.36851,51.06759],[-97.36848,51.30307],[-96.92508,51.30298],[-96.93646,51.29834],[-96.93835,51.29553],[-96.93796,51.29314],[-96.94129,51.29227],[-96.9429,51.28991],[-96.9418,51.28543],[-96.94294,51.28299],[-96.95419,51.28071],[-96.95736,51.27862],[-96.95537,51.27524],[-96.9558,51.27634],[-96.95248,51.27724],[-96.95256,51.27518],[-96.9563,51.27463],[-96.96944,51.26451],[-96.97213,51.26124],[-96.97194,51.25743],[-96.97483,51.25475],[-96.97498,51.25178],[-96.98665,51.2462],[-96.9894,51.2414],[-96.99351,51.2398],[-96.99586,51.23221],[-97.00181,51.22944],[-97.00193,51.22243],[-97.00039,51.22177],[-97.00476,51.22032],[-97.00427,51.21874],[-97.00635,51.21899],[-97.0066,51.21642],[-97.00891,51.21441],[-97.00827,51.21211],[-97.00665,51.20912],[-97.00377,51.20782],[-97.00492,51.20904],[-97.0008,51.20861],[-97.00198,51.2104],[-97.00009,51.20962],[-96.99273,51.21302],[-96.99872,51.20974],[-96.99417,51.21005],[-96.99382,51.21138],[-96.99396,51.20938],[-97.00217,51.20724],[-97.00047,51.20589],[-96.99938,51.20768],[-96.99729,51.20641],[-96.99986,51.20311],[-96.99429,51.1994],[-96.99175,51.20401],[-96.98571,51.20109],[-96.98625,51.19639],[-96.98473,51.193],[-96.97333,51.1829],[-96.96463,51.18532],[-96.96449,51.18789],[-96.96585,51.18704],[-96.96375,51.19037],[-96.94864,51.19094],[-96.91958,51.19652],[-96.8985,51.20508],[-96.898,51.12644],[-96.85245,51.12604],[-96.8434,51.11678],[-96.8489,51.11262],[-96.84921,51.10864],[-96.85268,51.10996],[-96.85759,51.10891],[-96.85673,51.09966],[-96.85833,51.0993],[-96.85858,51.10193],[-96.86447,51.10578],[-96.86386,51.10318],[-96.8667,51.10354],[-96.86203,51.10073],[-96.86487,51.09303],[-96.85898,51.08259],[-96.8615,51.08035],[-96.86808,51.0788],[-96.86857,51.08037],[-96.8703,51.08026],[-96.87209,51.08491],[-96.88182,51.08677],[-96.89689,51.08502],[-96.90311,51.08669],[-96.907,51.08582],[-96.91041,51.08876],[-96.91138,51.0919],[-96.90649,51.09033],[-96.90901,51.09282],[-96.91157,51.09216],[-96.91478,51.09456],[-96.91497,51.09199],[-96.91712,51.09488],[-96.91952,51.09539],[-96.91674,51.09135],[-96.92045,51.09136],[-96.91796,51.08225],[-96.9197,51.07984],[-96.91815,51.07758],[-96.92133,51.07396],[-96.9278,51.07307],[-96.92981,51.07058],[-96.93003,51.06739],[-96.92722,51.06295],[-96.93281,51.06723],[-96.93958,51.06642],[-96.93974,51.05996],[-96.93778,51.05642],[-96.931,51.05505],[-96.94195,51.05617],[-96.94654,51.05928],[-96.94323,51.05582],[-96.95947,51.05223],[-96.96086,51.05389],[-96.96049,51.05109],[-96.96539,51.047],[-96.96396,51.04075],[-96.96605,51.04096],[-96.9655,51.03966],[-96.96372,51.04026],[-96.96264,51.03785],[-96.95781,51.03838],[-96.95759,51.03705],[-96.96009,51.03633],[-96.95934,51.03483],[-96.96417,51.03338],[-96.96752,51.03613],[-96.96882,51.0357],[-96.9643,51.03304],[-96.96521,51.03148],[-96.96275,51.03294],[-96.96177,51.0285],[-96.95854,51.02745],[-96.95803,51.01849],[-96.95443,51.01572],[-96.94828,51.00551],[-96.94556,51.004],[-96.9463,51.00185],[-96.94867,51.00161],[-96.94815,51.00065],[-96.94512,51.00244],[-96.94311,51.00173],[-96.93947,50.99661],[-96.92897,50.99241],[-96.91983,50.9959],[-96.91919,50.99837],[-96.91794,50.9989],[-96.91929,50.99604],[-96.93131,50.98901],[-96.92941,50.98685],[-96.93291,50.98217],[-96.9305,50.97652],[-96.93255,50.97383],[-96.9336,50.96653],[-96.95033,50.95038],[-96.9519,50.94676],[-96.95124,50.94227],[-96.95493,50.93614],[-96.9653,50.92469],[-96.98153,50.9128],[-96.98224,50.91098],[-96.98029,50.91061],[-96.98352,50.91088],[-96.98687,50.90755],[-96.99382,50.89266],[-96.99286,50.8793],[-96.98388,50.86466],[-96.97398,50.85652],[-96.95716,50.85076],[-96.94663,50.83776],[-96.94679,50.8312],[-96.9438,50.82555],[-96.9461,50.81955],[-96.94894,50.8169],[-97.11035,50.81642],[-97.11098,50.86072],[-97.46306,50.86052],[-97.46242,51.03809]],[[-97.21333,50.9037],[-97.20473,50.90362],[-97.20487,50.91566],[-97.22774,50.91585],[-97.22758,50.9026],[-97.21741,50.90253],[-97.21743,50.90576],[-97.21333,50.9037]]]}},{"type":"Feature","properties":{"name":"BISSETT-NORTHERN AFFAIRS ACT","muni_no":"746","list_name":"BISSETT (NORTHERN COMMUNITY)","region":"North"},"geometry":{"type":"Polygon","coordinates":[[[-95.63456,51.04549],[-95.63449,51.00187],[-95.7392,51.00183],[-95.73921,51.04158],[-95.73603,51.04079],[-95.73712,51.03821],[-95.73093,51.03869],[-95.72913,51.04179],[-95.73457,51.04325],[-95.73344,51.04545],[-95.63456,51.04549]]]}},{"type":"Feature","properties":{"name":"MUNICIPALITY OF BOISSEVAIN-MORTON","muni_no":"153","list_name":"BOISSEVAIN-MORTON (MUNICIPALITY)","region":"West & Parkland"},"geometry":{"type":"Polygon","coordinates":[[[-99.90156,49.35518],[-99.90157,49.17751],[-99.88473,49.17753],[-99.88534,48.99922],[-100.28895,48.99933],[-100.28754,49.17747],[-100.30811,49.1775],[-100.30808,49.35523],[-99.90156,49.35518]]]}},{"type":"Feature","properties":{"name":"CITY OF BRANDON","muni_no":"500","list_name":"BRANDON (CITY)","region":"West & Parkland"},"geometry":{"type":"MultiPolygon","coordinates":[[[[-99.91641,49.86804],[-99.92201,49.86757],[-99.92201,49.86574],[-99.92732,49.866],[-99.92732,49.86439],[-99.9164,49.86439],[-99.91641,49.86256],[-99.9213,49.8621],[-99.92134,49.85895],[-99.91728,49.86065],[-99.91332,49.85967],[-99.91049,49.85556],[-99.91266,49.85139],[-99.9114,49.84913],[-99.9028,49.84859],[-99.89806,49.85164],[-99.89621,49.85076],[-99.89482,49.84693],[-99.88808,49.85037],[-99.87522,49.84942],[-99.86764,49.85283],[-99.86276,49.85252],[-99.85976,49.84995],[-99.84851,49.84993],[-99.84851,49.85733],[-99.82564,49.85732],[-99.82524,49.82943],[-99.8178,49.82363],[-99.80994,49.82234],[-99.80606,49.81313],[-99.95048,49.81266],[-99.95048,49.81107],[-99.96232,49.8111],[-99.96261,49.80531],[-99.96655,49.80697],[-99.97331,49.807],[-99.97331,49.80535],[-99.9761,49.80536],[-99.97611,49.81262],[-99.99616,49.81268],[-99.9962,49.83863],[-100.00763,49.83869],[-100.00761,49.85269],[-100.00701,49.85549],[-100.00481,49.85549],[-100.00437,49.85161],[-99.99875,49.85284],[-99.99846,49.85633],[-99.99617,49.85659],[-99.99831,49.85735],[-99.99832,49.86039],[-99.99635,49.86058],[-99.99636,49.86429],[-99.98481,49.8636],[-99.98484,49.88672],[-99.96923,49.88673],[-99.96923,49.88829],[-99.95761,49.889],[-99.93476,49.88816],[-99.93477,49.88953],[-99.92926,49.88953],[-99.92612,49.88671],[-99.92762,49.88662],[-99.91641,49.87149],[-99.91641,49.86804]]],[[[-99.93522,49.91595],[-99.93519,49.90157],[-99.92919,49.90221],[-99.92939,49.90118],[-99.958,49.90127],[-99.958,49.90532],[-99.96924,49.90529],[-99.96923,49.90968],[-99.958,49.90972],[-99.95801,49.91597],[-99.93522,49.91595]]]]}},{"type":"Feature","properties":{"name":"MUNICIPALITY OF BRENDA-WASKADA","muni_no":"109","list_name":"BRENDA-WASKADA (MUNICIPALITY)","region":"West & Parkland"},"geometry":{"type":"Polygon","coordinates":[[[-100.57928,49.17751],[-100.55598,49.17748],[-100.556,48.99941],[-100.82447,48.99953],[-100.82458,49.17752],[-100.84992,49.17754],[-100.85014,49.35515],[-100.57924,49.35521],[-100.57928,49.17751]]]}},{"type":"Feature","properties":{"name":"BROCHET-NORTHERN AFFAIRS ACT","muni_no":"734","list_name":"BROCHET (NORTHERN COMMUNITY)","region":"North"},"geometry":{"type":"Polygon","coordinates":[[[-101.67086,57.89868],[-101.67059,57.88557],[-101.67406,57.8843],[-101.66682,57.88322],[-101.66629,57.88048],[-101.67504,57.87619],[-101.68104,57.87572],[-101.68403,57.87632],[-101.68419,57.87901],[-101.69152,57.88081],[-101.69215,57.88307],[-101.68988,57.88598],[-101.69184,57.8883],[-101.68828,57.89359],[-101.6892,57.89829],[-101.67086,57.89868]]]}},{"type":"Feature","properties":{"name":"RM OF BROKENHEAD","muni_no":"110","list_name":"BROKENHEAD (RM)","region":"Southeast"},"geometry":{"type":"Polygon","coordinates":[[[-96.70467,50.06226],[-96.70448,50.06971],[-96.7158,50.06974],[-96.7155,50.08992],[-96.71265,50.0899],[-96.71262,50.09174],[-96.70413,50.0917],[-96.70324,50.15058],[-96.68015,50.15052],[-96.68011,50.23934],[-96.62787,50.2392],[-96.62849,50.28355],[-96.60442,50.2815],[-96.35312,50.28261],[-96.35289,50.23835],[-96.36107,50.23835],[-96.35942,50.13525],[-96.36079,50.12032],[-96.36086,49.97287],[-96.63685,49.97311],[-96.63586,50.06179],[-96.70467,50.06226]],[[-96.52115,50.07638],[-96.5212,50.06616],[-96.52683,50.0649],[-96.52692,50.05082],[-96.50961,50.05078],[-96.50857,50.04714],[-96.49835,50.04712],[-96.49821,50.07635],[-96.52115,50.07638]]]}},{"type":"Feature","properties":{"name":"CAMPERVILLE-NORTHERN AFFAIRS ACT","muni_no":"783","list_name":"CAMPERVILLE (NORTHERN COMMUNITY)","region":"North"},"geometry":{"type":"Polygon","coordinates":[[[-100.15165,51.99676],[-100.1519,51.9985],[-100.14277,51.99848],[-100.14544,51.99274],[-100.1446,51.99096],[-100.14147,51.98838],[-100.13383,51.98838],[-100.13673,51.97965],[-100.13571,51.97568],[-100.13411,51.97472],[-100.12973,51.97609],[-100.1243,51.98281],[-100.1224,51.98006],[-100.1257,51.97453],[-100.12543,51.97128],[-100.18005,51.97119],[-100.17984,51.98788],[-100.19289,51.98789],[-100.19036,51.99668],[-100.15165,51.99676]]]}},{"type":"Feature","properties":{"name":"TOWN OF CARBERRY","muni_no":"407","list_name":"CARBERRY (TOWN)","region":"West & Parkland"},"geometry":{"type":"Polygon","coordinates":[[[-99.34939,49.87403],[-99.34944,49.87093],[-99.31486,49.87119],[-99.31483,49.86198],[-99.34602,49.86451],[-99.34608,49.86922],[-99.34942,49.8692],[-99.34935,49.8627],[-99.37066,49.86442],[-99.37066,49.86622],[-99.38226,49.86749],[-99.38226,49.87076],[-99.37507,49.87019],[-99.37504,49.87333],[-99.37066,49.87321],[-99.37065,49.88025],[-99.36052,49.88006],[-99.34939,49.87403]]]}},{"type":"Feature","properties":{"name":"TOWN OF CARMAN","muni_no":"409","list_name":"CARMAN (TOWN)","region":"South-Central / Central Plains"},"geometry":{"type":"Polygon","coordinates":[[[-97.99059,49.50281],[-97.99336,49.5028],[-97.99336,49.49876],[-98.00184,49.49874],[-98.00185,49.49512],[-98.01296,49.49511],[-98.01295,49.49981],[-98.01505,49.50124],[-98.01495,49.4998],[-98.01852,49.4998],[-98.01638,49.50132],[-98.01851,49.50203],[-98.01849,49.50866],[-98.02405,49.50985],[-98.02404,49.5146],[-98.02048,49.5171],[-97.99077,49.51717],[-97.99059,49.50281]]]}},{"type":"Feature","properties":{"name":"RM OF CARTIER","muni_no":"112","list_name":"CARTIER (RM)","region":"South-Central / Central Plains"},"geometry":{"type":"Polygon","coordinates":[[[-97.45432,49.80582],[-97.45926,49.80582],[-97.45926,49.79803],[-97.86917,49.79779],[-97.8689,49.88626],[-97.87283,49.88626],[-97.87228,50.02687],[-97.94145,50.0269],[-97.94137,50.01209],[-97.94985,50.01208],[-97.95012,50.04225],[-97.94255,50.0472],[-97.93331,50.04964],[-97.92883,50.04905],[-97.92896,50.04608],[-97.92626,50.04457],[-97.91604,50.04504],[-97.91222,50.04717],[-97.90827,50.05389],[-97.90512,50.05459],[-97.89116,50.04863],[-97.87171,50.04752],[-97.86956,50.04497],[-97.87008,50.04118],[-97.86803,50.04003],[-97.85775,50.04647],[-97.85691,50.03875],[-97.85378,50.0369],[-97.8494,50.04037],[-97.84724,50.04778],[-97.84261,50.04952],[-97.83924,50.04772],[-97.83884,50.04153],[-97.83711,50.03954],[-97.83192,50.03948],[-97.82819,50.0434],[-97.82531,50.04311],[-97.82658,50.04019],[-97.83528,50.03668],[-97.83692,50.03374],[-97.83336,50.03129],[-97.82159,50.0311],[-97.82157,50.02813],[-97.82914,50.0245],[-97.82993,50.02212],[-97.81928,50.01735],[-97.81535,50.01198],[-97.80803,50.01429],[-97.8125,50.00897],[-97.81175,50.00608],[-97.80627,50.00593],[-97.79682,50.01311],[-97.78918,50.01176],[-97.79093,50.00729],[-97.80137,50.00343],[-97.80201,50.00192],[-97.80024,50.0003],[-97.79392,49.99954],[-97.7807,50.00406],[-97.77551,50.00402],[-97.78261,50.0099],[-97.78145,50.01244],[-97.77811,50.01219],[-97.77205,50.00765],[-97.76735,50.00683],[-97.76332,50.00853],[-97.75611,50.01649],[-97.75279,50.015],[-97.75163,50.01039],[-97.74742,50.01017],[-97.74225,50.01438],[-97.74247,50.00969],[-97.74077,50.00744],[-97.73452,50.00508],[-97.73158,50.00603],[-97.7281,50.01042],[-97.72442,50.01038],[-97.72171,50.00659],[-97.72639,50.0012],[-97.72583,49.99859],[-97.72207,49.99818],[-97.71603,50.00161],[-97.71208,50.00181],[-97.70103,49.99718],[-97.69485,49.99629],[-97.69383,49.99266],[-97.68727,49.98626],[-97.68568,49.98224],[-97.68682,49.97894],[-97.68294,49.97465],[-97.67871,49.97345],[-97.66874,49.9742],[-97.66912,49.96908],[-97.66713,49.96701],[-97.67026,49.96494],[-97.6656,49.96146],[-97.67154,49.95926],[-97.6715,49.95807],[-97.65662,49.95559],[-97.65498,49.95319],[-97.65544,49.94923],[-97.65317,49.94971],[-97.65227,49.95147],[-97.65473,49.95961],[-97.66414,49.96267],[-97.66305,49.96567],[-97.65724,49.96779],[-97.65269,49.96492],[-97.65133,49.95681],[-97.64773,49.95349],[-97.6401,49.95183],[-97.62984,49.95349],[-97.62944,49.95163],[-97.63353,49.94945],[-97.63301,49.94791],[-97.62917,49.94833],[-97.62652,49.95285],[-97.61266,49.95332],[-97.61055,49.9489],[-97.61785,49.94793],[-97.61751,49.94513],[-97.61382,49.94465],[-97.60376,49.94819],[-97.60219,49.94628],[-97.60287,49.94346],[-97.60783,49.93982],[-97.60372,49.93779],[-97.59769,49.94021],[-97.59415,49.93901],[-97.59377,49.93508],[-97.60088,49.93358],[-97.60024,49.93169],[-97.58712,49.9316],[-97.58111,49.92281],[-97.57783,49.92043],[-97.55883,49.91871],[-97.55521,49.91352],[-97.55727,49.91022],[-97.55538,49.90694],[-97.55031,49.90573],[-97.54494,49.90796],[-97.54067,49.906],[-97.54051,49.9036],[-97.54969,49.90009],[-97.54965,49.89826],[-97.54517,49.89764],[-97.53729,49.90066],[-97.53073,49.90027],[-97.52901,49.89762],[-97.52949,49.89666],[-97.53636,49.89432],[-97.53666,49.89304],[-97.52884,49.88961],[-97.52119,49.8938],[-97.51879,49.89344],[-97.51672,49.88999],[-97.52145,49.88636],[-97.50918,49.88491],[-97.51046,49.88345],[-97.51827,49.88206],[-97.5122,49.87936],[-97.51111,49.87432],[-97.49973,49.8751],[-97.48994,49.87283],[-97.48926,49.86844],[-97.4935,49.86275],[-97.49723,49.86126],[-97.49641,49.85957],[-97.49176,49.85893],[-97.48767,49.86044],[-97.48578,49.8643],[-97.48559,49.87126],[-97.48212,49.8739],[-97.47786,49.87385],[-97.47257,49.87142],[-97.47198,49.86612],[-97.4703,49.86436],[-97.46207,49.8649],[-97.46025,49.86379],[-97.46215,49.86088],[-97.47572,49.86112],[-97.4761,49.85875],[-97.47245,49.85741],[-97.45725,49.86093],[-97.45511,49.86366],[-97.45837,49.86786],[-97.44986,49.87091],[-97.45432,49.80582]]]}},{"type":"Feature","properties":{"name":"CARTWRIGHT-ROBLIN MUNICIPALITY","muni_no":"167","list_name":"CARTWRIGHT-ROBLIN  (MUNICIPALITY)","region":"South-Central / Central Plains"},"geometry":{"type":"Polygon","coordinates":[[[-99.07733,49.17725],[-99.07769,49.08853],[-99.07532,48.99989],[-99.48157,48.99944],[-99.48148,49.17759],[-99.49537,49.17759],[-99.49558,49.26673],[-99.45041,49.26667],[-99.45021,49.24374],[-99.44769,49.24012],[-99.44242,49.23707],[-99.40491,49.23678],[-99.40493,49.22217],[-99.25793,49.22162],[-99.25789,49.22947],[-99.24684,49.2295],[-99.24689,49.22166],[-99.22422,49.22165],[-99.22427,49.21606],[-99.21348,49.21514],[-99.18986,49.20686],[-99.08852,49.20668],[-99.08824,49.1773],[-99.07733,49.17725]]]}},{"type":"Feature","properties":{"name":"TOWN OF CHURCHILL","muni_no":"603","list_name":"CHURCHILL (TOWN)","region":"North"},"geometry":{"type":"Polygon","coordinates":[[[-94.20425,58.79358],[-94.19718,58.78657],[-94.18435,58.78319],[-94.18334,58.78067],[-94.17792,58.77949],[-94.17819,58.77812],[-94.17356,58.77479],[-94.16667,58.77289],[-94.16006,58.77313],[-94.13782,58.76904],[-94.12198,58.76944],[-94.11583,58.76704],[-94.10973,58.76767],[-94.10811,58.76551],[-94.09486,58.76544],[-94.09345,58.76693],[-94.0827,58.7627],[-94.07582,58.76447],[-94.07103,58.76255],[-94.06019,58.76292],[-94.05799,58.76501],[-94.04529,58.7653],[-94.04189,58.76507],[-94.03902,58.76197],[-94.02866,58.76268],[-94.04049,58.75128],[-94.04709,58.70126],[-94.19036,58.69904],[-94.20717,58.71928],[-94.21019,58.72677],[-94.20845,58.73502],[-94.19744,58.74775],[-94.19517,58.7547],[-94.19831,58.76283],[-94.2108,58.77568],[-94.2128,58.78575],[-94.2113,58.79009],[-94.20425,58.79358]]]}},{"type":"Feature","properties":{"name":"MUNICIPALITY OF CLANWILLIAM-ERICKSON","muni_no":"114","list_name":"CLANWILLIAM-ERICKSON (MUNICIPALITY)","region":"West & Parkland"},"geometry":{"type":"Polygon","coordinates":[[[-99.95453,50.5944],[-99.67681,50.59465],[-99.67756,50.41734],[-99.95393,50.41728],[-99.95453,50.5944]]]}},{"type":"Feature","properties":{"name":"RM OF COLDWELL","muni_no":"115","list_name":"COLDWELL (RM)","region":"Interlake"},"geometry":{"type":"Polygon","coordinates":[[[-98.03877,50.50673],[-98.04314,50.50675],[-98.0508,50.51517],[-98.04956,50.51591],[-98.04986,50.51948],[-98.05384,50.52546],[-98.0619,50.52983],[-98.07463,50.53236],[-98.08273,50.53099],[-98.09252,50.52234],[-98.10585,50.52499],[-98.11187,50.52373],[-98.11606,50.52755],[-98.11861,50.52775],[-98.12047,50.53105],[-98.11839,50.53004],[-98.11694,50.53224],[-98.11774,50.53635],[-98.10929,50.53204],[-98.10868,50.53316],[-98.10444,50.53161],[-98.10167,50.52919],[-98.09608,50.52952],[-98.10344,50.53816],[-98.09843,50.53591],[-98.09202,50.53021],[-98.09925,50.53892],[-98.09871,50.54024],[-98.10663,50.54548],[-98.10299,50.54629],[-98.09712,50.54224],[-98.10104,50.54622],[-98.09836,50.54611],[-98.09819,50.54806],[-98.09704,50.54625],[-98.09427,50.5462],[-98.091,50.54057],[-98.08793,50.53984],[-98.0923,50.54347],[-98.08964,50.54201],[-98.09051,50.54533],[-98.10013,50.55091],[-98.09478,50.54885],[-98.09208,50.55048],[-98.08523,50.54136],[-98.08548,50.54318],[-98.08086,50.54112],[-98.08168,50.54189],[-98.07879,50.54328],[-98.07943,50.54542],[-98.06875,50.53796],[-98.06542,50.53726],[-98.0633,50.53434],[-98.06117,50.53411],[-98.06211,50.53719],[-98.05993,50.53717],[-98.06155,50.54034],[-98.0535,50.53414],[-98.05435,50.53575],[-98.05245,50.53567],[-98.05743,50.53838],[-98.0576,50.54066],[-98.06197,50.54158],[-98.06087,50.54331],[-98.06317,50.54524],[-98.06061,50.54503],[-98.06114,50.54643],[-98.06525,50.54776],[-98.06208,50.54812],[-98.07806,50.55983],[-98.07979,50.56181],[-98.07773,50.56315],[-98.08565,50.56761],[-98.08728,50.5715],[-98.09065,50.5734],[-98.09049,50.57505],[-98.09864,50.57809],[-98.10254,50.58297],[-98.10726,50.58432],[-98.11315,50.58945],[-98.11537,50.59033],[-98.11344,50.58882],[-98.11538,50.58851],[-98.11137,50.58757],[-98.11377,50.58719],[-98.11128,50.58717],[-98.10901,50.58427],[-98.10294,50.58262],[-98.10016,50.57834],[-98.09612,50.57682],[-98.09339,50.57132],[-98.08219,50.56157],[-98.09209,50.56754],[-98.09086,50.5681],[-98.0967,50.57276],[-98.10426,50.57581],[-98.10567,50.57855],[-98.10534,50.57744],[-98.10659,50.57778],[-98.1048,50.57567],[-98.09701,50.5721],[-98.09231,50.56713],[-98.08709,50.56301],[-98.09753,50.5662],[-98.09308,50.56299],[-98.0953,50.5614],[-98.09402,50.55903],[-98.10048,50.55823],[-98.10583,50.56278],[-98.10633,50.56376],[-98.10483,50.56392],[-98.10971,50.56974],[-98.11373,50.5713],[-98.10916,50.56851],[-98.10655,50.56252],[-98.11389,50.56892],[-98.11909,50.57201],[-98.11745,50.57084],[-98.11836,50.56724],[-98.11362,50.56244],[-98.11627,50.56238],[-98.11501,50.56121],[-98.1112,50.55885],[-98.11309,50.56201],[-98.10866,50.55891],[-98.10864,50.56121],[-98.10473,50.56092],[-98.09326,50.55007],[-98.09859,50.55164],[-98.09961,50.55385],[-98.10448,50.55618],[-98.09968,50.55119],[-98.10339,50.55071],[-98.11063,50.55401],[-98.11266,50.55258],[-98.10585,50.54627],[-98.107,50.54587],[-98.11253,50.5501],[-98.11058,50.54778],[-98.11646,50.55072],[-98.11468,50.55071],[-98.11873,50.55433],[-98.12135,50.55373],[-98.11524,50.54996],[-98.1188,50.54953],[-98.11944,50.54741],[-98.11659,50.54599],[-98.11864,50.54426],[-98.11489,50.53816],[-98.11884,50.53923],[-98.11916,50.54248],[-98.12353,50.54748],[-98.12492,50.55341],[-98.12069,50.56046],[-98.11953,50.56676],[-98.12487,50.57425],[-98.12214,50.58078],[-98.12387,50.58383],[-98.11931,50.58624],[-98.12496,50.59386],[-98.12796,50.60251],[-98.13312,50.60652],[-98.13073,50.60683],[-98.11816,50.59719],[-98.11316,50.59483],[-98.12974,50.60734],[-98.13087,50.61225],[-98.13512,50.61609],[-98.13207,50.61719],[-98.13445,50.61928],[-98.13019,50.62036],[-98.12462,50.61486],[-98.12506,50.61661],[-98.13593,50.62642],[-98.13813,50.62593],[-98.14386,50.63388],[-98.1541,50.64159],[-98.15664,50.64126],[-98.16372,50.64599],[-98.16157,50.64308],[-98.15497,50.63971],[-98.15704,50.63845],[-98.16055,50.64048],[-98.16537,50.63909],[-98.17646,50.64487],[-98.18712,50.65511],[-98.19891,50.66179],[-98.2048,50.6687],[-98.20337,50.6689],[-98.20519,50.67024],[-98.2038,50.67124],[-98.20805,50.67337],[-98.20531,50.67404],[-98.20621,50.67609],[-98.21618,50.67486],[-98.22107,50.67815],[-98.22301,50.68655],[-98.23031,50.69622],[-98.23073,50.70082],[-98.23492,50.70438],[-98.23477,50.70684],[-98.23709,50.70981],[-98.25065,50.71082],[-98.25804,50.71547],[-98.25344,50.70878],[-98.25574,50.70939],[-98.25614,50.70745],[-98.25342,50.70661],[-98.25291,50.708],[-98.25057,50.70576],[-98.24495,50.70462],[-98.24809,50.70309],[-98.26596,50.70674],[-98.26532,50.70831],[-98.27756,50.72594],[-98.28562,50.72944],[-98.2892,50.72787],[-98.29101,50.72975],[-98.29132,50.73121],[-98.28803,50.73181],[-98.28871,50.7331],[-98.2861,50.73339],[-98.27921,50.73986],[-98.28134,50.74752],[-98.28648,50.75021],[-98.29636,50.74837],[-98.30314,50.74942],[-98.29517,50.75233],[-98.29926,50.75985],[-98.29742,50.75946],[-98.2974,50.76385],[-98.30448,50.76636],[-98.30211,50.76783],[-98.30435,50.76785],[-98.30391,50.7693],[-98.30522,50.76847],[-98.30484,50.77111],[-98.30556,50.76975],[-98.30758,50.7705],[-98.3055,50.7695],[-98.30718,50.76883],[-98.30565,50.76667],[-98.30815,50.76676],[-98.30646,50.76666],[-98.30499,50.7638],[-98.32271,50.765],[-98.32994,50.76265],[-98.33417,50.75628],[-98.33291,50.74783],[-98.33603,50.74886],[-98.34161,50.75661],[-98.34013,50.75748],[-98.34097,50.76032],[-98.33635,50.76443],[-98.33549,50.77108],[-97.73946,50.77184],[-97.73987,50.59497],[-97.73751,50.59494],[-97.73697,50.50664],[-97.98766,50.50655],[-98.00122,50.51842],[-98.03877,50.50673]]]}},{"type":"Feature","properties":{"name":"CORMORANT-NORTHERN AFFAIRS ACT","muni_no":"784","list_name":"CORMORANT (NORTHERN COMMUNITY)","region":"North"},"geometry":{"type":"MultiPolygon","coordinates":[[[[-100.62724,54.22714],[-100.6198,54.22671],[-100.61781,54.22214],[-100.62522,54.21597],[-100.62249,54.21431],[-100.6122,54.21947],[-100.60487,54.21755],[-100.59541,54.22064],[-100.59011,54.21928],[-100.57748,54.22045],[-100.57214,54.21929],[-100.5605,54.22126],[-100.5624,54.21826],[-100.56094,54.21666],[-100.55789,54.21578],[-100.55235,54.21724],[-100.54942,54.21602],[-100.56991,54.20996],[-100.61117,54.20993],[-100.61114,54.19545],[-100.67652,54.19534],[-100.67481,54.1977],[-100.67145,54.19799],[-100.67089,54.19899],[-100.67278,54.19967],[-100.67074,54.20122],[-100.65845,54.20416],[-100.62996,54.21827],[-100.6275,54.22283],[-100.62743,54.22647],[-100.63534,54.22759],[-100.63603,54.2294],[-100.64312,54.23192],[-100.64323,54.23353],[-100.63646,54.23267],[-100.6362,54.23047],[-100.62724,54.22714]]],[[[-100.54783,54.23784],[-100.54912,54.23954],[-100.55999,54.2413],[-100.55507,54.24436],[-100.56808,54.24009],[-100.57289,54.24013],[-100.57417,54.23817],[-100.58505,54.23651],[-100.581,54.23257],[-100.5808,54.22717],[-100.59013,54.2253],[-100.59059,54.22331],[-100.59698,54.22348],[-100.60301,54.22086],[-100.60534,54.22136],[-100.6031,54.22275],[-100.60604,54.22297],[-100.60626,54.22505],[-100.60251,54.22885],[-100.60591,54.23174],[-100.60444,54.23357],[-100.60871,54.23756],[-100.61801,54.23838],[-100.61768,54.23554],[-100.62598,54.23069],[-100.62777,54.23082],[-100.62798,54.23271],[-100.63394,54.23422],[-100.63063,54.2379],[-100.62391,54.2394],[-100.62295,54.24282],[-100.56897,54.24269],[-100.55714,54.24652],[-100.53602,54.24657],[-100.53592,54.23234],[-100.54469,54.23107],[-100.54928,54.23298],[-100.54783,54.23784]]]]}},{"type":"Feature","properties":{"name":"RM OF CORNWALLIS","muni_no":"116","list_name":"CORNWALLIS (RM)","region":"West & Parkland"},"geometry":{"type":"Polygon","coordinates":[[[-100.05299,49.70938],[-100.05391,49.88675],[-99.98484,49.88672],[-99.98481,49.8636],[-99.99636,49.86429],[-99.99635,49.86058],[-99.99832,49.86039],[-99.99831,49.85735],[-99.99617,49.85659],[-99.99846,49.85633],[-99.99875,49.85284],[-100.00437,49.85161],[-100.00481,49.85549],[-100.00701,49.85549],[-100.00763,49.83869],[-99.9962,49.83863],[-99.99616,49.81268],[-99.97611,49.81262],[-99.9761,49.80536],[-99.97331,49.80535],[-99.97331,49.807],[-99.96655,49.80697],[-99.96261,49.80531],[-99.96232,49.8111],[-99.95048,49.81107],[-99.95048,49.81266],[-99.80606,49.81313],[-99.80994,49.82234],[-99.8178,49.82363],[-99.82524,49.82943],[-99.82564,49.85732],[-99.84851,49.85733],[-99.84851,49.84993],[-99.85976,49.84995],[-99.86276,49.85252],[-99.86764,49.85283],[-99.87522,49.84942],[-99.88808,49.85037],[-99.89482,49.84693],[-99.89621,49.85076],[-99.89806,49.85164],[-99.9028,49.84859],[-99.9114,49.84913],[-99.91266,49.85139],[-99.91049,49.85556],[-99.91332,49.85967],[-99.91728,49.86065],[-99.92134,49.85895],[-99.9213,49.8621],[-99.91641,49.86256],[-99.9164,49.86439],[-99.92732,49.86439],[-99.92732,49.866],[-99.92201,49.86574],[-99.92201,49.86757],[-99.91641,49.86804],[-99.91641,49.87149],[-99.92752,49.88671],[-99.64375,49.88662],[-99.64385,49.70932],[-100.05299,49.70938]]]}},{"type":"Feature","properties":{"name":"CRANE RIVER-NORTHERN AFFAIRS ACT","muni_no":"727","list_name":"CRANE RIVER (NORTHERN COMMUNITY)","region":"North"},"geometry":{"type":"Polygon","coordinates":[[[-99.27755,51.58177],[-99.27483,51.58144],[-99.27576,51.57516],[-99.28614,51.56626],[-99.28673,51.56354],[-99.29284,51.56796],[-99.29686,51.56763],[-99.2973,51.55652],[-99.29517,51.55103],[-99.29095,51.54612],[-99.29101,51.54352],[-99.28772,51.54439],[-99.28828,51.542],[-99.28581,51.54109],[-99.28865,51.53897],[-99.28621,51.53738],[-99.27984,51.53727],[-99.28015,51.54054],[-99.27969,51.54486],[-99.28219,51.54696],[-99.28123,51.55251],[-99.28309,51.55617],[-99.27965,51.5573],[-99.27866,51.56164],[-99.27585,51.55373],[-99.27835,51.55229],[-99.27996,51.54164],[-99.2752,51.53283],[-99.2715,51.53045],[-99.26982,51.5325],[-99.2712,51.5341],[-99.27107,51.54162],[-99.26802,51.54142],[-99.26591,51.53928],[-99.26377,51.54129],[-99.25857,51.53779],[-99.26397,51.53061],[-99.26372,51.5328],[-99.26706,51.53361],[-99.26993,51.52994],[-99.27368,51.53],[-99.27488,51.52802],[-99.27345,51.52435],[-99.27068,51.52526],[-99.26923,51.5242],[-99.26974,51.51803],[-99.26597,51.51034],[-99.26747,51.50854],[-99.26693,51.50585],[-99.26931,51.50643],[-99.26457,51.50379],[-99.26424,51.50003],[-99.31629,51.50001],[-99.31644,51.52172],[-99.33989,51.52175],[-99.33992,51.53644],[-99.31647,51.53636],[-99.3163,51.58003],[-99.29668,51.58006],[-99.29658,51.57763],[-99.29417,51.57562],[-99.29059,51.58169],[-99.2835,51.58517],[-99.28165,51.58574],[-99.27755,51.58177]]]}},{"type":"Feature","properties":{"name":"INCORPORATED COMMUNITY OF CROSS LAKE","muni_no":"707","list_name":"CROSS LAKE (NORTHERN COMMUNITY)","region":"North"},"geometry":{"type":"MultiPolygon","coordinates":[[[[-97.76802,54.60462],[-97.77428,54.60465],[-97.77159,54.60569],[-97.7681,54.61138],[-97.74551,54.61898],[-97.75142,54.61344],[-97.768,54.6062],[-97.76802,54.60462]]],[[[-97.72984,54.60967],[-97.73503,54.61132],[-97.73499,54.6126],[-97.72694,54.61783],[-97.72359,54.61712],[-97.7235,54.61854],[-97.72002,54.61882],[-97.72053,54.62108],[-97.71896,54.62333],[-97.70705,54.63016],[-97.70877,54.63347],[-97.71476,54.63613],[-97.73889,54.62041],[-97.73965,54.64263],[-97.68936,54.64259],[-97.68916,54.60265],[-97.73963,54.60262],[-97.73966,54.61106],[-97.73736,54.61081],[-97.73811,54.60814],[-97.72984,54.60967]]],[[[-97.78451,54.62276],[-97.7826,54.62656],[-97.78357,54.63062],[-97.78034,54.63063],[-97.78043,54.62401],[-97.77888,54.624],[-97.77855,54.63842],[-97.7649,54.63847],[-97.7648,54.6171],[-97.77428,54.6171],[-97.77742,54.6193],[-97.77732,54.62104],[-97.782,54.62008],[-97.78233,54.62261],[-97.78451,54.62276]]]]}},{"type":"Feature","properties":{"name":"DALLAS/RED ROSE-NORTHERN AFFAIRS ACT","muni_no":"747","list_name":"DALLAS/RED ROSE (NORTHERN COMMUNITY)","region":"North"},"geometry":{"type":"Polygon","coordinates":[[[-97.32177,51.30323],[-97.46308,51.30315],[-97.46224,51.39174],[-97.50908,51.39178],[-97.50897,51.41355],[-97.55552,51.41349],[-97.55564,51.39174],[-97.60332,51.39172],[-97.60345,51.5374],[-97.39172,51.53712],[-97.39194,51.45305],[-97.41929,51.45266],[-97.41902,51.43302],[-97.46518,51.43286],[-97.46434,51.40353],[-97.4175,51.404],[-97.41748,51.41247],[-97.32181,51.41223],[-97.32177,51.30323]]]}},{"type":"Feature","properties":{"name":"CITY OF DAUPHIN","muni_no":"411","list_name":"DAUPHIN (CITY)","region":"West & Parkland"},"geometry":{"type":"Polygon","coordinates":[[[-100.05201,51.16666],[-100.05167,51.16882],[-100.05289,51.16754],[-100.05509,51.16844],[-100.05397,51.16988],[-100.04011,51.16988],[-100.03967,51.16319],[-100.02769,51.1632],[-100.02815,51.15488],[-100.01664,51.15489],[-100.0166,51.13335],[-100.0281,51.13883],[-100.02809,51.13743],[-100.05729,51.13741],[-100.05728,51.12538],[-100.0692,51.12537],[-100.06922,51.13741],[-100.07498,51.13741],[-100.07506,51.16237],[-100.06311,51.16238],[-100.0631,51.1564],[-100.05414,51.15514],[-100.05265,51.15736],[-100.05548,51.1592],[-100.05159,51.15898],[-100.05277,51.16102],[-100.05179,51.16247],[-100.05521,51.1626],[-100.05161,51.16523],[-100.05558,51.16626],[-100.05201,51.16666]]]}},{"type":"Feature","properties":{"name":"RM OF DAUPHIN","muni_no":"118","list_name":"DAUPHIN (RM)","region":"West & Parkland"},"geometry":{"type":"Polygon","coordinates":[[[-99.92965,51.44849],[-99.94304,51.44231],[-99.94818,51.43714],[-99.95133,51.43744],[-99.95084,51.43851],[-99.95759,51.438],[-99.96691,51.43348],[-99.96969,51.43022],[-99.97068,51.4278],[-99.96857,51.42603],[-99.97324,51.42535],[-99.97129,51.42182],[-99.96628,51.41903],[-99.96605,51.41693],[-99.96674,51.41579],[-99.96881,51.41717],[-99.97187,51.41428],[-99.96884,51.41152],[-99.96943,51.40896],[-99.96529,51.40561],[-99.96998,51.40202],[-99.97201,51.39579],[-99.95873,51.38987],[-99.95756,51.38299],[-99.95359,51.37881],[-99.95403,51.37154],[-99.94707,51.36545],[-99.9476,51.35873],[-99.94989,51.3559],[-99.94814,51.34986],[-99.93784,51.34781],[-99.92883,51.34785],[-99.9272,51.34918],[-99.92388,51.34793],[-99.92285,51.35285],[-99.91353,51.35824],[-99.90882,51.35818],[-99.90885,51.35576],[-99.90513,51.35042],[-99.90347,51.3401],[-99.90714,51.33619],[-99.91684,51.33198],[-99.91573,51.33162],[-99.91422,51.31461],[-99.91637,51.30734],[-99.9124,51.29989],[-99.90101,51.29656],[-99.89994,51.29122],[-99.8957,51.28689],[-99.88792,51.28444],[-99.87825,51.28474],[-99.88018,51.27794],[-99.87973,51.27365],[-99.87204,51.27093],[-99.87131,51.2609],[-99.86843,51.25362],[-99.84996,51.24969],[-99.85417,51.24278],[-99.85393,51.23449],[-99.85792,51.22748],[-99.8587,51.22204],[-99.85679,51.21844],[-99.851,51.21484],[-99.84838,51.20846],[-99.84814,51.20215],[-99.85038,51.19529],[-99.8433,51.19165],[-99.84263,51.18982],[-99.83975,51.18972],[-99.8355,51.18171],[-99.83774,51.1743],[-99.84919,51.1595],[-99.84544,51.15506],[-99.85239,51.15477],[-99.85269,50.94853],[-100.27405,50.94832],[-100.27409,51.22854],[-100.27458,51.30226],[-100.27523,51.30276],[-100.27614,51.36168],[-100.2759,51.44872],[-99.92965,51.44849]],[[-100.05201,51.16666],[-100.05558,51.16626],[-100.05161,51.16523],[-100.05521,51.1626],[-100.05179,51.16247],[-100.05277,51.16102],[-100.05159,51.15898],[-100.05548,51.1592],[-100.05265,51.15736],[-100.05414,51.15514],[-100.0631,51.1564],[-100.06311,51.16238],[-100.07506,51.16237],[-100.07498,51.13741],[-100.06922,51.13741],[-100.0692,51.12537],[-100.05728,51.12538],[-100.05729,51.13741],[-100.02809,51.13743],[-100.0281,51.13883],[-100.0166,51.13335],[-100.01664,51.15489],[-100.02815,51.15488],[-100.02769,51.1632],[-100.03967,51.16319],[-100.04011,51.16988],[-100.05397,51.16988],[-100.05509,51.16844],[-100.05289,51.16754],[-100.05167,51.16882],[-100.05201,51.16666]]]}},{"type":"Feature","properties":{"name":"DAUPHIN RIVER-NORTHERN AFFAIRS ACT","muni_no":"748","list_name":"DAUPHIN RIVER (NORTHERN COMMUNITY)","region":"North"},"geometry":{"type":"Polygon","coordinates":[[[-98.06842,51.95151],[-98.08683,51.94282],[-98.10472,51.94082],[-98.10453,51.94493],[-98.09841,51.94495],[-98.09841,51.94764],[-98.08286,51.94754],[-98.07231,51.95577],[-98.06837,51.95578],[-98.06842,51.95151]]]}},{"type":"Feature","properties":{"name":"DAWSON BAY-NORTHERN AFFAIRS ACT","muni_no":"785","list_name":"DAWSON BAY (NORTHERN COMMUNITY)","region":"North"},"geometry":{"type":"Polygon","coordinates":[[[-100.97398,52.98512],[-100.96511,52.98556],[-100.97262,52.9834],[-100.96623,52.98022],[-100.97918,52.97261],[-100.99478,52.97245],[-100.99481,52.98009],[-100.98272,52.9801],[-100.98265,52.98735],[-100.974,52.98735],[-100.97398,52.98512]]]}},{"type":"Feature","properties":{"name":"RM OF DE SALABERRY","muni_no":"119","list_name":"DE SALABERRY (RM)","region":"Southeast"},"geometry":{"type":"Polygon","coordinates":[[[-97.18808,49.48767],[-97.18301,49.4877],[-97.18296,49.50252],[-97.1774,49.50253],[-97.1774,49.52492],[-97.16593,49.52489],[-97.16595,49.5285],[-97.16038,49.52851],[-97.1604,49.53199],[-96.91726,49.53183],[-96.91715,49.35477],[-96.78157,49.35489],[-96.78147,49.26625],[-97.18822,49.26606],[-97.18808,49.48767]],[[-96.99651,49.44664],[-96.99648,49.44237],[-96.99925,49.44236],[-96.99917,49.43362],[-96.97394,49.43366],[-96.97397,49.44661],[-96.99651,49.44664]]]}},{"type":"Feature","properties":{"name":"MUNICIPALITY OF DELORAINE-WINCHESTER","muni_no":"205","list_name":"DELORAINE-WINCHESTER (MUNICIPALITY)","region":"West & Parkland"},"geometry":{"type":"Polygon","coordinates":[[[-100.28754,49.17747],[-100.28895,48.99933],[-100.556,48.99941],[-100.55598,49.17748],[-100.57928,49.17751],[-100.57924,49.35521],[-100.30808,49.35523],[-100.30811,49.1775],[-100.28754,49.17747]]]}},{"type":"Feature","properties":{"name":"DUCK BAY-NORTHERN AFFAIRS ACT","muni_no":"786","list_name":"DUCK BAY (NORTHERN COMMUNITY)","region":"North"},"geometry":{"type":"Polygon","coordinates":[[[-100.1395,52.18351],[-100.14271,52.18178],[-100.15242,52.1707],[-100.15717,52.16738],[-100.15591,52.16387],[-100.15357,52.16279],[-100.14866,52.16483],[-100.14452,52.16204],[-100.13884,52.1628],[-100.14147,52.15674],[-100.14565,52.15244],[-100.14347,52.14887],[-100.14467,52.14492],[-100.1564,52.13386],[-100.15247,52.13054],[-100.1489,52.13314],[-100.14861,52.13077],[-100.15157,52.12501],[-100.14662,52.12196],[-100.15438,52.11427],[-100.17817,52.11425],[-100.17746,52.12334],[-100.18001,52.12257],[-100.17998,52.15475],[-100.17546,52.15479],[-100.16997,52.16121],[-100.16685,52.1619],[-100.16192,52.17111],[-100.15428,52.17409],[-100.1482,52.18303],[-100.14217,52.18213],[-100.1395,52.18351]]]}},{"type":"Feature","properties":{"name":"RM OF DUFFERIN","muni_no":"120","list_name":"DUFFERIN (RM)","region":"South-Central / Central Plains"},"geometry":{"type":"Polygon","coordinates":[[[-97.73079,49.4436],[-98.27328,49.44332],[-98.27335,49.48737],[-98.4098,49.4872],[-98.41017,49.53158],[-98.41475,49.53157],[-98.41486,49.62091],[-97.73261,49.62087],[-97.7317,49.53227],[-97.73085,49.53227],[-97.73079,49.4436]],[[-98.02404,49.5146],[-98.02405,49.50985],[-98.01849,49.50866],[-98.01851,49.50203],[-98.01638,49.50132],[-98.01852,49.4998],[-98.01495,49.4998],[-98.01505,49.50124],[-98.01295,49.49981],[-98.01296,49.49511],[-98.00185,49.49512],[-98.00184,49.49874],[-97.99336,49.49876],[-97.99336,49.5028],[-97.99059,49.50281],[-97.99077,49.51717],[-98.02048,49.5171],[-98.02404,49.5146]]]}},{"type":"Feature","properties":{"name":"VILLAGE OF DUNNOTTAR","muni_no":"311","list_name":"DUNNOTTAR (VILLAGE)","region":"Interlake"},"geometry":{"type":"Polygon","coordinates":[[[-96.95722,50.47685],[-96.94961,50.47818],[-96.94571,50.47433],[-96.95247,50.47169],[-96.95092,50.46642],[-96.95182,50.46291],[-96.95019,50.45971],[-96.95168,50.45764],[-96.94962,50.45451],[-96.94945,50.45061],[-96.95154,50.44642],[-96.95523,50.44384],[-96.94925,50.43091],[-96.94566,50.42926],[-96.95692,50.42863],[-96.95434,50.4365],[-96.95664,50.43651],[-96.95664,50.44],[-96.96335,50.44002],[-96.96331,50.45481],[-96.95529,50.45481],[-96.95587,50.44742],[-96.95461,50.45792],[-96.95722,50.47685]]]}},{"type":"Feature","properties":{"name":"RM OF EAST ST. PAUL","muni_no":"121","list_name":"EAST ST PAUL (RM)","region":"Winnipeg"},"geometry":{"type":"Polygon","coordinates":[[[-96.99729,49.93025],[-97.07031,49.96275],[-97.06626,49.96701],[-97.05981,49.97862],[-97.05228,49.98427],[-97.04981,49.99024],[-97.04174,49.99336],[-97.0399,49.99552],[-97.04303,50.01929],[-97.03784,50.02194],[-97.03235,50.02862],[-96.95697,49.99468],[-96.95668,49.98913],[-96.96272,49.98918],[-96.96192,49.97445],[-96.99036,49.97471],[-96.99049,49.96745],[-97.0017,49.96752],[-97.00207,49.94497],[-96.99045,49.94494],[-96.99064,49.93436],[-96.99667,49.93441],[-96.99729,49.93025]]]}},{"type":"Feature","properties":{"name":"EASTERVILLE-NORTHERN AFFAIRS ACT","muni_no":"736","list_name":"EASTERVILLE (NORTHERN COMMUNITY)","region":"North"},"geometry":{"type":"Polygon","coordinates":[[[-99.82202,53.10843],[-99.82007,53.10703],[-99.81482,53.10776],[-99.81317,53.10475],[-99.79371,53.08946],[-99.82383,53.08953],[-99.82386,53.10393],[-99.83012,53.10395],[-99.83026,53.10856],[-99.82601,53.10892],[-99.82645,53.10763],[-99.82437,53.1071],[-99.82202,53.10843]]]}},{"type":"Feature","properties":{"name":"RM OF ELLICE-ARCHIE","muni_no":"101","list_name":"ELLICE-ARCHIE (RM)","region":"West & Parkland"},"geometry":{"type":"Polygon","coordinates":[[[-101.44731,50.0636],[-101.44717,50.24054],[-101.47674,50.24051],[-101.477,50.59426],[-101.20041,50.59421],[-101.20004,50.24065],[-101.17289,50.24064],[-101.17268,50.06354],[-101.44731,50.0636]]]}},{"type":"Feature","properties":{"name":"RM OF ELTON","muni_no":"124","list_name":"ELTON (RM)","region":"West & Parkland"},"geometry":{"type":"Polygon","coordinates":[[[-99.92612,49.88671],[-99.92926,49.88953],[-99.93477,49.88953],[-99.93476,49.88816],[-99.96168,49.88888],[-99.96923,49.88829],[-99.96923,49.88673],[-100.07269,49.88674],[-100.07281,50.0635],[-99.66041,50.06342],[-99.66042,49.88666],[-99.92612,49.88671]],[[-99.92939,49.90118],[-99.92919,49.90221],[-99.93519,49.90157],[-99.93522,49.91595],[-99.95801,49.91597],[-99.958,49.90972],[-99.96923,49.90968],[-99.96924,49.90529],[-99.958,49.90532],[-99.958,49.90127],[-99.92939,49.90118]]]}},{"type":"Feature","properties":{"name":"MUNICIPALITY OF EMERSON-FRANKLIN","muni_no":"127","list_name":"EMERSON-FRANKLIN (MUNICIPALITY)","region":"Southeast"},"geometry":{"type":"Polygon","coordinates":[[[-97.27847,49.26579],[-96.78147,49.26625],[-96.7813,49.17788],[-96.78614,49.17787],[-96.78638,49.0002],[-97.25751,49.00047],[-97.25764,49.03749],[-97.22406,49.03746],[-97.22409,49.03203],[-97.20224,49.032],[-97.199,49.03021],[-97.1957,49.03283],[-97.18759,49.03515],[-97.18858,49.03721],[-97.1966,49.04015],[-97.19511,49.04258],[-97.18805,49.04644],[-97.18738,49.04864],[-97.18906,49.05041],[-97.1973,49.05129],[-97.20002,49.05328],[-97.19879,49.06299],[-97.20548,49.0683],[-97.20327,49.07328],[-97.20843,49.07514],[-97.21899,49.07441],[-97.21868,49.07662],[-97.21399,49.07948],[-97.21307,49.08271],[-97.21589,49.0961],[-97.22525,49.09895],[-97.2214,49.10374],[-97.22494,49.10424],[-97.234,49.10034],[-97.23964,49.10274],[-97.23991,49.10835],[-97.24285,49.11534],[-97.23453,49.11894],[-97.23433,49.1222],[-97.24649,49.12459],[-97.25125,49.12784],[-97.25461,49.1327],[-97.25424,49.14194],[-97.25931,49.14785],[-97.26486,49.1489],[-97.27298,49.14313],[-97.27704,49.14346],[-97.27698,49.14587],[-97.27151,49.15028],[-97.27285,49.15489],[-97.28228,49.1622],[-97.2922,49.17528],[-97.29564,49.17651],[-97.30223,49.17501],[-97.30515,49.17588],[-97.30472,49.1784],[-97.30196,49.17986],[-97.28934,49.18074],[-97.28843,49.18295],[-97.29009,49.18584],[-97.29825,49.19056],[-97.30257,49.19009],[-97.30847,49.18658],[-97.31121,49.18812],[-97.30308,49.19209],[-97.26738,49.19206],[-97.26741,49.2364],[-97.27846,49.23638],[-97.27847,49.26579]]]}},{"type":"Feature","properties":{"name":"MUNICIPALITY OF ETHELBERT","muni_no":"126","list_name":"ETHELBERT (MUNICIPALITY)","region":"West & Parkland"},"geometry":{"type":"Polygon","coordinates":[[[-100.72304,51.71109],[-100.29774,51.711],[-100.29775,51.6238],[-100.27605,51.62385],[-100.27614,51.36168],[-100.69812,51.36197],[-100.69772,51.62369],[-100.72263,51.62363],[-100.72304,51.71109]]]}},{"type":"Feature","properties":{"name":"RM OF FISHER","muni_no":"605","list_name":"FISHER (RM)","region":"Interlake"},"geometry":{"type":"Polygon","coordinates":[[[-97.87915,50.86043],[-97.87867,50.9344],[-97.87933,50.9491],[-97.88431,50.94916],[-97.88424,51.03811],[-97.95437,51.03792],[-97.95455,51.12632],[-97.88427,51.12659],[-97.88499,51.30338],[-97.74353,51.30365],[-97.74312,51.21528],[-97.68488,51.215],[-97.46253,51.21529],[-97.46308,51.30315],[-97.36848,51.30307],[-97.36851,51.06759],[-97.39193,51.0676],[-97.39179,51.03811],[-97.46242,51.03809],[-97.46306,50.86052],[-97.87915,50.86043]]]}},{"type":"Feature","properties":{"name":"FISHER BAY-NORTHERN AFFAIRS ACT","muni_no":"750","list_name":"FISHER BAY (NORTHERN COMMUNITY)","region":"North"},"geometry":{"type":"Polygon","coordinates":[[[-97.30993,51.53697],[-97.31016,51.5227],[-97.28098,51.52275],[-97.29052,51.50309],[-97.29163,51.49552],[-97.299,51.49087],[-97.29628,51.48593],[-97.29095,51.48299],[-97.29333,51.48055],[-97.29296,51.47839],[-97.29811,51.47428],[-97.29706,51.4738],[-97.29819,51.47321],[-97.29789,51.46807],[-97.29613,51.46694],[-97.29867,51.46473],[-97.29923,51.46173],[-97.29791,51.45971],[-97.2993,51.45534],[-97.29713,51.44775],[-97.28947,51.44365],[-97.28613,51.43793],[-97.30296,51.43757],[-97.30291,51.45302],[-97.34925,51.45306],[-97.34925,51.46029],[-97.36081,51.46029],[-97.36083,51.45306],[-97.39194,51.45305],[-97.39172,51.53712],[-97.30993,51.53697]]]}},{"type":"Feature","properties":{"name":"CITY OF FLIN FLON","muni_no":"540","list_name":"FLIN FLON (CITY)","region":"North"},"geometry":{"type":"MultiPolygon","coordinates":[[[[-101.84746,54.73344],[-101.84746,54.76256],[-101.87812,54.7626],[-101.87776,54.76409],[-101.88073,54.76513],[-101.88049,54.7673],[-101.87845,54.76732],[-101.87903,54.76909],[-101.86997,54.77288],[-101.86488,54.77318],[-101.86572,54.77691],[-101.86004,54.77907],[-101.86002,54.79915],[-101.80963,54.79902],[-101.80969,54.76995],[-101.80341,54.76992],[-101.80341,54.73345],[-101.84746,54.73344]]],[[[-101.88203,54.77522],[-101.88135,54.77137],[-101.88468,54.77672],[-101.88203,54.77522]]]]}},{"type":"Feature","properties":{"name":"GILBERT PLAINS MUNICIPALITY","muni_no":"323","list_name":"GILBERT PLAINS  (MUNICIPALITY)","region":"West & Parkland"},"geometry":{"type":"Polygon","coordinates":[[[-100.60422,51.36182],[-100.27614,51.36168],[-100.27523,51.30276],[-100.27458,51.30226],[-100.27409,51.22854],[-100.27405,50.94832],[-100.60202,50.94816],[-100.60228,51.30245],[-100.60432,51.30245],[-100.60422,51.36182]]]}},{"type":"Feature","properties":{"name":"TOWN OF GILLAM","muni_no":"619","list_name":"GILLAM (TOWN)","region":"North"},"geometry":{"type":"Polygon","coordinates":[[[-94.00226,56.24589],[-95.01286,56.24573],[-95.013,56.42025],[-94.4597,56.42016],[-94.4597,56.50748],[-94.27245,56.50755],[-94.27245,56.59481],[-94.11291,56.5948],[-94.11291,56.68206],[-94.00222,56.68218],[-94.00221,56.76943],[-93.68319,56.76944],[-93.68319,56.50767],[-94.00223,56.50767],[-94.00226,56.24589]]]}},{"type":"Feature","properties":{"name":"RM OF GIMLI","muni_no":"129","list_name":"GIMLI (RM)","region":"Interlake"},"geometry":{"type":"Polygon","coordinates":[[[-97.11448,50.50685],[-97.11484,50.5956],[-97.1113,50.59559],[-97.11164,50.7726],[-97.11035,50.81642],[-96.94894,50.8169],[-96.97333,50.8007],[-96.98253,50.78108],[-96.98172,50.77036],[-96.97816,50.75974],[-96.98483,50.74631],[-96.98404,50.73944],[-96.9873,50.73388],[-96.98167,50.72381],[-96.98591,50.7195],[-96.98505,50.71177],[-96.98793,50.70588],[-96.98694,50.70125],[-96.99159,50.69978],[-96.9964,50.69318],[-96.99593,50.68401],[-96.99794,50.68028],[-96.99469,50.67364],[-96.989,50.66717],[-96.9778,50.65786],[-96.97373,50.64997],[-96.97419,50.64669],[-96.97885,50.64514],[-96.98242,50.64091],[-96.98388,50.6299],[-96.98797,50.62784],[-96.98686,50.6204],[-96.97973,50.61521],[-96.94569,50.60137],[-96.9409,50.59779],[-96.94586,50.59639],[-96.94681,50.59373],[-96.95357,50.58808],[-96.96399,50.58866],[-96.95303,50.58907],[-96.9471,50.59468],[-96.94861,50.59768],[-96.94778,50.59714],[-96.9464,50.59682],[-96.94572,50.59735],[-96.94808,50.59746],[-96.94797,50.59961],[-96.94861,50.59779],[-96.95214,50.59817],[-96.95641,50.60308],[-96.9632,50.60718],[-96.97219,50.60897],[-96.96823,50.60865],[-96.97273,50.61158],[-96.97773,50.61076],[-96.98022,50.60825],[-96.9793,50.60581],[-96.98051,50.60397],[-96.97274,50.59511],[-96.97244,50.58555],[-96.97048,50.58598],[-96.9696,50.58393],[-96.96425,50.58511],[-96.96677,50.58633],[-96.96202,50.58592],[-96.97991,50.57815],[-96.98216,50.58052],[-96.9854,50.57879],[-96.98912,50.5805],[-96.98668,50.57695],[-96.98298,50.57635],[-96.98473,50.5738],[-96.99041,50.57379],[-96.99155,50.57495],[-96.99776,50.57662],[-96.99304,50.57534],[-96.99709,50.57497],[-96.99641,50.57448],[-96.99269,50.57525],[-96.99157,50.57486],[-96.99065,50.57364],[-96.99171,50.57476],[-96.99316,50.57501],[-96.99161,50.57437],[-96.9925,50.57294],[-96.98925,50.57314],[-96.99286,50.57195],[-96.98871,50.57273],[-96.98455,50.5715],[-96.98802,50.56873],[-96.98915,50.56414],[-96.98586,50.5535],[-96.98048,50.54472],[-96.98049,50.54293],[-96.98334,50.54119],[-96.98309,50.53944],[-96.9738,50.52756],[-96.9754,50.52757],[-96.97587,50.50648],[-97.11448,50.50685]]]}},{"type":"Feature","properties":{"name":"MUNICIPALITY OF GLENBORO-SOUTH CYPRESS","muni_no":"187","list_name":"GLENBORO-SOUTH CYPRESS (MUNICIPALITY)","region":"West & Parkland"},"geometry":{"type":"Polygon","coordinates":[[[-99.09842,49.53225],[-99.64401,49.53316],[-99.64375,49.79783],[-99.23445,49.79783],[-99.23447,49.75352],[-99.09831,49.75366],[-99.09842,49.53225]]]}},{"type":"Feature","properties":{"name":"MUNICIPALITY OF GLENELLA-LANSDOWNE","muni_no":"142","list_name":"GLENELLA-LANSDOWNE (MUNICIPALITY)","region":"South-Central / Central Plains"},"geometry":{"type":"Polygon","coordinates":[[[-99.11069,50.06343],[-99.24816,50.06352],[-99.24916,50.21034],[-99.24805,50.24045],[-99.40058,50.24042],[-99.40067,50.59455],[-99.41531,50.59454],[-99.41533,50.63878],[-98.99667,50.63873],[-98.99657,50.59462],[-98.98503,50.59462],[-98.98526,50.56468],[-98.84636,50.565],[-98.8465,50.50619],[-99.12365,50.50587],[-99.12372,50.2407],[-99.11059,50.2407],[-99.11069,50.06343]]]}},{"type":"Feature","properties":{"name":"GODS LAKE NARROWS-NORTHERN AFFAIRS ACT","muni_no":"704","list_name":"GODS LAKE NARROWS (NORTHERN COMMUNITY)","region":"North"},"geometry":{"type":"MultiPolygon","coordinates":[[[[-94.46948,54.55765],[-94.46135,54.55808],[-94.46823,54.55264],[-94.46933,54.55448],[-94.47224,54.55595],[-94.46948,54.55765]]],[[[-94.48264,54.55751],[-94.47785,54.55721],[-94.47374,54.5547],[-94.47969,54.55193],[-94.48021,54.54972],[-94.48424,54.55143],[-94.49023,54.55076],[-94.48898,54.55218],[-94.49001,54.55432],[-94.49338,54.55651],[-94.49196,54.5584],[-94.49481,54.5609],[-94.49784,54.56079],[-94.49657,54.56183],[-94.49897,54.56348],[-94.49477,54.56475],[-94.49793,54.56688],[-94.498,54.56876],[-94.49212,54.56542],[-94.48995,54.56667],[-94.48302,54.56498],[-94.4845,54.56198],[-94.49054,54.56284],[-94.48264,54.55751]]],[[[-94.46787,54.56412],[-94.46222,54.56389],[-94.46247,54.56199],[-94.46534,54.56284],[-94.46787,54.56412]]]]}},{"type":"Feature","properties":{"name":"RM OF GRAHAMDALE","muni_no":"606","list_name":"GRAHAMDALE (RM)","region":"Interlake"},"geometry":{"type":"MultiPolygon","coordinates":[[[[-98.30353,50.94813],[-98.30335,51.12601],[-98.25655,51.12595],[-98.25695,51.24377],[-98.58482,51.2439],[-98.58905,51.24565],[-98.58297,51.24885],[-98.58127,51.25192],[-98.57803,51.25272],[-98.57114,51.25978],[-98.56891,51.26552],[-98.56539,51.26654],[-98.56237,51.27335],[-98.56253,51.27833],[-98.56832,51.28101],[-98.56675,51.28228],[-98.56817,51.28365],[-98.56752,51.28233],[-98.56892,51.28216],[-98.57286,51.28573],[-98.58405,51.29028],[-98.58722,51.29018],[-98.58721,51.2881],[-98.5901,51.28811],[-98.5901,51.2863],[-98.61651,51.28632],[-98.6165,51.28812],[-98.61938,51.28813],[-98.62107,51.28639],[-98.62641,51.2903],[-98.63143,51.30106],[-98.63431,51.30107],[-98.63353,51.30356],[-98.64163,51.31083],[-98.64008,51.30107],[-98.6372,51.30107],[-98.63717,51.29564],[-98.63428,51.29564],[-98.63426,51.29202],[-98.63138,51.29202],[-98.63136,51.28813],[-98.62767,51.28722],[-98.62714,51.2847],[-98.62921,51.28499],[-98.63407,51.29001],[-98.64293,51.29356],[-98.651,51.2919],[-98.65233,51.29036],[-98.65069,51.28841],[-98.65652,51.29018],[-98.66759,51.29022],[-98.67839,51.28841],[-98.68009,51.2867],[-98.68622,51.28721],[-98.68899,51.28543],[-98.69882,51.29305],[-98.71281,51.29489],[-98.72792,51.29447],[-98.7258,51.29863],[-98.72872,51.30355],[-98.73782,51.30944],[-98.75328,51.31533],[-98.7533,51.32117],[-98.74989,51.32991],[-98.75079,51.33813],[-98.75806,51.34936],[-98.77029,51.36172],[-98.77601,51.36529],[-98.77692,51.37053],[-98.77583,51.37463],[-98.77711,51.37679],[-98.77597,51.38049],[-98.784,51.39107],[-98.78968,51.39628],[-98.79293,51.39706],[-98.79938,51.39379],[-98.80147,51.39103],[-98.80201,51.38513],[-98.80603,51.38164],[-98.81547,51.38143],[-98.817,51.38872],[-98.81507,51.39589],[-98.8188,51.40249],[-98.81943,51.40714],[-98.80997,51.41272],[-98.80989,51.41685],[-98.8123,51.41835],[-98.8103,51.42336],[-98.81206,51.42916],[-98.80956,51.43295],[-98.81024,51.43543],[-98.80718,51.43655],[-98.80607,51.44261],[-98.80283,51.44383],[-98.80385,51.44827],[-98.79703,51.45361],[-98.78871,51.4557],[-98.78067,51.46052],[-98.77052,51.4601],[-98.76594,51.4611],[-98.76347,51.46413],[-98.77482,51.49003],[-98.78004,51.49537],[-98.77874,51.50469],[-98.78728,51.51746],[-98.78506,51.52479],[-98.78603,51.53146],[-98.7797,51.53186],[-98.77059,51.53636],[-98.76897,51.53971],[-98.77151,51.54411],[-98.77054,51.5488],[-98.76404,51.55202],[-98.7532,51.55017],[-98.75104,51.55199],[-98.75136,51.55937],[-98.73819,51.56325],[-98.73866,51.56513],[-98.7352,51.56284],[-98.73169,51.56549],[-98.73134,51.56894],[-98.73533,51.57504],[-98.72017,51.575],[-98.72003,51.57061],[-98.71294,51.57063],[-98.71295,51.57498],[-98.70431,51.57774],[-98.66452,51.56833],[-98.63816,51.54384],[-98.6205,51.54387],[-98.62044,51.55095],[-98.59142,51.55095],[-98.59145,51.54556],[-98.58858,51.54556],[-98.58839,51.54026],[-98.58545,51.54029],[-98.58518,51.53664],[-98.58247,51.53664],[-98.57859,51.53118],[-98.57539,51.53048],[-98.57668,51.52935],[-98.5712,51.52323],[-98.57207,51.52001],[-98.56803,51.51727],[-98.55684,51.51689],[-98.55316,51.52086],[-98.54022,51.52401],[-98.53832,51.52575],[-98.54432,51.53132],[-98.54505,51.53579],[-98.54294,51.53803],[-98.53783,51.53653],[-98.5363,51.53501],[-98.53687,51.53161],[-98.53338,51.522],[-98.52934,51.51838],[-98.52932,51.50558],[-98.52643,51.50558],[-98.52643,51.50231],[-98.5216,51.4996],[-98.51486,51.49177],[-98.51168,51.49111],[-98.51084,51.48772],[-98.50879,51.48752],[-98.5073,51.48034],[-98.50591,51.47952],[-98.50481,51.48082],[-98.49913,51.4776],[-98.4924,51.48083],[-98.49255,51.48293],[-98.4979,51.48649],[-98.49231,51.49127],[-98.4955,51.49593],[-98.49406,51.50167],[-98.4976,51.50969],[-98.49414,51.51291],[-98.49081,51.52285],[-98.47996,51.5241],[-98.48359,51.52586],[-98.48231,51.52757],[-98.4774,51.52747],[-98.47314,51.5293],[-98.47086,51.53845],[-98.46766,51.53844],[-98.46742,51.54575],[-98.46177,51.54758],[-98.46168,51.55302],[-98.45612,51.55481],[-98.45606,51.56196],[-98.44483,51.56554],[-98.44456,51.44928],[-98.30392,51.44895],[-98.30407,51.36165],[-98.1634,51.36176],[-98.16334,51.30292],[-98.14035,51.30292],[-98.14011,51.24395],[-98.11662,51.24395],[-98.11661,51.22923],[-98.14005,51.22922],[-98.13999,51.21449],[-97.88463,51.21504],[-97.88427,51.12659],[-97.95455,51.12632],[-97.95437,51.03792],[-97.88424,51.03811],[-97.88431,50.94916],[-98.30353,50.94813]]],[[[-98.60847,51.62803],[-98.60636,51.62678],[-98.61837,51.61894],[-98.62031,51.62025],[-98.60847,51.62803]]],[[[-98.60235,51.63171],[-98.57684,51.63084],[-98.57191,51.62657],[-98.57619,51.62865],[-98.57987,51.62801],[-98.57829,51.62435],[-98.60244,51.62447],[-98.60235,51.63171]]],[[[-98.87776,51.68978],[-98.87772,51.69591],[-98.87624,51.70362],[-98.87495,51.69961],[-98.87776,51.68978]]],[[[-98.36627,51.80957],[-98.36629,51.80777],[-98.36921,51.80777],[-98.36922,51.80596],[-98.36631,51.80596],[-98.36634,51.80235],[-98.36343,51.80235],[-98.36346,51.79874],[-98.3616,51.79749],[-98.36348,51.79683],[-98.36103,51.79353],[-98.36346,51.78953],[-98.36055,51.78952],[-98.36055,51.78589],[-98.35763,51.78589],[-98.35763,51.78951],[-98.3515,51.78951],[-98.3515,51.7877],[-98.34859,51.7877],[-98.34859,51.78951],[-98.33078,51.78955],[-98.33078,51.78773],[-98.32786,51.78773],[-98.32786,51.78591],[-98.32494,51.78591],[-98.32494,51.78409],[-98.32202,51.78409],[-98.32202,51.78228],[-98.31618,51.78228],[-98.31618,51.78046],[-98.31034,51.77865],[-98.31033,51.77503],[-98.31617,51.77503],[-98.31615,51.77141],[-98.31323,51.77141],[-98.31232,51.76754],[-98.31204,51.76511],[-98.31364,51.76365],[-98.31298,51.7623],[-98.31078,51.76291],[-98.31235,51.76202],[-98.31409,51.762],[-98.3196,51.76893],[-98.33299,51.77683],[-98.33067,51.77695],[-98.33061,51.7806],[-98.33471,51.78177],[-98.33885,51.77836],[-98.34371,51.77791],[-98.34855,51.77267],[-98.34729,51.77064],[-98.34881,51.76976],[-98.34892,51.7658],[-98.35766,51.7658],[-98.3575,51.7676],[-98.36658,51.7676],[-98.36639,51.76941],[-98.36931,51.76941],[-98.36985,51.7645],[-98.38157,51.76438],[-98.38099,51.7694],[-98.39301,51.76928],[-98.39372,51.76435],[-98.41881,51.76428],[-98.45276,51.75045],[-98.45278,51.76223],[-98.49941,51.76218],[-98.49956,51.72222],[-98.51961,51.72218],[-98.51949,51.7204],[-98.5227,51.72042],[-98.52258,51.71861],[-98.52553,51.71863],[-98.52548,51.71675],[-98.52842,51.71677],[-98.52837,51.71489],[-98.53426,51.71492],[-98.53869,51.71107],[-98.55444,51.71118],[-98.55443,51.70817],[-98.57543,51.70812],[-98.60654,51.65443],[-98.64112,51.67428],[-98.64115,51.68225],[-98.64988,51.68225],[-98.64987,51.68406],[-98.65278,51.68406],[-98.65273,51.6931],[-98.65855,51.69129],[-98.65854,51.6931],[-98.66145,51.6931],[-98.66144,51.6949],[-98.67628,51.6949],[-98.67631,51.68947],[-98.68503,51.68947],[-98.68504,51.68762],[-98.69116,51.68761],[-98.69112,51.67848],[-98.68503,51.6767],[-98.685,51.67308],[-98.69108,51.67124],[-98.69105,51.66758],[-98.69686,51.66757],[-98.69698,51.6639],[-98.69117,51.66391],[-98.69123,51.66208],[-98.69704,51.66207],[-98.6971,51.66024],[-98.70001,51.66025],[-98.69995,51.65109],[-98.70287,51.65106],[-98.70275,51.64398],[-98.69984,51.64401],[-98.6998,51.63866],[-98.69403,51.63136],[-98.6883,51.63136],[-98.68801,51.6332],[-98.6838,51.63319],[-98.68299,51.63698],[-98.68829,51.63681],[-98.68834,51.64584],[-98.63836,51.6458],[-98.63508,51.64302],[-98.63826,51.6435],[-98.6528,51.63992],[-98.65819,51.64036],[-98.66004,51.63639],[-98.6658,51.6332],[-98.66604,51.62952],[-98.672,51.62422],[-98.68451,51.6183],[-98.68721,51.61095],[-98.69422,51.6071],[-98.67971,51.59734],[-98.68669,51.5941],[-98.70168,51.60277],[-98.70327,51.60069],[-98.70167,51.59665],[-98.70174,51.5871],[-98.72545,51.58921],[-98.72884,51.58806],[-98.73533,51.58214],[-98.73853,51.58338],[-98.75202,51.58187],[-98.75227,51.58552],[-98.75505,51.58552],[-98.75518,51.58915],[-98.75799,51.58915],[-98.75803,51.59096],[-98.76368,51.58914],[-98.76375,51.59095],[-98.76664,51.59095],[-98.76672,51.59276],[-98.77775,51.5911],[-98.78669,51.5978],[-98.7995,51.61733],[-98.80081,51.62537],[-98.79661,51.62665],[-98.79617,51.63034],[-98.80037,51.63047],[-98.79934,51.63199],[-98.80297,51.63494],[-98.80296,51.63854],[-98.80589,51.63855],[-98.80745,51.64319],[-98.80884,51.64214],[-98.81286,51.64361],[-98.81948,51.65648],[-98.81901,51.65818],[-98.82083,51.65836],[-98.82086,51.66201],[-98.82384,51.66198],[-98.82386,51.66562],[-98.82682,51.6656],[-98.82759,51.67324],[-98.82567,51.67706],[-98.81797,51.67275],[-98.81251,51.6732],[-98.8129,51.67575],[-98.81994,51.68417],[-98.81948,51.68873],[-98.82239,51.68982],[-98.82443,51.69458],[-98.82719,51.69486],[-98.83368,51.70104],[-98.83557,51.70095],[-98.83831,51.69662],[-98.84125,51.70107],[-98.84009,51.70127],[-98.84242,51.70703],[-98.8471,51.71051],[-98.84597,51.71211],[-98.84696,51.71426],[-98.85161,51.7152],[-98.85424,51.71174],[-98.86204,51.71428],[-98.86484,51.71204],[-98.86379,51.71152],[-98.86276,51.7089],[-98.8635,51.70864],[-98.86447,51.71113],[-98.86638,51.70877],[-98.87083,51.71381],[-98.87377,51.71325],[-98.87346,51.70528],[-98.87534,51.70474],[-98.87328,51.70356],[-98.87624,51.70362],[-98.87763,51.71057],[-98.87736,51.75492],[-98.73535,51.75494],[-98.73581,51.88593],[-98.59381,51.88592],[-98.59386,51.82767],[-98.36025,51.82764],[-98.36038,51.815],[-98.35746,51.815],[-98.35748,51.81319],[-98.35136,51.81319],[-98.3514,51.80958],[-98.36627,51.80957]]]]}},{"type":"Feature","properties":{"name":"TOWN OF GRAND RAPIDS","muni_no":"615","list_name":"GRAND RAPIDS (TOWN)","region":"North"},"geometry":{"type":"Polygon","coordinates":[[[-99.22802,53.26215],[-99.22438,53.26134],[-99.2178,53.26387],[-99.21244,53.26136],[-99.21209,53.25938],[-99.21515,53.25631],[-99.21648,53.25045],[-99.21898,53.25099],[-99.22084,53.25814],[-99.22789,53.25823],[-99.23675,53.25559],[-99.24229,53.25157],[-99.24849,53.24392],[-99.25029,53.24003],[-99.24845,53.23717],[-99.25451,53.23488],[-99.25777,53.2301],[-99.25741,53.22717],[-99.26206,53.22607],[-99.26613,53.22197],[-99.26879,53.2114],[-99.26857,53.20592],[-99.26082,53.18985],[-99.25661,53.18693],[-99.25772,53.18324],[-99.26292,53.17989],[-99.26409,53.16684],[-99.26704,53.15996],[-99.27131,53.15409],[-99.27921,53.14773],[-99.29369,53.14313],[-99.31597,53.14239],[-99.33617,53.14486],[-99.34505,53.14899],[-99.35043,53.16233],[-99.35489,53.1677],[-99.36331,53.17053],[-99.38468,53.17289],[-99.3847,53.19132],[-99.36036,53.19131],[-99.36036,53.27861],[-99.23379,53.27861],[-99.23548,53.27475],[-99.2342,53.26882],[-99.22802,53.26215]]]}},{"type":"Feature","properties":{"name":"GRANDVIEW MUNICIPALITY","muni_no":"132","list_name":"GRANDVIEW  (MUNICIPALITY)","region":"West & Parkland"},"geometry":{"type":"Polygon","coordinates":[[[-100.97812,51.36193],[-100.60422,51.36182],[-100.60432,51.30245],[-100.60228,51.30245],[-100.60202,50.94816],[-100.97675,50.94831],[-100.97692,51.30216],[-100.97782,51.30216],[-100.97812,51.36193]]]}},{"type":"Feature","properties":{"name":"MUNICIPALITY OF GRASSLAND","muni_no":"111","list_name":"GRASSLAND (MUNICIPALITY)","region":"West & Parkland"},"geometry":{"type":"Polygon","coordinates":[[[-99.90154,49.35518],[-100.85014,49.35515],[-100.85036,49.5327],[-100.05336,49.53331],[-99.90147,49.53269],[-99.90154,49.35518]]]}},{"type":"Feature","properties":{"name":"RM OF GREY","muni_no":"133","list_name":"GREY (RM)","region":"South-Central / Central Plains"},"geometry":{"type":"Polygon","coordinates":[[[-98.41509,49.79837],[-97.73256,49.79798],[-97.73261,49.62087],[-98.41486,49.62091],[-98.41509,49.79837]]]}},{"type":"Feature","properties":{"name":"HAMIOTA MUNICIPALITY","muni_no":"331","list_name":"HAMIOTA  (MUNICIPALITY)","region":"West & Parkland"},"geometry":{"type":"Polygon","coordinates":[[[-100.76012,50.06355],[-100.76016,50.24052],[-100.78477,50.24052],[-100.78478,50.3288],[-100.50764,50.32873],[-100.50771,50.24051],[-100.48523,50.2405],[-100.48543,50.06351],[-100.76012,50.06355]]]}},{"type":"Feature","properties":{"name":"RM OF HANOVER","muni_no":"135","list_name":"HANOVER (RM)","region":"Southeast"},"geometry":{"type":"MultiPolygon","coordinates":[[[[-97.0132,49.61329],[-97.01323,49.62052],[-96.64143,49.61881],[-96.64315,49.53204],[-96.65434,49.5323],[-96.65422,49.53755],[-96.66539,49.53772],[-96.66521,49.54524],[-96.67681,49.54528],[-96.67637,49.5673],[-96.71069,49.56751],[-96.71093,49.55275],[-96.73327,49.55276],[-96.733,49.56749],[-96.75612,49.56764],[-96.75624,49.56012],[-96.74469,49.56007],[-96.74482,49.55281],[-96.75045,49.55284],[-96.75058,49.54531],[-96.73383,49.54523],[-96.73412,49.53188],[-96.72258,49.53189],[-96.72257,49.52482],[-96.71979,49.52482],[-96.71978,49.51731],[-96.71423,49.51731],[-96.71415,49.49531],[-96.66842,49.49534],[-96.66844,49.50258],[-96.64585,49.50252],[-96.64574,49.26665],[-96.78147,49.26625],[-96.78157,49.35489],[-96.91715,49.35477],[-96.91726,49.53183],[-97.04882,49.53199],[-97.04894,49.59118],[-97.02562,49.5913],[-97.02567,49.60217],[-97.01454,49.60215],[-97.01456,49.60614],[-97.0257,49.60616],[-97.02574,49.61331],[-97.0132,49.61329]]],[[[-97.02619,49.62055],[-97.02612,49.60967],[-97.03726,49.60969],[-97.03728,49.61332],[-97.049,49.61332],[-97.04902,49.62056],[-97.02619,49.62055]]]]}},{"type":"Feature","properties":{"name":"MUNICIPALITY OF HARRISON PARK","muni_no":"609","list_name":"HARRISON PARK (MUNICIPALITY)","region":"West & Parkland"},"geometry":{"type":"Polygon","coordinates":[[[-100.23094,50.32886],[-100.23092,50.59455],[-100.53194,50.59433],[-100.5317,50.72713],[-100.36898,50.72713],[-100.36907,50.68286],[-100.25354,50.68274],[-100.25369,50.7125],[-100.1136,50.71243],[-100.11357,50.72003],[-100.10187,50.72005],[-100.10184,50.71243],[-100.07851,50.71253],[-100.07857,50.69772],[-100.05529,50.69776],[-100.05528,50.66831],[-100.04375,50.66833],[-100.04378,50.66466],[-100.02064,50.66475],[-100.02062,50.65358],[-99.98553,50.6534],[-99.9856,50.64617],[-99.96231,50.64623],[-99.96231,50.6535],[-99.95086,50.65349],[-99.95079,50.66468],[-99.91562,50.66464],[-99.91553,50.66827],[-99.90436,50.66817],[-99.90448,50.65358],[-99.83468,50.65358],[-99.83416,50.5946],[-99.95453,50.5944],[-99.95392,50.32902],[-100.23094,50.32886]]]}},{"type":"Feature","properties":{"name":"HARWILL-NORTHERN AFFAIRS ACT","muni_no":"752","list_name":"HARWILL (NORTHERN COMMUNITY)","region":"North"},"geometry":{"type":"Polygon","coordinates":[[[-97.74353,51.30365],[-97.87249,51.30359],[-97.87252,51.33315],[-97.86058,51.33315],[-97.86059,51.34775],[-97.83746,51.34787],[-97.83747,51.37696],[-97.82552,51.37696],[-97.82552,51.3842],[-97.83747,51.3842],[-97.83729,51.40628],[-97.88436,51.40615],[-97.88423,51.44984],[-97.60337,51.44975],[-97.60347,51.36248],[-97.63765,51.36235],[-97.63766,51.36595],[-97.64943,51.36595],[-97.64942,51.3623],[-97.67293,51.36237],[-97.67353,51.28854],[-97.74338,51.28884],[-97.74353,51.30365]]]}},{"type":"Feature","properties":{"name":"RM OF HEADINGLEY","muni_no":"208","list_name":"HEADINGLEY (RM)","region":"Winnipeg"},"geometry":{"type":"Polygon","coordinates":[[[-97.45431,49.80592],[-97.44986,49.87091],[-97.449,49.87122],[-97.44473,49.92352],[-97.41228,49.92357],[-97.41228,49.92538],[-97.38938,49.92542],[-97.38938,49.92723],[-97.32116,49.92729],[-97.31982,49.91992],[-97.32268,49.89885],[-97.34155,49.89844],[-97.34352,49.87858],[-97.3376,49.87929],[-97.33897,49.86539],[-97.32651,49.86865],[-97.32364,49.85488],[-97.32538,49.83811],[-97.34668,49.83718],[-97.34914,49.80922],[-97.36822,49.80933],[-97.36822,49.80752],[-97.41385,49.8076],[-97.41385,49.80668],[-97.45431,49.80592]]]}},{"type":"Feature","properties":{"name":"HERB LAKE LANDING-NORTHERN AFFAIRS ACT","muni_no":"738","list_name":"HERB LAKE LANDING (NORTHERN SETTLEMENT)","region":"North"},"geometry":{"type":"Polygon","coordinates":[[[-99.78369,54.64298],[-99.79297,54.64788],[-99.7955,54.64788],[-99.79069,54.65017],[-99.78846,54.654],[-99.79097,54.65477],[-99.78967,54.65561],[-99.79193,54.65808],[-99.79039,54.65813],[-99.79146,54.65925],[-99.7898,54.66151],[-99.79215,54.66094],[-99.79185,54.66273],[-99.78713,54.66321],[-99.78909,54.66408],[-99.78763,54.66555],[-99.78569,54.66454],[-99.78465,54.66506],[-99.78689,54.6671],[-99.78594,54.66954],[-99.78361,54.67025],[-99.78556,54.67176],[-99.78274,54.67499],[-99.7761,54.67845],[-99.77554,54.67708],[-99.77334,54.67724],[-99.77312,54.67888],[-99.76761,54.68238],[-99.7702,54.68415],[-99.77397,54.68261],[-99.77743,54.6832],[-99.77413,54.68684],[-99.77487,54.68836],[-99.77351,54.69008],[-99.76411,54.68868],[-99.75996,54.68122],[-99.75818,54.67296],[-99.75915,54.66465],[-99.76284,54.65661],[-99.77198,54.64659],[-99.78232,54.63977],[-99.78369,54.64298]]]}},{"type":"Feature","properties":{"name":"HOMEBROOK - PEONAN POINT-NORTHERN AFFAIRS ACT","muni_no":"754","list_name":"HOMEBROOK-PEONAN POINT (NORTHERN COMMUNITY)","region":"North"},"geometry":{"type":"Polygon","coordinates":[[[-98.88088,51.68736],[-98.88408,51.68747],[-98.89171,51.69522],[-98.89424,51.69496],[-98.89608,51.68879],[-98.90247,51.6865],[-98.9085,51.68707],[-98.90905,51.68422],[-98.91219,51.68437],[-98.91393,51.67935],[-98.9164,51.67834],[-98.91938,51.67906],[-98.92951,51.68911],[-98.93258,51.68894],[-98.93719,51.68588],[-98.93561,51.67399],[-98.93792,51.67628],[-98.94457,51.69521],[-98.94821,51.6966],[-98.95042,51.6946],[-98.95619,51.70214],[-98.96808,51.70905],[-98.9722,51.70559],[-98.97593,51.69847],[-98.97843,51.69779],[-98.98194,51.70022],[-98.98698,51.69874],[-98.98818,51.69389],[-98.98581,51.687],[-98.98835,51.68205],[-98.98617,51.66772],[-98.98934,51.65383],[-98.99549,51.65746],[-99.00001,51.66641],[-99.00244,51.66687],[-99.00517,51.66476],[-99.01824,51.66287],[-99.01714,51.65747],[-99.02333,51.65992],[-99.02003,51.65006],[-99.01532,51.64913],[-99.01132,51.65062],[-99.00767,51.64892],[-98.99843,51.62772],[-98.99939,51.62241],[-98.99492,51.62097],[-98.98771,51.61457],[-98.98567,51.61705],[-98.9855,51.61412],[-98.98153,51.60856],[-98.97826,51.61145],[-98.97432,51.60839],[-98.96992,51.6093],[-98.96893,51.61184],[-98.96284,51.61403],[-98.95974,51.61036],[-98.9577,51.61397],[-98.96029,51.62868],[-98.95629,51.63482],[-98.95084,51.63304],[-98.95134,51.63052],[-98.95347,51.63137],[-98.95499,51.61757],[-98.95853,51.61021],[-98.95744,51.60252],[-98.95495,51.60154],[-98.95234,51.60413],[-98.94632,51.60263],[-98.95247,51.60965],[-98.9517,51.61099],[-98.94591,51.61278],[-98.93997,51.61256],[-98.93717,51.6146],[-98.93219,51.61045],[-98.93274,51.60857],[-98.9384,51.60588],[-98.93475,51.60518],[-98.93322,51.60153],[-98.93887,51.60197],[-98.93996,51.59896],[-98.94239,51.59842],[-98.94275,51.59971],[-98.94989,51.6012],[-98.9608,51.59961],[-98.96244,51.59802],[-98.96036,51.5912],[-98.95541,51.58934],[-98.95252,51.57937],[-98.9485,51.57569],[-98.94872,51.55094],[-98.91391,51.55096],[-98.91387,51.53665],[-98.91109,51.52896],[-98.93688,51.52904],[-98.93696,51.53638],[-98.94845,51.53636],[-98.94857,51.50725],[-98.93699,51.50724],[-98.93702,51.49277],[-98.91353,51.49276],[-98.91566,51.48998],[-98.90771,51.46281],[-98.90917,51.45875],[-98.90799,51.45073],[-98.90366,51.43753],[-98.89761,51.43387],[-98.89876,51.43037],[-98.89413,51.42431],[-98.89857,51.42052],[-98.89345,51.40969],[-98.89572,51.40422],[-98.89352,51.40106],[-98.88591,51.3976],[-98.8934,51.38759],[-98.89628,51.3778],[-98.89359,51.37191],[-98.89377,51.36503],[-98.89866,51.36398],[-98.89997,51.35082],[-98.89254,51.34916],[-98.88869,51.35019],[-98.88648,51.34701],[-98.89467,51.34808],[-98.89645,51.34578],[-98.89609,51.34273],[-98.89878,51.34091],[-98.89823,51.33759],[-98.89552,51.33499],[-98.89479,51.33009],[-98.89233,51.32721],[-98.89238,51.31965],[-98.89436,51.31929],[-98.90135,51.3203],[-98.90136,51.32423],[-98.90662,51.32974],[-98.90466,51.33047],[-98.90681,51.33519],[-98.91568,51.34225],[-98.91838,51.34263],[-98.91833,51.34634],[-98.92657,51.35339],[-98.93139,51.354],[-98.93811,51.36725],[-98.94013,51.37533],[-98.94395,51.37744],[-98.94409,51.38097],[-98.9422,51.38117],[-98.94156,51.38644],[-98.94403,51.39432],[-98.94818,51.39885],[-98.95931,51.40122],[-98.9657,51.40078],[-98.9733,51.41727],[-98.97475,51.42677],[-98.98338,51.45537],[-98.99161,51.46271],[-98.99146,51.47994],[-98.98896,51.48774],[-98.9897,51.49104],[-98.99316,51.50038],[-98.99632,51.50192],[-98.99768,51.50691],[-99.00443,51.51806],[-99.0049,51.52335],[-99.00939,51.52577],[-99.00631,51.52757],[-99.0109,51.54224],[-99.0155,51.5434],[-99.01307,51.54519],[-99.01359,51.54734],[-99.01991,51.55101],[-99.02437,51.56805],[-99.02345,51.57788],[-99.03037,51.59847],[-99.03269,51.61481],[-99.0439,51.639],[-99.04237,51.64546],[-99.0491,51.64954],[-99.05331,51.64289],[-99.05798,51.64369],[-99.06142,51.65994],[-99.05892,51.6732],[-99.0588,51.68611],[-99.04434,51.68251],[-99.04236,51.68506],[-99.04586,51.68865],[-99.05517,51.69063],[-99.07064,51.71049],[-99.07777,51.71103],[-99.09036,51.70204],[-99.1013,51.70373],[-99.11378,51.70265],[-99.11744,51.70767],[-99.12234,51.70814],[-99.12784,51.69951],[-99.12946,51.69369],[-99.13314,51.71034],[-99.13831,51.71413],[-99.14729,51.71244],[-99.14818,51.71629],[-99.14744,51.71907],[-99.14381,51.71962],[-99.13924,51.72683],[-99.13606,51.7278],[-99.13569,51.73095],[-99.13904,51.73798],[-99.14397,51.74223],[-99.14751,51.74868],[-99.16008,51.75141],[-99.16032,51.79842],[-99.04251,51.7986],[-99.04256,51.79139],[-99.05416,51.79136],[-99.05419,51.78408],[-99.06581,51.78412],[-99.06583,51.76948],[-99.05412,51.76947],[-99.05414,51.75502],[-99.01878,51.755],[-99.01874,51.74035],[-98.99495,51.74036],[-98.99506,51.76196],[-99.01869,51.76192],[-99.01853,51.76947],[-98.9835,51.76948],[-98.98336,51.78413],[-98.97159,51.78414],[-98.97154,51.79861],[-98.87731,51.79854],[-98.87763,51.71057],[-98.87624,51.70362],[-98.87772,51.69591],[-98.87776,51.68978],[-98.88088,51.68736]]]}},{"type":"Feature","properties":{"name":"ILFORD-NORTHERN AFFAIRS ACT","muni_no":"739","list_name":"ILFORD (NORTHERN COMMUNITY)","region":"North"},"geometry":{"type":"Polygon","coordinates":[[[-95.59061,56.07595],[-95.58237,56.06904],[-95.58065,56.06079],[-95.58226,56.05687],[-95.59278,56.05322],[-95.59014,56.05008],[-95.59721,56.04722],[-95.61212,56.04511],[-95.62657,56.04702],[-95.63821,56.05265],[-95.64362,56.06006],[-95.63989,56.06285],[-95.62955,56.0645],[-95.62958,56.0662],[-95.62412,56.06509],[-95.6205,56.06607],[-95.62047,56.0695],[-95.62247,56.07084],[-95.61793,56.07282],[-95.61863,56.0759],[-95.62332,56.07672],[-95.63812,56.07328],[-95.62726,56.07858],[-95.60845,56.08057],[-95.59061,56.07595]]]}},{"type":"Feature","properties":{"name":"ISLAND LAKE-NORTHERN AFFAIRS ACT","muni_no":"755","list_name":"ISLAND LAKE (NORTHERN COMMUNITY)","region":"North"},"geometry":{"type":"MultiPolygon","coordinates":[[[[-94.64274,53.84992],[-94.63497,53.85108],[-94.62489,53.84728],[-94.63071,53.84773],[-94.63344,53.8501],[-94.64274,53.84992]]],[[[-94.66433,53.86028],[-94.66699,53.86363],[-94.67012,53.86398],[-94.66984,53.86545],[-94.67265,53.86798],[-94.66585,53.86687],[-94.66223,53.86156],[-94.65778,53.86095],[-94.64274,53.85407],[-94.64312,53.85297],[-94.64692,53.85337],[-94.64418,53.85076],[-94.6605,53.85404],[-94.6688,53.85742],[-94.65891,53.8575],[-94.66433,53.86028]]],[[[-94.64834,53.85895],[-94.65291,53.86221],[-94.64845,53.86306],[-94.6467,53.86027],[-94.64834,53.85895]]],[[[-94.68542,53.86331],[-94.67519,53.86112],[-94.67693,53.86014],[-94.68542,53.86331]]],[[[-94.66836,53.86009],[-94.67374,53.86157],[-94.67749,53.86342],[-94.67458,53.86414],[-94.66836,53.86009]],[[-94.67563,53.86302],[-94.67534,53.86333],[-94.67597,53.86295],[-94.67563,53.86302]]],[[[-94.68175,53.86752],[-94.68521,53.87116],[-94.68011,53.86981],[-94.67795,53.8674],[-94.68175,53.86752]]],[[[-94.66754,53.87407],[-94.66464,53.87341],[-94.66638,53.87235],[-94.66754,53.87407]]],[[[-94.69631,53.8818],[-94.69039,53.88086],[-94.69351,53.88425],[-94.68418,53.87854],[-94.68162,53.87876],[-94.67652,53.87578],[-94.67445,53.87314],[-94.67927,53.87179],[-94.67788,53.87328],[-94.68415,53.87363],[-94.68425,53.87621],[-94.6963,53.88058],[-94.69631,53.8818]]],[[[-94.67043,53.88195],[-94.67104,53.87929],[-94.67763,53.87957],[-94.67661,53.88166],[-94.67858,53.88491],[-94.67396,53.88435],[-94.67043,53.88195]]],[[[-94.73606,53.88867],[-94.73404,53.8898],[-94.72916,53.88846],[-94.73085,53.89093],[-94.727,53.889],[-94.72494,53.88989],[-94.72268,53.88748],[-94.71289,53.88557],[-94.71316,53.88684],[-94.71044,53.88758],[-94.70795,53.88551],[-94.7104,53.88473],[-94.70264,53.88163],[-94.69951,53.87826],[-94.7018,53.87771],[-94.70584,53.87934],[-94.70679,53.87827],[-94.71353,53.88058],[-94.71471,53.88216],[-94.72576,53.88323],[-94.72804,53.88414],[-94.72391,53.88362],[-94.73606,53.88867]]]]}},{"type":"Feature","properties":{"name":"RM OF KELSEY","muni_no":"604","list_name":"KELSEY (RM)","region":"North"},"geometry":{"type":"MultiPolygon","coordinates":[[[[-101.2298,53.87268],[-101.23193,53.87324],[-101.2609,53.84061],[-101.23433,53.84442],[-101.23147,53.84109],[-101.21996,53.84229],[-101.21995,53.83753],[-101.1727,53.84786],[-101.15095,53.85573],[-101.11989,53.86034],[-101.08652,53.86276],[-101.05789,53.87014],[-101.04782,53.87028],[-101.03967,53.86825],[-101.03669,53.86524],[-101.03468,53.85786],[-101.03758,53.85136],[-101.04902,53.843],[-101.05462,53.83575],[-101.05688,53.81233],[-101.05633,53.80218],[-101.17676,53.80217],[-101.17676,53.71503],[-101.21859,53.71505],[-101.24625,53.68682],[-101.26075,53.67576],[-101.29162,53.66016],[-101.32173,53.65036],[-101.3645,53.62891],[-101.37664,53.61959],[-101.39108,53.61315],[-101.39103,53.58411],[-101.51391,53.5841],[-101.5138,53.59847],[-101.51778,53.60048],[-101.52192,53.60536],[-101.53916,53.61027],[-101.55217,53.61143],[-101.5595,53.60998],[-101.57666,53.61071],[-101.58753,53.60703],[-101.61192,53.61332],[-101.61643,53.61838],[-101.61738,53.61605],[-101.6212,53.61461],[-101.62035,53.60921],[-101.63416,53.61035],[-101.64488,53.60415],[-101.65342,53.60301],[-101.65626,53.60127],[-101.65839,53.59511],[-101.66547,53.59152],[-101.67522,53.59887],[-101.67829,53.604],[-101.69029,53.61159],[-101.69177,53.61555],[-101.70135,53.6211],[-101.73008,53.61974],[-101.73547,53.62605],[-101.73546,53.7151],[-101.74107,53.7151],[-101.7421,53.71708],[-101.74971,53.71868],[-101.75169,53.72251],[-101.7121,53.72361],[-101.71207,53.72729],[-101.70609,53.72736],[-101.70608,53.73095],[-101.70014,53.73107],[-101.70013,53.73437],[-101.68486,53.73454],[-101.68476,53.73839],[-101.69332,53.74179],[-101.69186,53.74593],[-101.68414,53.74732],[-101.68307,53.74966],[-101.68402,53.75665],[-101.67186,53.7623],[-101.67162,53.7731],[-101.63445,53.77295],[-101.63441,53.78039],[-101.62286,53.7804],[-101.62286,53.79526],[-101.59749,53.79509],[-101.59745,53.78405],[-101.56705,53.78045],[-101.56688,53.77662],[-101.55445,53.77665],[-101.55414,53.77297],[-101.54787,53.77297],[-101.52939,53.76589],[-101.52348,53.76582],[-101.52321,53.77667],[-101.49872,53.77661],[-101.49872,53.77311],[-101.49252,53.77313],[-101.46151,53.78782],[-101.44889,53.78774],[-101.44887,53.79506],[-101.42421,53.81321],[-101.42424,53.83125],[-101.42033,53.83126],[-101.41521,53.8271],[-101.40791,53.82894],[-101.40008,53.826],[-101.39533,53.82892],[-101.39423,53.83128],[-101.38807,53.83234],[-101.38419,53.82875],[-101.38036,53.82761],[-101.38002,53.82522],[-101.37615,53.82187],[-101.37366,53.82143],[-101.36202,53.82316],[-101.36091,53.82445],[-101.36246,53.82691],[-101.36158,53.82923],[-101.35725,53.82986],[-101.35777,53.83202],[-101.3515,53.83206],[-101.34907,53.83407],[-101.34321,53.83368],[-101.34054,53.82825],[-101.33492,53.82638],[-101.32908,53.82812],[-101.32477,53.82478],[-101.32059,53.83005],[-101.30287,53.83317],[-101.29694,53.8331],[-101.27047,53.82589],[-101.26363,53.82586],[-101.25875,53.82809],[-101.2587,53.82534],[-101.25433,53.82085],[-101.25267,53.81447],[-101.25407,53.8073],[-101.25075,53.80097],[-101.23707,53.80669],[-101.23155,53.80219],[-101.20151,53.80218],[-101.20161,53.81325],[-101.20455,53.81879],[-101.20175,53.81879],[-101.20151,53.83132],[-101.21408,53.83133],[-101.21336,53.82935],[-101.22519,53.82789],[-101.22833,53.83631],[-101.24991,53.83314],[-101.25467,53.83083],[-101.26531,53.83935],[-101.32691,53.85244],[-101.32938,53.8681],[-101.30412,53.88137],[-101.29849,53.88949],[-101.17676,53.88946],[-101.17676,53.86757],[-101.2007,53.86756],[-101.20071,53.87491],[-101.23044,53.87492],[-101.23156,53.87366],[-101.2298,53.87268]],[[-101.25059,53.85429],[-101.23237,53.87492],[-101.25059,53.87492],[-101.25059,53.85429]]],[[[-101.41036,54.23904],[-101.33567,54.23907],[-101.33567,54.15195],[-101.41033,54.15196],[-101.41036,54.23904]]],[[[-101.34358,54.5752],[-101.33438,54.57623],[-101.33158,54.5757],[-101.33238,54.57487],[-101.3308,54.57381],[-101.36882,54.57353],[-101.36887,54.56639],[-101.39393,54.56643],[-101.39397,54.55758],[-101.40701,54.55592],[-101.41805,54.55019],[-101.43178,54.54896],[-101.44423,54.54464],[-101.44337,54.56749],[-101.43153,54.56793],[-101.43414,54.56578],[-101.43322,54.56445],[-101.43122,54.56494],[-101.431,54.56247],[-101.42684,54.56623],[-101.42008,54.56574],[-101.42205,54.56364],[-101.41401,54.56419],[-101.41259,54.56582],[-101.41599,54.56839],[-101.41205,54.56701],[-101.40456,54.56779],[-101.39676,54.57079],[-101.39274,54.57028],[-101.38888,54.57463],[-101.39367,54.57454],[-101.39304,54.57607],[-101.38396,54.57716],[-101.38537,54.58228],[-101.39836,54.58253],[-101.39773,54.58466],[-101.39909,54.58603],[-101.40852,54.58317],[-101.41064,54.58402],[-101.40966,54.58483],[-101.4158,54.5854],[-101.41697,54.58486],[-101.41591,54.5824],[-101.4175,54.58271],[-101.41932,54.58575],[-101.41283,54.58798],[-101.417,54.58711],[-101.41783,54.58834],[-101.41233,54.59025],[-101.42377,54.58719],[-101.41246,54.59264],[-101.40384,54.59249],[-101.39904,54.594],[-101.41513,54.59368],[-101.41745,54.59205],[-101.4211,54.59312],[-101.42071,54.59523],[-101.43172,54.59595],[-101.43089,54.59854],[-101.42205,54.5999],[-101.42014,54.60217],[-101.40388,54.60007],[-101.39767,54.60228],[-101.39017,54.60225],[-101.39421,54.60386],[-101.39422,54.61713],[-101.34398,54.61719],[-101.34353,54.58551],[-101.33837,54.58399],[-101.34151,54.58231],[-101.34001,54.58157],[-101.34103,54.58046],[-101.34358,54.57979],[-101.34358,54.5752]]]]}},{"type":"Feature","properties":{"name":"MUNICIPALITY OF KILLARNEY-TURTLE MOUNTAIN","muni_no":"196","list_name":"KILLARNEY TURTLE MOUNTAIN (MUNICIPALITY)","region":"West & Parkland"},"geometry":{"type":"Polygon","coordinates":[[[-99.6309,49.26673],[-99.6309,49.35512],[-99.58853,49.35514],[-99.59,49.35335],[-99.57878,49.33528],[-99.57537,49.33376],[-99.57573,49.33216],[-99.5715,49.32937],[-99.5714,49.32767],[-99.56588,49.32524],[-99.55519,49.31637],[-99.54462,49.30987],[-99.51708,49.2975],[-99.50723,49.29491],[-99.49703,49.28938],[-99.47922,49.27533],[-99.4727,49.27721],[-99.47269,49.26671],[-99.49558,49.26673],[-99.49537,49.17759],[-99.48148,49.17759],[-99.48157,48.99944],[-99.88534,48.99922],[-99.88473,49.17753],[-99.90157,49.17751],[-99.90158,49.26666],[-99.6309,49.26673]]]}},{"type":"Feature","properties":{"name":"RM OF LA BROQUERIE","muni_no":"138","list_name":"LA BROQUERIE (RM)","region":"Southeast"},"geometry":{"type":"Polygon","coordinates":[[[-96.37471,49.2669],[-96.64574,49.26665],[-96.64587,49.5321],[-96.37515,49.53231],[-96.37471,49.2669]]]}},{"type":"Feature","properties":{"name":"RM OF LAC DU BONNET","muni_no":"139","list_name":"LAC DU BONNET (RM)","region":"Southeast"},"geometry":{"type":"MultiPolygon","coordinates":[[[[-95.97087,50.12583],[-95.97153,50.12307],[-95.97487,50.12226],[-96.00136,50.12586],[-96.01447,50.1194],[-96.02119,50.11899],[-96.02989,50.12433],[-96.03719,50.13433],[-95.95812,50.13453],[-95.95803,50.12813],[-95.97087,50.12583]]],[[[-95.92391,50.1372],[-95.90858,50.13519],[-95.89403,50.13664],[-95.89022,50.13887],[-95.89022,50.13442],[-95.93135,50.13447],[-95.93174,50.13549],[-95.92391,50.1372]]],[[[-95.8095,50.39601],[-95.81006,50.22149],[-95.82188,50.22146],[-95.82204,50.14893],[-95.83905,50.15335],[-95.8444,50.15815],[-95.84459,50.20706],[-95.92736,50.20717],[-95.92689,50.20391],[-95.9299,50.20248],[-95.93134,50.19669],[-95.93437,50.19486],[-95.93343,50.19252],[-95.95803,50.19264],[-95.95815,50.20728],[-96.06493,50.20722],[-96.06733,50.20178],[-96.0662,50.19255],[-96.08582,50.19256],[-96.08579,50.19424],[-96.09719,50.19428],[-96.09723,50.16449],[-96.08597,50.16446],[-96.08595,50.16575],[-96.08398,50.16576],[-96.08597,50.16343],[-96.06165,50.16344],[-96.0605,50.16079],[-96.05353,50.15578],[-96.05181,50.14179],[-96.0375,50.13433],[-96.08603,50.13438],[-96.0861,50.06129],[-96.3607,50.06128],[-96.36079,50.12032],[-96.35942,50.13525],[-96.36107,50.23835],[-96.35289,50.23835],[-96.35347,50.41509],[-96.07561,50.41503],[-96.07559,50.39643],[-95.8095,50.39601]],[[-96.06169,50.26645],[-96.06158,50.25874],[-96.06783,50.25616],[-96.06813,50.2487],[-96.0733,50.24363],[-96.064,50.24362],[-96.07003,50.23638],[-96.06029,50.23638],[-96.05869,50.24065],[-96.05468,50.24271],[-96.04897,50.24977],[-96.04666,50.2557],[-96.05385,50.26224],[-96.0563,50.26827],[-96.06169,50.26645]]]]}},{"type":"Feature","properties":{"name":"TOWN OF LAC DU BONNET","muni_no":"333","list_name":"LAC DU BONNET (TOWN)","region":"Southeast"},"geometry":{"type":"Polygon","coordinates":[[[-96.05468,50.24271],[-96.05869,50.24065],[-96.06029,50.23638],[-96.07003,50.23638],[-96.064,50.24362],[-96.0733,50.24363],[-96.06813,50.2487],[-96.06783,50.25616],[-96.06158,50.25874],[-96.06169,50.26645],[-96.0563,50.26827],[-96.05385,50.26224],[-96.04666,50.2557],[-96.04897,50.24977],[-96.05468,50.24271]]]}},{"type":"Feature","properties":{"name":"RM OF LAKESHORE","muni_no":"143","list_name":"LAKESHORE (RM)","region":"West & Parkland"},"geometry":{"type":"Polygon","coordinates":[[[-99.84581,51.15478],[-99.84583,51.15063],[-99.84928,51.15132],[-99.83604,51.1419],[-99.82138,51.13852],[-99.81671,51.14028],[-99.81036,51.13225],[-99.7978,51.1312],[-99.79493,51.13299],[-99.79197,51.12768],[-99.78211,51.12625],[-99.79141,51.12677],[-99.78232,51.12584],[-99.7807,51.12757],[-99.77646,51.12658],[-99.77906,51.12308],[-99.77827,51.12194],[-99.77061,51.11961],[-99.76476,51.12084],[-99.76178,51.11202],[-99.75824,51.11068],[-99.7434,51.11132],[-99.73543,51.10595],[-99.72826,51.10397],[-99.70387,51.10691],[-99.69936,51.10816],[-99.69615,51.1117],[-99.69406,51.10834],[-99.68637,51.10918],[-99.68439,51.11127],[-99.67835,51.10673],[-99.66438,51.10683],[-99.63861,51.11347],[-99.6365,51.11624],[-99.59217,51.14207],[-99.57979,51.15205],[-99.57691,51.15647],[-99.56689,51.1633],[-99.55519,51.18331],[-99.55831,51.19085],[-99.56223,51.19319],[-99.56704,51.19321],[-99.56862,51.19675],[-99.56772,51.20388],[-99.56904,51.20641],[-99.58901,51.21465],[-99.59269,51.22026],[-99.6013,51.22465],[-99.60848,51.23757],[-99.61629,51.24016],[-99.6215,51.24742],[-99.6331,51.25046],[-99.64147,51.25629],[-99.64791,51.25719],[-99.64997,51.26071],[-99.65312,51.2615],[-99.65954,51.26817],[-99.66503,51.27139],[-99.67201,51.2803],[-99.68859,51.28469],[-99.69233,51.29203],[-99.69735,51.29426],[-99.70746,51.30561],[-99.72216,51.31118],[-99.73728,51.32106],[-99.74641,51.32931],[-99.75078,51.33083],[-99.75517,51.33642],[-99.76291,51.33954],[-99.76974,51.34625],[-99.77531,51.34921],[-99.78212,51.35039],[-99.78732,51.35443],[-99.78848,51.36198],[-99.79586,51.36822],[-99.79991,51.3695],[-99.80437,51.37944],[-99.80848,51.38089],[-99.81423,51.38706],[-99.82242,51.38974],[-99.83038,51.40127],[-99.84876,51.4097],[-99.85178,51.41345],[-99.85102,51.41686],[-99.85292,51.42095],[-99.85583,51.42174],[-99.85499,51.42456],[-99.85777,51.42942],[-99.85728,51.43485],[-99.86205,51.43902],[-99.86547,51.43842],[-99.86889,51.44472],[-99.87118,51.44485],[-99.87244,51.44867],[-99.71383,51.44858],[-99.71442,51.536],[-99.62179,51.53708],[-99.43383,51.53633],[-99.43422,51.31812],[-99.43369,51.30231],[-99.43072,51.30231],[-99.43059,51.18443],[-99.54777,51.1845],[-99.5481,51.12535],[-99.5949,51.12525],[-99.59428,50.94858],[-99.57831,50.94857],[-99.57878,50.86027],[-99.83425,50.85988],[-99.83425,50.9485],[-99.85269,50.94853],[-99.85239,51.15477],[-99.84581,51.15478]]]}},{"type":"Feature","properties":{"name":"TOWN OF LEAF RAPIDS","muni_no":"428","list_name":"LEAF RAPIDS (TOWN)","region":"North"},"geometry":{"type":"Polygon","coordinates":[[[-100.17434,56.59462],[-99.37684,56.59469],[-99.37681,56.50749],[-99.35925,56.50748],[-99.35924,56.33303],[-100.14939,56.33304],[-100.14941,56.50744],[-100.17434,56.50745],[-100.17434,56.59462]]]}},{"type":"Feature","properties":{"name":"LITTLE GRAND RAPIDS-NORTHERN AFFAIRS ACT","muni_no":"760","list_name":"LITTLE GRAND RAPIDS (NORTHERN SETTLEMENT)","region":"North"},"geometry":{"type":"Polygon","coordinates":[[[-95.45102,52.04896],[-95.45104,52.03923],[-95.45913,52.04096],[-95.45768,52.03733],[-95.46067,52.03482],[-95.46605,52.03465],[-95.46416,52.0365],[-95.46496,52.03788],[-95.47234,52.04192],[-95.47105,52.04388],[-95.46733,52.04423],[-95.46921,52.04722],[-95.46771,52.04895],[-95.45102,52.04896]]]}},{"type":"Feature","properties":{"name":"LOON STRAITS-NORTHERN AFFAIRS ACT","muni_no":"761","list_name":"LOON STRAITS (NORTHERN SETTLEMENT)","region":"North"},"geometry":{"type":"Polygon","coordinates":[[[-96.59344,51.53547],[-96.59148,51.53324],[-96.59247,51.53169],[-96.58924,51.53175],[-96.58759,51.52948],[-96.5871,51.53122],[-96.58601,51.53162],[-96.58676,51.53084],[-96.57992,51.52426],[-96.58082,51.52333],[-96.57756,51.52179],[-96.57833,51.51929],[-96.57468,51.51643],[-96.57164,51.51643],[-96.57165,51.50345],[-96.57585,51.50344],[-96.57886,51.50739],[-96.58038,51.51185],[-96.57762,51.5134],[-96.57952,51.5129],[-96.58328,51.52004],[-96.58961,51.52203],[-96.59017,51.52444],[-96.59321,51.52452],[-96.59113,51.52695],[-96.5944,51.52684],[-96.59289,51.52735],[-96.59393,51.52789],[-96.59022,51.52804],[-96.59187,51.52999],[-96.59536,51.53038],[-96.59296,51.53163],[-96.59488,51.53402],[-96.60254,51.53383],[-96.60836,51.5362],[-96.60594,51.53834],[-96.60689,51.54237],[-96.59988,51.54171],[-96.60127,51.54037],[-96.59991,51.53846],[-96.59511,51.5393],[-96.59647,51.53798],[-96.5951,51.53488],[-96.59344,51.53547]]]}},{"type":"Feature","properties":{"name":"MUNICIPALITY OF LORNE","muni_no":"144","list_name":"LORNE (MUNICIPALITY)","region":"South-Central / Central Plains"},"geometry":{"type":"Polygon","coordinates":[[[-99.08854,49.35486],[-99.08875,49.53222],[-98.56768,49.53251],[-98.56769,49.53994],[-98.54482,49.53998],[-98.54472,49.53286],[-98.41017,49.53158],[-98.40838,49.39938],[-98.40954,49.35483],[-99.08854,49.35486]]]}},{"type":"Feature","properties":{"name":"MUNICIPALITY OF LOUISE","muni_no":"145","list_name":"LOUISE (MUNICIPALITY)","region":"South-Central / Central Plains"},"geometry":{"type":"Polygon","coordinates":[[[-98.95329,49.32481],[-98.95343,49.35446],[-98.81737,49.35457],[-98.81758,49.33985],[-98.79521,49.33935],[-98.79513,49.32464],[-98.77233,49.32478],[-98.77197,49.31024],[-98.73786,49.3098],[-98.73779,49.29532],[-98.72653,49.29538],[-98.7261,49.25099],[-98.7036,49.25106],[-98.70341,49.19938],[-98.68073,49.19943],[-98.68097,49.17731],[-98.67265,49.17732],[-98.67186,49.00015],[-99.07532,48.99989],[-99.07769,49.08853],[-99.07733,49.17725],[-99.08824,49.1773],[-99.08852,49.20662],[-99.06566,49.20654],[-99.06573,49.21415],[-99.02112,49.21384],[-99.02067,49.23611],[-99.00891,49.23617],[-99.00907,49.24368],[-99.02081,49.24367],[-99.02095,49.25095],[-99.00922,49.25093],[-99.00922,49.26577],[-98.99802,49.26579],[-98.99801,49.28057],[-98.97533,49.28062],[-98.97544,49.29549],[-98.96389,49.29549],[-98.96411,49.32499],[-98.95329,49.32481]]]}},{"type":"Feature","properties":{"name":"TOWN OF LYNN LAKE","muni_no":"614","list_name":"LYNN LAKE (TOWN)","region":"North"},"geometry":{"type":"Polygon","coordinates":[[[-100.80001,56.96668],[-100.80001,56.68183],[-101.33335,56.6818],[-101.33335,56.96668],[-100.80001,56.96668]]]}},{"type":"Feature","properties":{"name":"RM OF MACDONALD","muni_no":"146","list_name":"MACDONALD (RM)","region":"Winnipeg"},"geometry":{"type":"Polygon","coordinates":[[[-97.36822,49.80933],[-97.29938,49.80891],[-97.29938,49.81072],[-97.27655,49.81066],[-97.27655,49.81248],[-97.25371,49.81241],[-97.25371,49.81445],[-97.21967,49.81438],[-97.21969,49.79753],[-97.21409,49.7975],[-97.21405,49.75352],[-97.21965,49.75352],[-97.21977,49.70937],[-97.20865,49.70935],[-97.20838,49.69578],[-97.16954,49.70935],[-97.16258,49.70936],[-97.16245,49.66478],[-97.16805,49.66477],[-97.16808,49.65026],[-97.16244,49.65027],[-97.16242,49.62048],[-97.1792,49.62047],[-97.1792,49.60572],[-97.1852,49.60571],[-97.18519,49.59817],[-97.19076,49.59817],[-97.19077,49.59093],[-97.19636,49.59095],[-97.19642,49.58343],[-97.21345,49.58348],[-97.21368,49.57623],[-97.2251,49.57627],[-97.22526,49.56148],[-97.23684,49.56154],[-97.23691,49.55401],[-97.24778,49.55399],[-97.24784,49.54673],[-97.25384,49.54675],[-97.25394,49.53213],[-97.7317,49.53227],[-97.73256,49.79798],[-97.45926,49.79803],[-97.45926,49.80582],[-97.36822,49.80752],[-97.36822,49.80933]]]}},{"type":"Feature","properties":{"name":"MALLARD-NORTHERN AFFAIRS ACT","muni_no":"728","list_name":"MALLARD (NORTHERN COMMUNITY)","region":"North"},"geometry":{"type":"Polygon","coordinates":[[[-99.54661,51.91515],[-99.54693,51.92149],[-99.55042,51.924],[-99.54984,51.9275],[-99.55819,51.9334],[-99.56032,51.93751],[-99.56007,51.94762],[-99.56201,51.95403],[-99.5599,51.9554],[-99.56224,51.95726],[-99.55962,51.9572],[-99.5623,51.95906],[-99.56179,51.96056],[-99.56053,51.96012],[-99.56245,51.96215],[-99.56242,51.97454],[-99.56001,51.98249],[-99.55623,51.9804],[-99.5502,51.97078],[-99.54804,51.97037],[-99.5495,51.96572],[-99.5474,51.96489],[-99.54783,51.96295],[-99.54299,51.96393],[-99.54039,51.96797],[-99.54203,51.97222],[-99.54098,51.97293],[-99.54314,51.97594],[-99.54286,51.981],[-99.54099,51.98023],[-99.54132,51.98232],[-99.53745,51.98238],[-99.53883,51.98687],[-99.53644,51.98686],[-99.53495,51.99499],[-99.53786,51.99833],[-99.53385,51.99834],[-99.53352,51.97118],[-99.53793,51.97119],[-99.538,51.95874],[-99.526,51.95873],[-99.52602,51.9515],[-99.538,51.95151],[-99.53697,51.91497],[-99.54661,51.91515]]]}},{"type":"Feature","properties":{"name":"MANIGOTAGAN-NORTHERN AFFAIRS ACT","muni_no":"762","list_name":"MANIGOTAGAN (NORTHERN COMMUNITY)","region":"North"},"geometry":{"type":"Polygon","coordinates":[[[-96.35509,51.14056],[-96.25096,51.14013],[-96.25103,51.09285],[-96.34383,51.09141],[-96.34383,51.10377],[-96.4075,51.10372],[-96.40737,51.10546],[-96.40912,51.1063],[-96.40572,51.10652],[-96.40569,51.10823],[-96.40048,51.10722],[-96.39873,51.11076],[-96.39433,51.10918],[-96.38392,51.10952],[-96.38084,51.10716],[-96.37218,51.10728],[-96.3669,51.10992],[-96.36409,51.1133],[-96.36466,51.11458],[-96.3597,51.11543],[-96.35635,51.11397],[-96.35066,51.11716],[-96.34701,51.11543],[-96.3386,51.11539],[-96.33108,51.11218],[-96.33503,51.11113],[-96.33601,51.10995],[-96.33078,51.1113],[-96.32493,51.10901],[-96.31948,51.10931],[-96.32357,51.10635],[-96.31623,51.10917],[-96.30652,51.10761],[-96.30882,51.11102],[-96.31552,51.11085],[-96.31702,51.11243],[-96.32501,51.11321],[-96.32547,51.11525],[-96.32958,51.11489],[-96.33751,51.11771],[-96.34098,51.12273],[-96.34496,51.12379],[-96.34376,51.12546],[-96.3451,51.12634],[-96.34011,51.12947],[-96.3418,51.13102],[-96.34488,51.12685],[-96.34951,51.12753],[-96.34974,51.12599],[-96.34806,51.12598],[-96.35142,51.12533],[-96.35028,51.12591],[-96.35027,51.13191],[-96.35509,51.14056]],[[-96.30142,51.10622],[-96.2992,51.10768],[-96.30652,51.10761],[-96.30142,51.10622]],[[-96.29386,51.10014],[-96.2972,51.10473],[-96.30066,51.10578],[-96.29787,51.10234],[-96.29654,51.09837],[-96.298,51.09522],[-96.29566,51.0927],[-96.29508,51.09375],[-96.29765,51.0957],[-96.29212,51.0998],[-96.29386,51.10014]],[[-96.28946,51.09979],[-96.29127,51.10095],[-96.29212,51.0998],[-96.28946,51.09979]],[[-96.28737,51.0982],[-96.28556,51.10189],[-96.28946,51.09979],[-96.28737,51.0982]],[[-96.28556,51.10189],[-96.28296,51.1014],[-96.28537,51.10294],[-96.28556,51.10189]]]}},{"type":"Feature","properties":{"name":"MATHESON ISLAND-NORTHERN AFFAIRS ACT","muni_no":"763","list_name":"MATHESON ISLAND (NORTHERN COMMUNITY)","region":"North"},"geometry":{"type":"MultiPolygon","coordinates":[[[[-96.89622,51.69725],[-96.96058,51.69746],[-96.94818,51.70357],[-96.94099,51.7104],[-96.93407,51.70996],[-96.93056,51.71346],[-96.92035,51.71577],[-96.91142,51.7263],[-96.88362,51.73637],[-96.88364,51.70689],[-96.89591,51.70701],[-96.89622,51.69725]]],[[[-96.9341,51.72634],[-96.93704,51.72224],[-96.93627,51.72154],[-96.94214,51.72022],[-96.94321,51.72441],[-96.94431,51.72208],[-96.95024,51.71855],[-96.94783,51.71611],[-96.94337,51.71499],[-96.93677,51.71806],[-96.94037,51.71446],[-96.94759,51.71034],[-96.94624,51.71407],[-96.94874,51.71454],[-96.95882,51.70951],[-96.9748,51.71463],[-96.97703,51.71683],[-96.97486,51.7209],[-96.962,51.72804],[-96.94883,51.73353],[-96.9405,51.73348],[-96.93614,51.7353],[-96.93466,51.73998],[-96.92427,51.75062],[-96.92393,51.75472],[-96.91519,51.75841],[-96.91165,51.75712],[-96.91467,51.74812],[-96.93016,51.73211],[-96.93369,51.7266],[-96.93273,51.72625],[-96.9341,51.72634]]],[[[-96.91215,51.77455],[-96.91728,51.77291],[-96.91242,51.77026],[-96.9149,51.76878],[-96.92433,51.76603],[-96.93043,51.7682],[-96.9184,51.77347],[-96.9163,51.77999],[-96.90337,51.7865],[-96.89642,51.78683],[-96.88897,51.78496],[-96.88222,51.78042],[-96.90589,51.77014],[-96.90861,51.77005],[-96.90722,51.77028],[-96.91215,51.77455]]]]}},{"type":"Feature","properties":{"name":"MUNICIPALITY OF MCCREARY","muni_no":"147","list_name":"MCCREARY (MUNICIPALITY)","region":"West & Parkland"},"geometry":{"type":"Polygon","coordinates":[[[-99.27639,50.63887],[-99.55509,50.63888],[-99.5556,50.74201],[-99.56705,50.74201],[-99.56697,50.76399],[-99.57894,50.76356],[-99.57857,50.79313],[-99.58946,50.79315],[-99.58951,50.80009],[-99.60125,50.80006],[-99.60133,50.80764],[-99.5895,50.8078],[-99.58958,50.81512],[-99.62587,50.8151],[-99.62561,50.83828],[-99.637,50.83797],[-99.63679,50.84552],[-99.67204,50.84492],[-99.67201,50.85274],[-99.68333,50.85274],[-99.68341,50.86016],[-99.27652,50.86],[-99.27516,50.66859],[-99.27639,50.63887]]]}},{"type":"Feature","properties":{"name":"MEADOW PORTAGE-NORTHERN AFFAIRS ACT","muni_no":"729","list_name":"MEADOW PORTAGE (NORTHERN COMMUNITY)","region":"North"},"geometry":{"type":"MultiPolygon","coordinates":[[[[-99.71495,51.61464],[-99.70817,51.61162],[-99.70793,51.60484],[-99.7053,51.6006],[-99.70292,51.59879],[-99.69722,51.59905],[-99.69656,51.60211],[-99.69318,51.60484],[-99.68496,51.60307],[-99.67561,51.60636],[-99.67453,51.61045],[-99.67115,51.61353],[-99.66817,51.61381],[-99.66635,51.61169],[-99.6616,51.61278],[-99.65848,51.61919],[-99.65778,51.62487],[-99.65232,51.62681],[-99.64991,51.62278],[-99.64434,51.62184],[-99.64113,51.61636],[-99.6456,51.60546],[-99.64526,51.60134],[-99.64066,51.59853],[-99.64039,51.5995],[-99.63517,51.59776],[-99.63412,51.59896],[-99.63521,51.60104],[-99.63216,51.60154],[-99.62822,51.60543],[-99.62888,51.60653],[-99.62446,51.60655],[-99.62604,51.60757],[-99.6245,51.6093],[-99.62113,51.60759],[-99.62201,51.60945],[-99.62002,51.61004],[-99.62348,51.61273],[-99.62093,51.61358],[-99.62412,51.61804],[-99.61533,51.62133],[-99.62188,51.62613],[-99.62155,51.62835],[-99.62424,51.63206],[-99.6221,51.63708],[-99.62301,51.64081],[-99.62102,51.64145],[-99.62312,51.64892],[-99.62151,51.65119],[-99.6198,51.65102],[-99.62395,51.65207],[-99.61969,51.65391],[-99.62278,51.65544],[-99.62128,51.65541],[-99.62039,51.65768],[-99.62244,51.66183],[-99.62059,51.6618],[-99.62089,51.66313],[-99.6235,51.6664],[-99.62165,51.66681],[-99.62098,51.66969],[-99.62666,51.67814],[-99.62867,51.67937],[-99.62829,51.67733],[-99.63118,51.67452],[-99.63246,51.66972],[-99.63347,51.6702],[-99.6364,51.66557],[-99.636,51.66269],[-99.6382,51.66197],[-99.63806,51.65678],[-99.63272,51.6573],[-99.63311,51.65464],[-99.64368,51.65063],[-99.64526,51.6516],[-99.64291,51.65143],[-99.6421,51.65503],[-99.63805,51.65567],[-99.64181,51.65942],[-99.6407,51.6616],[-99.64857,51.66826],[-99.6538,51.66991],[-99.65659,51.67584],[-99.65749,51.67397],[-99.65768,51.67708],[-99.65574,51.67634],[-99.65527,51.67785],[-99.65749,51.67863],[-99.65683,51.68223],[-99.65602,51.6809],[-99.65418,51.68162],[-99.65309,51.68527],[-99.65468,51.68668],[-99.65069,51.69229],[-99.65728,51.69855],[-99.65565,51.69936],[-99.65675,51.70121],[-99.6552,51.7081],[-99.65607,51.71125],[-99.58518,51.71122],[-99.5851,51.75498],[-99.53806,51.75495],[-99.53855,51.733],[-99.53901,51.73575],[-99.54043,51.73445],[-99.54038,51.73658],[-99.54202,51.73662],[-99.54077,51.73937],[-99.54239,51.74327],[-99.54033,51.74466],[-99.54333,51.74398],[-99.54436,51.74703],[-99.54383,51.74442],[-99.54497,51.74388],[-99.54523,51.74734],[-99.54638,51.74795],[-99.54612,51.74432],[-99.54317,51.74313],[-99.54242,51.74021],[-99.54514,51.74055],[-99.54399,51.73949],[-99.54495,51.73634],[-99.54905,51.73242],[-99.54664,51.72844],[-99.549,51.72315],[-99.54904,51.70283],[-99.55074,51.70114],[-99.55152,51.69488],[-99.55535,51.69344],[-99.55692,51.6874],[-99.56162,51.68649],[-99.5631,51.68484],[-99.5592,51.68154],[-99.56184,51.68099],[-99.56252,51.68387],[-99.56775,51.68566],[-99.57122,51.68387],[-99.57148,51.68143],[-99.56966,51.67918],[-99.56336,51.67721],[-99.5654,51.67512],[-99.56671,51.67711],[-99.57228,51.67726],[-99.57094,51.67248],[-99.57271,51.66648],[-99.56656,51.6646],[-99.56811,51.66335],[-99.56666,51.66132],[-99.56785,51.65994],[-99.56693,51.65457],[-99.57197,51.64688],[-99.56818,51.64596],[-99.57151,51.6447],[-99.56612,51.64664],[-99.56636,51.64881],[-99.56321,51.65344],[-99.5612,51.65256],[-99.5598,51.6547],[-99.55574,51.65507],[-99.55557,51.65871],[-99.55671,51.65879],[-99.55802,51.66047],[-99.55481,51.66022],[-99.55111,51.6672],[-99.54908,51.6646],[-99.54993,51.6582],[-99.54594,51.65831],[-99.54603,51.65969],[-99.54335,51.65668],[-99.53573,51.65734],[-99.53378,51.66152],[-99.53853,51.66473],[-99.53946,51.6681],[-99.54389,51.67216],[-99.54237,51.67616],[-99.53639,51.67721],[-99.53886,51.6689],[-99.5381,51.66509],[-99.5353,51.66306],[-99.53294,51.66236],[-99.53107,51.66712],[-99.52869,51.66509],[-99.52519,51.66515],[-99.52329,51.66737],[-99.51699,51.66474],[-99.5153,51.66036],[-99.51881,51.64974],[-99.53024,51.64516],[-99.54018,51.64818],[-99.5525,51.64446],[-99.55777,51.63998],[-99.56252,51.63202],[-99.56849,51.63115],[-99.57387,51.62828],[-99.57568,51.62459],[-99.57386,51.62145],[-99.57388,51.6164],[-99.60814,51.61639],[-99.60812,51.61158],[-99.61725,51.59697],[-99.63241,51.58742],[-99.63239,51.55818],[-99.64434,51.55821],[-99.64446,51.5365],[-99.71442,51.536],[-99.71495,51.61464]],[[-99.56525,51.68532],[-99.56377,51.68679],[-99.56463,51.6875],[-99.56775,51.68566],[-99.56525,51.68532]],[[-99.56372,51.68706],[-99.56323,51.68994],[-99.56463,51.6875],[-99.56372,51.68706]]],[[[-99.56235,51.67633],[-99.56041,51.67479],[-99.56131,51.67279],[-99.56111,51.6739],[-99.56235,51.67633]]],[[[-99.56115,51.67762],[-99.56295,51.67846],[-99.55953,51.67918],[-99.56115,51.67762]]]]}},{"type":"Feature","properties":{"name":"TOWN OF MELITA","muni_no":"429","list_name":"MELITA (TOWN)","region":"West & Parkland"},"geometry":{"type":"Polygon","coordinates":[[[-101.00259,49.27404],[-100.99706,49.27505],[-100.99706,49.28129],[-100.9744,49.28127],[-100.97414,49.2665],[-101.00255,49.26651],[-101.00259,49.27404]]]}},{"type":"Feature","properties":{"name":"MUNICIPALITY OF MINITONAS-BOWSMAN","muni_no":"149","list_name":"MINITONAS-BOWSMAN (MUNICIPALITY)","region":"West & Parkland"},"geometry":{"type":"Polygon","coordinates":[[[-100.75198,52.31809],[-100.75159,51.97079],[-101.20405,51.96838],[-101.20402,52.23082],[-101.22166,52.23083],[-101.22154,52.24546],[-101.20356,52.24546],[-101.20397,52.31801],[-100.75198,52.31809]]]}},{"type":"Feature","properties":{"name":"TOWN OF MINNEDOSA","muni_no":"431","list_name":"MINNEDOSA (TOWN)","region":"West & Parkland"},"geometry":{"type":"Polygon","coordinates":[[[-99.88452,50.24037],[-99.88445,50.26258],[-99.81564,50.26259],[-99.81569,50.24037],[-99.82083,50.24037],[-99.82103,50.23312],[-99.87818,50.23318],[-99.87805,50.24037],[-99.88452,50.24037]]]}},{"type":"Feature","properties":{"name":"RM OF MINTO-ODANAH","muni_no":"159","list_name":"MINTO-ODANAH (RM)","region":"West & Parkland"},"geometry":{"type":"Polygon","coordinates":[[[-99.93549,50.06367],[-99.93536,50.24036],[-99.9539,50.24037],[-99.95393,50.41728],[-99.67756,50.41734],[-99.67732,50.24041],[-99.66041,50.24039],[-99.66041,50.06342],[-99.93549,50.06367]],[[-99.87805,50.24037],[-99.87818,50.23318],[-99.82103,50.23312],[-99.82083,50.24037],[-99.81569,50.24037],[-99.81564,50.26259],[-99.88445,50.26258],[-99.88452,50.24037],[-99.87805,50.24037]]]}},{"type":"Feature","properties":{"name":"RM OF MONTCALM","muni_no":"151","list_name":"MONTCALM (RM)","region":"South-Central / Central Plains"},"geometry":{"type":"Polygon","coordinates":[[[-97.27846,49.23638],[-97.26741,49.2364],[-97.26738,49.19206],[-97.30308,49.19209],[-97.31121,49.18812],[-97.30847,49.18658],[-97.30257,49.19009],[-97.29825,49.19056],[-97.29009,49.18584],[-97.28843,49.18295],[-97.28934,49.18074],[-97.30196,49.17986],[-97.30472,49.1784],[-97.30515,49.17588],[-97.30223,49.17501],[-97.29564,49.17651],[-97.2922,49.17528],[-97.28228,49.1622],[-97.27285,49.15489],[-97.27151,49.15028],[-97.27698,49.14587],[-97.27704,49.14346],[-97.27298,49.14313],[-97.26486,49.1489],[-97.25931,49.14785],[-97.25424,49.14194],[-97.25461,49.1327],[-97.25125,49.12784],[-97.24649,49.12459],[-97.23433,49.1222],[-97.23453,49.11894],[-97.24285,49.11534],[-97.23991,49.10835],[-97.23964,49.10274],[-97.234,49.10034],[-97.22494,49.10424],[-97.2214,49.10374],[-97.22525,49.09895],[-97.21589,49.0961],[-97.21307,49.08271],[-97.21399,49.07948],[-97.21868,49.07662],[-97.21899,49.07441],[-97.20843,49.07514],[-97.20327,49.07328],[-97.20548,49.0683],[-97.19879,49.06299],[-97.20002,49.05328],[-97.1973,49.05129],[-97.18906,49.05041],[-97.18738,49.04864],[-97.18805,49.04644],[-97.19511,49.04258],[-97.1966,49.04015],[-97.18858,49.03721],[-97.18759,49.03515],[-97.1957,49.03283],[-97.199,49.03021],[-97.20224,49.032],[-97.22409,49.03203],[-97.22406,49.03746],[-97.25764,49.03749],[-97.25751,49.00047],[-97.32512,49.00048],[-97.32475,49.089],[-97.45993,49.08858],[-97.45965,49.26596],[-97.36873,49.266],[-97.36862,49.3196],[-97.32542,49.32015],[-97.31795,49.31824],[-97.31575,49.31946],[-97.31992,49.32352],[-97.3309,49.3276],[-97.33496,49.33203],[-97.3373,49.34186],[-97.33428,49.34876],[-97.34117,49.34803],[-97.34551,49.34918],[-97.35225,49.355],[-97.18818,49.35467],[-97.18822,49.26606],[-97.27847,49.26579],[-97.27846,49.23638]]]}},{"type":"Feature","properties":{"name":"MOOSE LAKE-NORTHERN AFFAIRS ACT","muni_no":"787","list_name":"MOOSE LAKE (NORTHERN COMMUNITY)","region":"North"},"geometry":{"type":"Polygon","coordinates":[[[-100.34652,53.71626],[-100.34563,53.71479],[-100.33373,53.71477],[-100.33384,53.70869],[-100.32774,53.70865],[-100.32787,53.70146],[-100.32444,53.70278],[-100.31395,53.70265],[-100.31374,53.70537],[-100.31044,53.70537],[-100.31229,53.70809],[-100.30848,53.70842],[-100.30524,53.7062],[-100.30953,53.70126],[-100.31362,53.70124],[-100.33351,53.69364],[-100.3608,53.67786],[-100.36366,53.67784],[-100.36361,53.68733],[-100.37653,53.69183],[-100.37663,53.70292],[-100.39599,53.70344],[-100.39601,53.71486],[-100.35182,53.7149],[-100.34652,53.71626]]]}},{"type":"Feature","properties":{"name":"CITY OF MORDEN","muni_no":"433","list_name":"MORDEN (CITY)","region":"South-Central / Central Plains"},"geometry":{"type":"MultiPolygon","coordinates":[[[[-98.069,49.20696],[-98.06932,49.18889],[-98.08593,49.18874],[-98.08588,49.17754],[-98.08861,49.17754],[-98.08857,49.17031],[-98.11108,49.17027],[-98.1111,49.17779],[-98.14844,49.1778],[-98.14851,49.18499],[-98.16004,49.18502],[-98.16005,49.19977],[-98.14852,49.19972],[-98.14849,49.21452],[-98.09287,49.21448],[-98.09192,49.20695],[-98.069,49.20696]]],[[[-98.069,49.20696],[-98.06511,49.20717],[-98.0639,49.20847],[-98.06942,49.20846],[-98.06942,49.2112],[-98.0639,49.20905],[-98.06392,49.21451],[-98.06307,49.20889],[-98.05182,49.20891],[-98.05128,49.207],[-98.05167,49.20613],[-98.069,49.20696]]]]}},{"type":"Feature","properties":{"name":"RM OF MORRIS","muni_no":"152","list_name":"MORRIS (RM)","region":"South-Central / Central Plains"},"geometry":{"type":"Polygon","coordinates":[[[-97.73067,49.2663],[-97.73085,49.53227],[-97.20268,49.53197],[-97.16593,49.52489],[-97.1774,49.52492],[-97.1774,49.50253],[-97.18296,49.50252],[-97.18301,49.4877],[-97.18808,49.48767],[-97.18818,49.35467],[-97.35225,49.355],[-97.35501,49.3575],[-97.34994,49.36035],[-97.34741,49.36387],[-97.37189,49.3639],[-97.37306,49.35912],[-97.38835,49.35696],[-97.39161,49.35458],[-97.3916,49.34732],[-97.38972,49.34732],[-97.38972,49.34246],[-97.38585,49.34072],[-97.38703,49.33981],[-97.3624,49.34005],[-97.35727,49.34107],[-97.35543,49.34281],[-97.35529,49.35093],[-97.34696,49.35057],[-97.34551,49.34918],[-97.34117,49.34803],[-97.33428,49.34876],[-97.3373,49.34186],[-97.33496,49.33203],[-97.3309,49.3276],[-97.31992,49.32352],[-97.31575,49.31946],[-97.31795,49.31824],[-97.32542,49.32015],[-97.36862,49.3196],[-97.36873,49.266],[-97.73067,49.2663]]]}},{"type":"Feature","properties":{"name":"TOWN OF MORRIS","muni_no":"435","list_name":"MORRIS (TOWN)","region":"South-Central / Central Plains"},"geometry":{"type":"Polygon","coordinates":[[[-97.3624,49.34005],[-97.38703,49.33981],[-97.38585,49.34072],[-97.38972,49.34246],[-97.38972,49.34732],[-97.3916,49.34732],[-97.39161,49.35458],[-97.38835,49.35696],[-97.37306,49.35912],[-97.37189,49.3639],[-97.34741,49.36387],[-97.34994,49.36035],[-97.35501,49.3575],[-97.34696,49.35057],[-97.35529,49.35093],[-97.35543,49.34281],[-97.35727,49.34107],[-97.3624,49.34005]]]}},{"type":"Feature","properties":{"name":"MOSSEY RIVER MUNICIPALITY","muni_no":"154","list_name":"MOSSEY RIVER (MUNICIPALITY)","region":"West & Parkland"},"geometry":{"type":"Polygon","coordinates":[[[-100.2759,51.44872],[-100.27605,51.62385],[-100.29775,51.6238],[-100.29774,51.711],[-100.03813,51.71116],[-100.03725,51.70802],[-100.01799,51.70595],[-100.00077,51.70952],[-99.99603,51.71314],[-99.98681,51.71523],[-99.98398,51.71947],[-99.98334,51.72358],[-99.98622,51.72652],[-99.97995,51.74195],[-99.98222,51.74645],[-99.9839,51.74659],[-99.98378,51.74506],[-99.98624,51.74573],[-99.98572,51.74448],[-99.98751,51.74393],[-99.98555,51.74099],[-99.98643,51.7402],[-99.9849,51.74113],[-99.98595,51.73996],[-99.98713,51.7402],[-99.98652,51.74134],[-99.9896,51.74405],[-99.98399,51.76224],[-99.9881,51.77008],[-99.98751,51.77814],[-99.99229,51.77976],[-99.99846,51.77926],[-100.00063,51.78483],[-100.00425,51.7842],[-100.00534,51.78118],[-100.00586,51.78789],[-100.0008,51.79886],[-99.99654,51.80194],[-99.99377,51.8019],[-99.99197,51.80424],[-99.99411,51.80873],[-99.99973,51.81158],[-99.9881,51.83946],[-99.98686,51.83817],[-99.98602,51.83987],[-99.9846,51.82789],[-99.97909,51.82858],[-99.9758,51.83278],[-99.97376,51.84035],[-99.97662,51.84187],[-99.97707,51.84385],[-99.97378,51.85631],[-99.97751,51.85849],[-99.98469,51.85798],[-99.9857,51.86631],[-99.98379,51.87737],[-99.98184,51.88126],[-99.97777,51.88357],[-99.97547,51.89054],[-99.97642,51.89184],[-99.96956,51.88839],[-99.96508,51.89222],[-99.96627,51.91331],[-99.97102,51.92001],[-99.97157,51.92629],[-99.9779,51.92247],[-99.98945,51.89706],[-99.98661,51.8905],[-99.98957,51.87513],[-99.98726,51.87505],[-99.99236,51.87097],[-99.99319,51.87581],[-99.9963,51.87721],[-99.99608,51.88154],[-99.99975,51.88158],[-100.00104,51.87923],[-100.00006,51.87817],[-100.00174,51.87798],[-100.00202,51.88697],[-99.99865,51.89609],[-100.0046,51.89778],[-100.00461,51.92236],[-100.00715,51.9257],[-100.01212,51.92793],[-100.00918,51.94593],[-100.01304,51.95314],[-100.01319,51.96141],[-100.01653,51.96393],[-100.01538,51.97349],[-100.0193,51.97777],[-100.01494,51.98858],[-100.01557,51.99266],[-100.01344,51.99389],[-100.00931,52.00642],[-100.01172,52.00916],[-100.0169,52.00408],[-100.02004,51.99194],[-100.0213,51.99505],[-100.02604,51.99436],[-100.03006,51.97806],[-100.03024,51.97615],[-100.02887,51.97786],[-100.02847,51.97627],[-100.03161,51.974],[-100.03252,51.98141],[-100.03582,51.98458],[-100.03268,51.98122],[-100.03301,51.97872],[-100.0348,51.97925],[-100.03828,51.98651],[-100.03938,51.99106],[-100.03731,51.99162],[-100.03752,51.99334],[-100.03946,51.99617],[-100.04094,51.99575],[-100.03863,51.99343],[-100.04075,51.99381],[-100.04331,51.99955],[-100.03998,52.00776],[-100.0412,52.01155],[-100.03289,52.02085],[-100.03214,52.02637],[-100.02894,52.03237],[-100.03068,52.03601],[-100.02847,52.0383],[-100.02919,52.03972],[-100.02085,52.04111],[-100.01363,52.04607],[-100.01484,52.03799],[-100.02159,52.03126],[-100.02019,52.03153],[-100.02347,52.02682],[-100.02163,52.02676],[-100.02441,52.02413],[-100.02445,52.01941],[-100.01966,52.02134],[-100.01957,52.019],[-100.02144,52.0194],[-100.02277,52.01608],[-100.02109,52.01687],[-100.02122,52.01462],[-100.01928,52.01464],[-100.01205,52.02691],[-100.01289,52.02944],[-100.01125,52.03006],[-100.0092,52.03488],[-100.00747,52.04278],[-100.00101,52.04972],[-100.00029,52.04716],[-99.99901,52.04729],[-99.99984,52.05193],[-99.99469,52.0518],[-99.98668,52.05548],[-99.98515,52.05809],[-99.97711,52.05799],[-99.97531,52.05501],[-99.97488,52.04981],[-99.97707,52.03956],[-99.97497,52.03714],[-99.97567,52.03286],[-99.97138,52.03068],[-99.97332,52.02388],[-99.97132,52.02218],[-99.96658,52.02172],[-99.95704,52.011],[-99.96092,52.0078],[-99.96197,51.99912],[-99.95584,52.00244],[-99.96119,51.99555],[-99.95643,51.99641],[-99.9536,51.99973],[-99.9503,51.99883],[-99.95036,52.00018],[-99.94946,51.99218],[-99.95066,51.98757],[-99.94683,51.98649],[-99.94423,51.98809],[-99.93917,51.98006],[-99.94027,51.97516],[-99.94681,51.97223],[-99.94701,51.96755],[-99.95102,51.96659],[-99.95337,51.96418],[-99.95301,51.95109],[-99.95034,51.94606],[-99.95158,51.93957],[-99.94723,51.93357],[-99.94653,51.92963],[-99.9491,51.92203],[-99.944,51.90646],[-99.94533,51.90003],[-99.94266,51.89821],[-99.94304,51.89521],[-99.94117,51.88996],[-99.93981,51.8893],[-99.9396,51.88795],[-99.9404,51.88738],[-99.94043,51.88644],[-99.93995,51.88606],[-99.94033,51.88699],[-99.9395,51.88773],[-99.93939,51.88924],[-99.9408,51.89091],[-99.93703,51.89116],[-99.92918,51.90446],[-99.93012,51.90551],[-99.92848,51.91019],[-99.92611,51.9118],[-99.9222,51.91959],[-99.92459,51.92285],[-99.92189,51.92384],[-99.92137,51.92825],[-99.918,51.93337],[-99.91173,51.92336],[-99.91472,51.91543],[-99.91379,51.90266],[-99.9171,51.90178],[-99.92093,51.90245],[-99.91399,51.90338],[-99.91443,51.90555],[-99.91727,51.90354],[-99.91603,51.91066],[-99.91894,51.91344],[-99.92274,51.90981],[-99.92271,51.90564],[-99.92559,51.90095],[-99.92594,51.89282],[-99.92427,51.88684],[-99.91832,51.89346],[-99.91602,51.88869],[-99.91758,51.88391],[-99.91516,51.88278],[-99.91525,51.88079],[-99.91644,51.88009],[-99.91556,51.8777],[-99.91756,51.87089],[-99.91065,51.86857],[-99.91205,51.86493],[-99.91107,51.85937],[-99.89973,51.85916],[-99.89739,51.86368],[-99.89639,51.87816],[-99.89416,51.88456],[-99.89281,51.88448],[-99.89949,51.85294],[-99.90547,51.84231],[-99.90876,51.83965],[-99.90415,51.84275],[-99.90156,51.8364],[-99.89495,51.83487],[-99.89373,51.8358],[-99.8949,51.83355],[-99.8977,51.83256],[-99.89592,51.82912],[-99.902,51.82846],[-99.9071,51.82463],[-99.90992,51.8165],[-99.90633,51.81242],[-99.91114,51.80814],[-99.91276,51.80008],[-99.9156,51.7952],[-99.92315,51.79201],[-99.92555,51.7894],[-99.92725,51.79217],[-99.93255,51.79068],[-99.93244,51.79506],[-99.93734,51.79834],[-99.93446,51.80146],[-99.93845,51.80521],[-99.93614,51.81882],[-99.93807,51.82026],[-99.93761,51.82151],[-99.94353,51.82265],[-99.94421,51.82038],[-99.94681,51.81923],[-99.94983,51.80988],[-99.95909,51.79595],[-99.95977,51.79031],[-99.95657,51.79052],[-99.95576,51.78749],[-99.96378,51.77627],[-99.96521,51.77063],[-99.96264,51.76938],[-99.9563,51.77257],[-99.95378,51.78054],[-99.94549,51.78651],[-99.94911,51.77389],[-99.94557,51.77213],[-99.95378,51.7695],[-99.94545,51.77122],[-99.94497,51.76743],[-99.94243,51.767],[-99.94065,51.768],[-99.94301,51.76998],[-99.94219,51.77204],[-99.94223,51.76954],[-99.93979,51.76789],[-99.94026,51.76162],[-99.93866,51.75713],[-99.94212,51.75075],[-99.94328,51.74423],[-99.95079,51.73254],[-99.94975,51.72532],[-99.95438,51.71926],[-99.95117,51.71765],[-99.94849,51.7121],[-99.95653,51.6991],[-99.9541,51.69461],[-99.9549,51.68729],[-99.95213,51.68116],[-99.95297,51.67886],[-99.95004,51.67674],[-99.9474,51.67715],[-99.94216,51.68542],[-99.93733,51.68726],[-99.9376,51.67976],[-99.92907,51.67529],[-99.93118,51.66753],[-99.93013,51.66437],[-99.92175,51.65976],[-99.91998,51.65744],[-99.92084,51.6557],[-99.91743,51.65466],[-99.91977,51.65466],[-99.91818,51.65414],[-99.91896,51.65334],[-99.90437,51.65271],[-99.90068,51.65381],[-99.9002,51.65031],[-99.89642,51.64854],[-99.89684,51.64748],[-99.88938,51.64805],[-99.88884,51.6449],[-99.88706,51.64431],[-99.87894,51.64447],[-99.87235,51.64919],[-99.86835,51.64921],[-99.86872,51.647],[-99.86734,51.64597],[-99.86613,51.64678],[-99.86454,51.65162],[-99.86318,51.65299],[-99.86906,51.63902],[-99.86947,51.63484],[-99.86626,51.63325],[-99.86711,51.63155],[-99.85584,51.62925],[-99.85284,51.62613],[-99.84796,51.62524],[-99.84442,51.62248],[-99.84174,51.61612],[-99.83606,51.61128],[-99.83568,51.60416],[-99.82542,51.60308],[-99.82069,51.60452],[-99.81876,51.60802],[-99.81202,51.60834],[-99.80709,51.60449],[-99.80676,51.60565],[-99.80695,51.60237],[-99.8043,51.60085],[-99.80661,51.59365],[-99.80311,51.59105],[-99.8049,51.59029],[-99.80716,51.58353],[-99.80487,51.58124],[-99.80641,51.57853],[-99.80758,51.57971],[-99.8071,51.57839],[-99.80925,51.57873],[-99.80983,51.57684],[-99.81845,51.57757],[-99.81756,51.57669],[-99.82158,51.57695],[-99.82066,51.57635],[-99.82384,51.57443],[-99.82788,51.57475],[-99.8244,51.57424],[-99.82503,51.57342],[-99.81912,51.57578],[-99.81029,51.5754],[-99.80717,51.57168],[-99.80803,51.57059],[-99.80311,51.56899],[-99.79999,51.57207],[-99.79063,51.57657],[-99.78812,51.57639],[-99.78843,51.57502],[-99.78499,51.57297],[-99.77438,51.57467],[-99.76789,51.57405],[-99.76319,51.57768],[-99.76553,51.57943],[-99.76287,51.58729],[-99.76273,51.58367],[-99.75894,51.58688],[-99.75339,51.58501],[-99.74916,51.58553],[-99.74112,51.59171],[-99.7402,51.59468],[-99.74228,51.59641],[-99.74002,51.60082],[-99.74098,51.60213],[-99.74043,51.60331],[-99.73975,51.60132],[-99.73673,51.60078],[-99.72511,51.60412],[-99.72778,51.60626],[-99.72668,51.6074],[-99.72892,51.61451],[-99.72604,51.6202],[-99.7226,51.62267],[-99.71999,51.61768],[-99.71456,51.61478],[-99.71383,51.44858],[-99.87244,51.44867],[-99.87746,51.45238],[-99.89479,51.45574],[-99.91285,51.45323],[-99.92965,51.44849],[-100.2759,51.44872]]]}},{"type":"Feature","properties":{"name":"RM OF MOUNTAIN","muni_no":"617","list_name":"MOUNTAIN (RM)","region":"West & Parkland"},"geometry":{"type":"MultiPolygon","coordinates":[[[[-100.46551,52.05613],[-100.46561,52.01243],[-100.25027,52.01257],[-100.25013,52.00519],[-100.24328,52.00517],[-100.24325,52.00407],[-100.18876,52.00408],[-100.19289,51.98789],[-100.17984,51.98788],[-100.1799,51.98343],[-100.1908,51.98341],[-100.19067,51.97116],[-100.12543,51.97128],[-100.1248,51.96919],[-100.12193,51.96873],[-100.11974,51.97107],[-100.1171,51.96946],[-100.1129,51.97033],[-100.11285,51.97366],[-100.10866,51.97626],[-100.11263,51.96897],[-100.11714,51.96607],[-100.12011,51.95742],[-100.12723,51.95222],[-100.13412,51.93444],[-100.13561,51.92382],[-100.13126,51.92023],[-100.13577,51.91285],[-100.13402,51.91035],[-100.12913,51.90981],[-100.13486,51.90793],[-100.13706,51.90918],[-100.13674,51.90797],[-100.13954,51.90746],[-100.13796,51.9029],[-100.13807,51.89215],[-100.13264,51.88954],[-100.12978,51.89244],[-100.12695,51.89239],[-100.12557,51.89097],[-100.12536,51.8852],[-100.12237,51.88301],[-100.11755,51.88342],[-100.11701,51.8758],[-100.11234,51.87505],[-100.11509,51.86467],[-100.11248,51.85974],[-100.11137,51.85286],[-100.10827,51.85095],[-100.0974,51.85132],[-100.09381,51.857],[-100.09121,51.85805],[-100.09102,51.85438],[-100.09476,51.84335],[-100.0923,51.84135],[-100.08843,51.84121],[-100.08951,51.83594],[-100.0866,51.83228],[-100.08862,51.82764],[-100.08772,51.82362],[-100.09094,51.82301],[-100.09161,51.82192],[-100.09316,51.82248],[-100.09263,51.82345],[-100.09404,51.82476],[-100.09329,51.82291],[-100.09607,51.81889],[-100.09348,51.81606],[-100.09471,51.81549],[-100.09685,51.81351],[-100.09404,51.81564],[-100.09199,51.81355],[-100.08878,51.82316],[-100.08825,51.82018],[-100.08402,51.81822],[-100.08652,51.80547],[-100.08531,51.80166],[-100.0823,51.79971],[-100.08499,51.79862],[-100.08639,51.79549],[-100.08415,51.79182],[-100.07939,51.78933],[-100.08168,51.78696],[-100.08077,51.78604],[-100.08197,51.7854],[-100.08136,51.78473],[-100.08256,51.78344],[-100.0825,51.78161],[-100.08051,51.78611],[-100.0814,51.78701],[-100.07899,51.78927],[-100.08154,51.79164],[-100.0811,51.79351],[-100.07584,51.79426],[-100.07379,51.79722],[-100.0714,51.79651],[-100.0708,51.79773],[-100.07448,51.78348],[-100.07537,51.77327],[-100.06971,51.76869],[-100.06187,51.76811],[-100.06098,51.76701],[-100.0617,51.76615],[-100.06229,51.76685],[-100.06152,51.76718],[-100.06186,51.76746],[-100.06648,51.76615],[-100.06167,51.76729],[-100.06243,51.76693],[-100.06299,51.76417],[-100.06443,51.76372],[-100.06472,51.76348],[-100.06408,51.76279],[-100.0646,51.76353],[-100.06294,51.76399],[-100.06277,51.76476],[-100.06105,51.76418],[-100.06239,51.76491],[-100.06008,51.76642],[-100.06029,51.76799],[-100.05486,51.77185],[-100.05509,51.76585],[-100.05858,51.75931],[-100.05564,51.75763],[-100.0554,51.75516],[-100.04607,51.76128],[-100.04675,51.76293],[-100.0426,51.76829],[-100.04568,51.76144],[-100.04491,51.75814],[-100.04633,51.75799],[-100.04394,51.75702],[-100.04275,51.75339],[-100.04927,51.74663],[-100.05099,51.74665],[-100.05044,51.74757],[-100.05265,51.74834],[-100.05064,51.7476],[-100.0517,51.74645],[-100.04847,51.74299],[-100.04875,51.74014],[-100.05276,51.73732],[-100.05176,51.73108],[-100.05345,51.73071],[-100.06166,51.73704],[-100.06358,51.73695],[-100.05504,51.73125],[-100.05522,51.72555],[-100.05178,51.72616],[-100.05247,51.72406],[-100.05065,51.72318],[-100.05297,51.72062],[-100.04727,51.72124],[-100.04693,51.724],[-100.04522,51.72485],[-100.05082,51.72636],[-100.04234,51.72595],[-100.03846,51.72723],[-100.04184,51.71556],[-100.03813,51.71116],[-100.65213,51.7113],[-100.65237,51.72581],[-100.69965,51.72566],[-100.69945,51.7401],[-100.6761,51.74032],[-100.67605,51.75485],[-100.65219,51.75485],[-100.65167,51.88577],[-100.72311,51.88535],[-100.72287,51.97086],[-100.75159,51.97079],[-100.75163,52.23093],[-100.6087,52.23075],[-100.60883,52.05623],[-100.46551,52.05613]]],[[[-100.77673,52.66741],[-100.77639,52.63721],[-100.82022,52.61277],[-100.8215,52.60923],[-100.83381,52.6002],[-100.83488,52.59536],[-100.8318,52.59308],[-100.83185,52.59041],[-100.86076,52.57123],[-100.86739,52.55868],[-100.86723,52.55329],[-100.8637,52.55229],[-100.8648,52.54248],[-100.85559,52.53892],[-100.85438,52.52935],[-100.85203,52.53068],[-100.85058,52.52916],[-100.84711,52.52917],[-100.84468,52.53339],[-100.84145,52.53483],[-100.84381,52.53456],[-100.84526,52.53719],[-100.83674,52.54383],[-100.83101,52.5444],[-100.8283,52.54404],[-100.83094,52.54177],[-100.82825,52.53877],[-100.83048,52.53441],[-100.82976,52.52903],[-100.86019,52.5287],[-100.87779,52.51139],[-100.87689,52.49759],[-100.84595,52.49832],[-100.84127,52.49012],[-100.82366,52.48048],[-100.82298,52.31821],[-101.22337,52.31805],[-101.21866,52.32145],[-101.20652,52.32533],[-101.20672,52.33275],[-101.15881,52.33286],[-101.15892,52.34733],[-101.13497,52.3474],[-101.13495,52.3912],[-101.12287,52.39123],[-101.12305,52.40559],[-101.1112,52.40562],[-101.11143,52.47864],[-101.08718,52.47854],[-101.08707,52.52206],[-101.09907,52.52194],[-101.09907,52.52937],[-101.09902,52.53667],[-101.08706,52.53673],[-101.08683,52.63838],[-101.11054,52.63846],[-101.11083,52.65309],[-101.13958,52.6529],[-101.13965,52.66763],[-101.16374,52.66748],[-101.16347,52.73291],[-101.1872,52.73289],[-101.18767,52.75434],[-101.11535,52.75446],[-101.11525,52.84202],[-100.94612,52.8418],[-100.94562,52.6672],[-100.77673,52.66741]]]]}},{"type":"Feature","properties":{"name":"LGD OF MYSTERY LAKE","muni_no":"608","list_name":"MYSTERY LAKE (LGD)","region":"North"},"geometry":{"type":"Polygon","coordinates":[[[-97.32282,55.95176],[-97.32997,55.945],[-97.33477,55.94386],[-97.34239,55.94519],[-97.36074,55.94155],[-97.37312,55.93409],[-97.3803,55.93182],[-97.3943,55.93087],[-97.40548,55.92769],[-97.41949,55.92764],[-97.4426,55.91835],[-97.4627,55.91407],[-97.46268,55.54773],[-97.385,55.54776],[-97.38512,55.41671],[-97.61655,55.41691],[-97.61655,55.46051],[-97.86052,55.46055],[-97.7729,55.5233],[-97.7731,55.56228],[-97.92832,55.56246],[-97.92832,55.53329],[-97.99793,55.53334],[-98.05758,55.49593],[-98.09604,55.51327],[-98.10927,55.50809],[-98.10928,55.49713],[-98.08355,55.49707],[-98.08355,55.46052],[-98.07817,55.46052],[-98.07816,55.40242],[-97.98959,55.40224],[-97.96067,55.40803],[-97.95579,55.41599],[-97.92429,55.4288],[-97.92429,55.28599],[-98.07816,55.28599],[-98.07816,55.19871],[-98.23202,55.19871],[-98.23202,55.11152],[-98.4887,55.11155],[-98.48851,55.12632],[-98.51405,55.12631],[-98.51424,55.11154],[-98.69362,55.11156],[-98.69362,55.28598],[-98.53976,55.28599],[-98.53977,55.4605],[-98.23878,55.46053],[-98.23878,55.63496],[-98.11634,55.63499],[-98.10157,55.64566],[-98.09927,55.6486],[-98.09826,55.6549],[-98.09439,55.65876],[-98.09367,55.66169],[-98.08626,55.6667],[-98.08677,55.67074],[-98.08356,55.67395],[-98.08356,55.80948],[-98.08916,55.80949],[-98.08916,55.89673],[-98.02458,55.89676],[-98.02379,55.90882],[-98.01876,55.91471],[-98.01403,55.91744],[-98.01768,55.91966],[-98.01571,55.9208],[-98.00529,55.91999],[-98.00523,55.91797],[-98.00202,55.91732],[-97.99883,55.91779],[-97.99135,55.9228],[-97.98578,55.92397],[-97.96817,55.9241],[-97.96413,55.92256],[-97.95937,55.92417],[-97.94968,55.92088],[-97.93965,55.91961],[-97.93448,55.92122],[-97.92898,55.92553],[-97.92137,55.92536],[-97.91742,55.92741],[-97.91334,55.9243],[-97.91344,55.92857],[-97.90618,55.92593],[-97.90869,55.93085],[-97.90228,55.93067],[-97.90396,55.93403],[-97.90215,55.94236],[-97.89704,55.94644],[-97.89267,55.94805],[-97.88865,55.9474],[-97.88589,55.94922],[-97.88223,55.94655],[-97.87708,55.94928],[-97.87187,55.94887],[-97.86638,55.95408],[-97.85433,55.95281],[-97.84915,55.95375],[-97.84351,55.95221],[-97.83238,55.95656],[-97.8253,55.96268],[-97.82012,55.96361],[-97.81421,55.96837],[-97.80464,55.97068],[-97.80952,55.97424],[-97.80853,55.98402],[-97.20746,55.98403],[-97.22608,55.98208],[-97.22726,55.97848],[-97.22563,55.97489],[-97.22881,55.97062],[-97.24123,55.96947],[-97.27242,55.96042],[-97.30003,55.95676],[-97.32282,55.95176]],[[-97.88391,55.7552],[-97.88882,55.75302],[-97.88944,55.7492],[-97.89504,55.74463],[-97.86624,55.73301],[-97.89012,55.74221],[-97.89805,55.73672],[-97.86897,55.72572],[-97.86008,55.7314],[-97.85544,55.72905],[-97.85493,55.73085],[-97.83838,55.73956],[-97.83124,55.7376],[-97.83037,55.73831],[-97.82826,55.73642],[-97.81948,55.74182],[-97.8237,55.74395],[-97.83299,55.73834],[-97.83809,55.73972],[-97.82956,55.74425],[-97.83395,55.74822],[-97.83237,55.74815],[-97.82928,55.74455],[-97.82088,55.749],[-97.82146,55.75239],[-97.8229,55.75258],[-97.83094,55.74938],[-97.82876,55.75121],[-97.83006,55.75251],[-97.82323,55.7565],[-97.79978,55.78067],[-97.79273,55.78572],[-97.81713,55.79496],[-97.8656,55.75426],[-97.88391,55.7552]]]}},{"type":"Feature","properties":{"name":"NATIONAL MILLS-NORTHERN AFFAIRS ACT","muni_no":"788","list_name":"NATIONAL MILLS (NORTHERN COMMUNITY)","region":"North"},"geometry":{"type":"Polygon","coordinates":[[[-101.56287,52.83436],[-101.56287,52.8199],[-101.58705,52.81992],[-101.58706,52.83438],[-101.56287,52.83436]]]}},{"type":"Feature","properties":{"name":"TOWN OF NEEPAWA","muni_no":"437","list_name":"NEEPAWA (TOWN)","region":"West & Parkland"},"geometry":{"type":"Polygon","coordinates":[[[-99.43187,50.2281],[-99.43188,50.21128],[-99.48974,50.21067],[-99.48961,50.21891],[-99.49472,50.21947],[-99.49461,50.22614],[-99.48949,50.22611],[-99.48865,50.24044],[-99.49306,50.24043],[-99.49306,50.24756],[-99.43518,50.24768],[-99.43493,50.24043],[-99.43127,50.24043],[-99.43154,50.23367],[-99.41943,50.23361],[-99.4197,50.22602],[-99.42976,50.22645],[-99.43187,50.2281]]]}},{"type":"Feature","properties":{"name":"INCORPORATED COMMUNITY OF NELSON HOUSE","muni_no":"706","list_name":"NELSON HOUSE  (NORTHERN COMMUNITY)","region":"North"},"geometry":{"type":"Polygon","coordinates":[[[-98.84605,55.82542],[-98.85719,55.82616],[-98.85554,55.83276],[-98.85655,55.83479],[-98.85214,55.84357],[-98.85025,55.84479],[-98.82983,55.84036],[-98.82217,55.83389],[-98.82604,55.83185],[-98.83538,55.83237],[-98.82802,55.82968],[-98.83489,55.82832],[-98.83067,55.826],[-98.83224,55.8228],[-98.83613,55.82209],[-98.84202,55.82449],[-98.84154,55.82675],[-98.84393,55.82818],[-98.84778,55.82671],[-98.84605,55.82542]],[[-98.84332,55.82841],[-98.84051,55.82835],[-98.84149,55.8312],[-98.83867,55.83253],[-98.84024,55.83744],[-98.84231,55.83681],[-98.84128,55.83506],[-98.84325,55.83333],[-98.84626,55.83279],[-98.85307,55.83444],[-98.8547,55.83316],[-98.85142,55.83253],[-98.84332,55.82841]]]}},{"type":"Feature","properties":{"name":"TOWN OF NIVERVILLE","muni_no":"340","list_name":"NIVERVILLE (TOWN)","region":"Southeast"},"geometry":{"type":"Polygon","coordinates":[[[-97.07163,49.59106],[-97.07168,49.62081],[-97.04903,49.62074],[-97.049,49.61332],[-97.03728,49.61332],[-97.03726,49.60969],[-97.02612,49.60967],[-97.02619,49.62055],[-97.01323,49.62054],[-97.0132,49.61329],[-97.02574,49.61331],[-97.0257,49.60616],[-97.01456,49.60614],[-97.01454,49.60215],[-97.02567,49.60217],[-97.02562,49.5913],[-97.07163,49.59106]]]}},{"type":"Feature","properties":{"name":"MUNICIPALITY OF NORFOLK TREHERNE","muni_no":"188","list_name":"NORFOLK TREHERNE (MUNICIPALITY)","region":"South-Central / Central Plains"},"geometry":{"type":"Polygon","coordinates":[[[-98.54472,49.53286],[-98.54482,49.53998],[-98.56769,49.53994],[-98.56768,49.53251],[-98.73292,49.53234],[-98.73344,49.59136],[-98.74453,49.59123],[-98.74455,49.6208],[-98.77908,49.62078],[-98.77954,49.79824],[-98.41509,49.79837],[-98.41475,49.53157],[-98.54472,49.53286]]]}},{"type":"Feature","properties":{"name":"MUNICIPALITY OF NORTH CYPRESS-LANGFORD","muni_no":"155","list_name":"NORTH CYPRESS-LANGFORD (MUNICIPALITY)","region":"West & Parkland"},"geometry":{"type":"MultiPolygon","coordinates":[[[[-99.66042,49.88666],[-99.66041,50.24039],[-99.48865,50.24044],[-99.48949,50.22611],[-99.49461,50.22614],[-99.49472,50.21947],[-99.48961,50.21891],[-99.48974,50.21067],[-99.43188,50.21128],[-99.43194,50.227],[-99.4197,50.22602],[-99.41943,50.23361],[-99.43154,50.23367],[-99.43127,50.24042],[-99.24805,50.24045],[-99.24916,50.21034],[-99.24816,50.06352],[-99.11069,50.06343],[-99.11073,49.88657],[-99.09801,49.88662],[-99.09831,49.75366],[-99.23447,49.75352],[-99.23445,49.79783],[-99.64375,49.79783],[-99.64375,49.88662],[-99.66042,49.88666]],[[-99.37066,49.87321],[-99.37504,49.87333],[-99.37507,49.87019],[-99.38226,49.87076],[-99.38226,49.86749],[-99.37066,49.86622],[-99.37066,49.86442],[-99.34935,49.8627],[-99.34942,49.8692],[-99.34608,49.86922],[-99.34602,49.86451],[-99.31483,49.86198],[-99.31486,49.87119],[-99.34944,49.87093],[-99.34939,49.87403],[-99.36052,49.88006],[-99.37065,49.88025],[-99.37066,49.87321]]],[[[-99.43187,50.2281],[-99.43187,50.2281],[-99.43187,50.2281],[-99.43187,50.2281]]]]}},{"type":"Feature","properties":{"name":"MUNICIPALITY OF NORTH NORFOLK","muni_no":"156","list_name":"NORTH NORFOLK (MUNICIPALITY)","region":"South-Central / Central Plains"},"geometry":{"type":"Polygon","coordinates":[[[-98.55158,49.79848],[-99.09809,49.79797],[-99.09801,49.88662],[-99.11073,49.88657],[-99.11069,50.06343],[-98.56019,50.06348],[-98.56053,49.88679],[-98.55151,49.88679],[-98.55158,49.79848]]]}},{"type":"Feature","properties":{"name":"NORWAY HOUSE-NORTHERN AFFAIRS ACT","muni_no":"710","list_name":"NORWAY HOUSE (NORTHERN COMMUNITY)","region":"North"},"geometry":{"type":"Polygon","coordinates":[[[-97.78899,54.03193],[-97.78689,54.02793],[-97.78338,54.00957],[-97.79215,54.0019],[-97.80033,53.98487],[-97.83562,53.96348],[-97.846,53.95561],[-97.8417,53.95337],[-97.84735,53.95008],[-97.85124,53.9521],[-97.85437,53.948],[-97.86234,53.94324],[-97.8661,53.94689],[-97.90404,53.93344],[-97.89892,53.92824],[-97.90142,53.92655],[-97.90946,53.92455],[-97.91464,53.92979],[-97.94395,53.91953],[-97.9289,53.91983],[-97.91,53.92302],[-97.90979,53.88975],[-97.98548,53.88968],[-97.99043,53.87752],[-97.99848,53.87273],[-98.00987,53.87145],[-98.02516,53.87271],[-98.05129,53.87874],[-98.07514,53.88911],[-98.08335,53.89516],[-98.0856,53.89873],[-98.0854,53.90189],[-98.0787,53.90782],[-98.06895,53.91502],[-98.06233,53.91715],[-98.06313,53.91805],[-98.06033,53.92069],[-98.06168,53.92183],[-98.05803,53.92585],[-98.05489,53.92534],[-98.04439,53.92914],[-98.04368,53.93616],[-98.03397,53.94126],[-98.0332,53.94505],[-98.02959,53.94705],[-98.02604,53.95227],[-98.02855,53.95642],[-98.05678,53.97689],[-97.90976,54.04982],[-97.86036,54.04987],[-97.86019,54.03516],[-97.79377,54.03535],[-97.78899,54.03193]],[[-97.8356,53.9655],[-97.84896,53.96543],[-97.84793,53.96272],[-97.83814,53.96262],[-97.83562,53.96348],[-97.8356,53.9655]],[[-97.86244,53.99382],[-97.86619,53.99234],[-97.86424,53.99686],[-97.87377,53.9934],[-97.86966,53.99186],[-97.86103,53.99235],[-97.86244,53.99382]],[[-97.83233,54.019],[-97.83312,54.01976],[-97.83062,54.02033],[-97.83423,54.02057],[-97.83392,54.01829],[-97.83233,54.019]]]}},{"type":"Feature","properties":{"name":"MUNICIPALITY OF OAKLAND-WAWANESA","muni_no":"157","list_name":"OAKLAND-WAWANESA (MUNICIPALITY)","region":"West & Parkland"},"geometry":{"type":"Polygon","coordinates":[[[-99.64405,49.53289],[-100.05336,49.53331],[-100.05313,49.70938],[-99.64385,49.70932],[-99.64405,49.53289]]]}},{"type":"Feature","properties":{"name":"RM OF OAKVIEW","muni_no":"107","list_name":"OAKVIEW (RM)","region":"West & Parkland"},"geometry":{"type":"Polygon","coordinates":[[[-99.93549,50.06367],[-100.48543,50.06351],[-100.48523,50.2405],[-100.50771,50.24051],[-100.50764,50.32873],[-99.95392,50.32902],[-99.9539,50.24037],[-99.93536,50.24036],[-99.93549,50.06367]]]}},{"type":"Feature","properties":{"name":"PELICAN RAPIDS-NORTHERN AFFAIRS ACT","muni_no":"789","list_name":"PELICAN RAPIDS (NORTHERN COMMUNITY)","region":"North"},"geometry":{"type":"Polygon","coordinates":[[[-100.70357,52.75679],[-100.70247,52.75488],[-100.70563,52.75601],[-100.70393,52.75442],[-100.70544,52.75402],[-100.70572,52.74951],[-100.69404,52.74853],[-100.69403,52.73528],[-100.72226,52.73523],[-100.72268,52.74371],[-100.71663,52.74387],[-100.71664,52.75705],[-100.71563,52.75593],[-100.70357,52.75679]]]}},{"type":"Feature","properties":{"name":"MUNICIPALITY OF PEMBINA","muni_no":"161","list_name":"PEMBINA (MUNICIPALITY)","region":"South-Central / Central Plains"},"geometry":{"type":"Polygon","coordinates":[[[-98.26792,49.17763],[-98.26776,49.00028],[-98.67186,49.00015],[-98.67265,49.17732],[-98.68097,49.17731],[-98.68073,49.19943],[-98.70341,49.19938],[-98.7036,49.25106],[-98.7261,49.25099],[-98.72653,49.29538],[-98.73779,49.29532],[-98.73786,49.3098],[-98.77197,49.31024],[-98.77233,49.32478],[-98.79513,49.32464],[-98.79521,49.33935],[-98.81758,49.33985],[-98.81737,49.35457],[-98.40954,49.35483],[-98.40908,49.26595],[-98.27334,49.26616],[-98.27343,49.17763],[-98.26792,49.17763]]]}},{"type":"Feature","properties":{"name":"PIKWITONEI-NORTHERN AFFAIRS ACT","muni_no":"712","list_name":"PIKWITONEI (NORTHERN COMMUNITY)","region":"North"},"geometry":{"type":"MultiPolygon","coordinates":[[[[-97.16798,55.59816],[-97.16739,55.60042],[-97.1646,55.59877],[-97.16109,55.59985],[-97.1606,55.59875],[-97.15151,55.59858],[-97.15176,55.59135],[-97.1391,55.59116],[-97.13977,55.5767],[-97.13085,55.57657],[-97.13096,55.56966],[-97.15265,55.5696],[-97.15247,55.5769],[-97.17834,55.57729],[-97.1779,55.58781],[-97.19084,55.58781],[-97.19086,55.58999],[-97.17797,55.59466],[-97.18385,55.59406],[-97.1874,55.59738],[-97.19375,55.59754],[-97.19182,55.59957],[-97.19476,55.60191],[-97.17914,55.6023],[-97.17831,55.60072],[-97.17481,55.60086],[-97.1707,55.59746],[-97.16798,55.59816]]],[[[-97.16428,55.606],[-97.16443,55.60256],[-97.17237,55.60491],[-97.16428,55.606]]]]}},{"type":"Feature","properties":{"name":"LGD OF PINAWA","muni_no":"616","list_name":"PINAWA (LGD)","region":"Southeast"},"geometry":{"type":"Polygon","coordinates":[[[-95.95812,50.13453],[-96.0375,50.13433],[-96.05181,50.14179],[-96.05353,50.15578],[-96.0605,50.16079],[-96.06165,50.16344],[-96.08597,50.16343],[-96.08398,50.16576],[-96.08595,50.16575],[-96.08597,50.16446],[-96.09723,50.16449],[-96.09719,50.19428],[-96.08579,50.19424],[-96.08582,50.19256],[-96.0662,50.19255],[-96.06733,50.20178],[-96.06493,50.20722],[-95.95815,50.20728],[-95.95803,50.19264],[-95.93343,50.19252],[-95.93437,50.19486],[-95.93134,50.19669],[-95.9299,50.20248],[-95.92689,50.20391],[-95.92736,50.20717],[-95.84459,50.20706],[-95.8444,50.15815],[-95.83905,50.15335],[-95.82204,50.14893],[-95.82205,50.13183],[-95.82587,50.12992],[-95.82799,50.12671],[-95.84481,50.11714],[-95.85056,50.11772],[-95.85387,50.12172],[-95.85915,50.12381],[-95.85985,50.12493],[-95.85808,50.12646],[-95.8595,50.12858],[-95.86613,50.13022],[-95.8645,50.13441],[-95.89022,50.13442],[-95.89022,50.13887],[-95.89403,50.13664],[-95.90858,50.13519],[-95.92282,50.13737],[-95.9314,50.13604],[-95.93135,50.13447],[-95.9365,50.1277],[-95.94346,50.12701],[-95.95803,50.12813],[-95.95812,50.13453]]]}},{"type":"Feature","properties":{"name":"PINE DOCK-NORTHERN AFFAIRS ACT","muni_no":"765","list_name":"PINE DOCK (NORTHERN COMMUNITY)","region":"North"},"geometry":{"type":"Polygon","coordinates":[[[-96.79347,51.64643],[-96.80306,51.63964],[-96.81,51.63983],[-96.81099,51.63759],[-96.80909,51.63501],[-96.8105,51.62775],[-96.80392,51.62589],[-96.7986,51.62772],[-96.79939,51.62908],[-96.79867,51.62974],[-96.79481,51.62783],[-96.78617,51.62889],[-96.78364,51.62334],[-96.7734,51.61917],[-96.77234,51.61441],[-96.79022,51.61244],[-96.80381,51.61404],[-96.80612,51.6167],[-96.81131,51.6159],[-96.81615,51.61223],[-96.8187,51.61348],[-96.81699,51.61159],[-96.8189,51.61011],[-96.82938,51.6101],[-96.82936,51.62464],[-96.82202,51.62308],[-96.81993,51.62736],[-96.82176,51.63154],[-96.82435,51.63226],[-96.82434,51.63865],[-96.8202,51.63942],[-96.81654,51.64246],[-96.8182,51.64425],[-96.82434,51.64468],[-96.82434,51.65382],[-96.79258,51.65382],[-96.79453,51.6495],[-96.79347,51.64643]]]}},{"type":"Feature","properties":{"name":"RM OF PINEY","muni_no":"610","list_name":"PINEY (RM)","region":"Southeast"},"geometry":{"type":"Polygon","coordinates":[[[-96.37471,49.2669],[-96.37492,49.4143],[-95.69756,49.41375],[-95.69778,49.17791],[-95.44253,49.17759],[-95.44148,49.08959],[-95.30673,49.08933],[-95.30686,48.99894],[-96.2477,49.00003],[-96.2476,49.17807],[-96.23901,49.17807],[-96.23972,49.26674],[-96.37471,49.2669]]]}},{"type":"Feature","properties":{"name":"RM OF PIPESTONE","muni_no":"162","list_name":"PIPESTONE (RM)","region":"West & Parkland"},"geometry":{"type":"Polygon","coordinates":[[[-100.87235,49.53273],[-101.41778,49.53272],[-101.41767,49.79815],[-100.87239,49.79817],[-100.87235,49.53273]]]}},{"type":"Feature","properties":{"name":"CITY OF PORTAGE LA PRAIRIE","muni_no":"550","list_name":"PORTAGE LA PRAIRIE (CITY)","region":"South-Central / Central Plains"},"geometry":{"type":"Polygon","coordinates":[[[-98.33397,49.97483],[-98.33863,49.9775],[-98.31914,49.9782],[-98.31918,49.99694],[-98.27414,49.9968],[-98.27411,49.98967],[-98.2458,49.98974],[-98.25719,49.98063],[-98.25903,49.95279],[-98.25781,49.94913],[-98.26397,49.95118],[-98.26826,49.94832],[-98.26654,49.94396],[-98.25851,49.94023],[-98.25782,49.93815],[-98.25934,49.93633],[-98.27156,49.93736],[-98.28478,49.93533],[-98.28959,49.94236],[-98.29535,49.94268],[-98.29849,49.94664],[-98.31371,49.95094],[-98.31115,49.95257],[-98.30552,49.95083],[-98.30398,49.95196],[-98.31791,49.9576],[-98.32003,49.96103],[-98.31929,49.9641],[-98.33876,49.97522],[-98.33397,49.97483]]]}},{"type":"Feature","properties":{"name":"RM OF PORTAGE LA PRAIRIE","muni_no":"163","list_name":"PORTAGE LA PRAIRIE (RM)","region":"South-Central / Central Plains"},"geometry":{"type":"Polygon","coordinates":[[[-98.01038,50.24083],[-98.01037,50.06483],[-97.97316,50.06669],[-97.94714,50.07674],[-97.9502,50.04284],[-97.94985,50.01208],[-97.94137,50.01209],[-97.94145,50.0269],[-97.87228,50.02687],[-97.87283,49.88626],[-97.8689,49.88626],[-97.86917,49.79844],[-98.55158,49.79848],[-98.55151,49.88679],[-98.56053,49.88679],[-98.56019,50.06348],[-98.5611,50.23653],[-98.5283,50.2182],[-98.50138,50.20544],[-98.49954,50.20218],[-98.49964,50.2034],[-98.49641,50.20354],[-98.45019,50.19129],[-98.38236,50.18452],[-98.34447,50.18512],[-98.32133,50.18755],[-98.24693,50.20295],[-98.19968,50.21589],[-98.17382,50.22435],[-98.12522,50.24405],[-98.1154,50.24723],[-98.1104,50.24589],[-98.10752,50.25008],[-98.07661,50.27437],[-98.07093,50.28466],[-98.07144,50.28633],[-98.06944,50.28775],[-98.07114,50.29304],[-98.06287,50.29873],[-98.05825,50.29725],[-98.05028,50.29817],[-98.01461,50.30709],[-98.01459,50.24083],[-98.01038,50.24083]],[[-98.33397,49.97483],[-98.33876,49.97522],[-98.31929,49.9641],[-98.32003,49.96103],[-98.31791,49.9576],[-98.30398,49.95196],[-98.30552,49.95083],[-98.31115,49.95257],[-98.31371,49.95094],[-98.29849,49.94664],[-98.29535,49.94268],[-98.28959,49.94236],[-98.28478,49.93533],[-98.27156,49.93736],[-98.25934,49.93633],[-98.25782,49.93815],[-98.25851,49.94023],[-98.26654,49.94396],[-98.26826,49.94832],[-98.26397,49.95118],[-98.25781,49.94913],[-98.25903,49.95279],[-98.25719,49.98063],[-98.2458,49.98974],[-98.27411,49.98967],[-98.27414,49.9968],[-98.31918,49.99694],[-98.31914,49.9782],[-98.33863,49.9775],[-98.33397,49.97483]]]}},{"type":"Feature","properties":{"name":"TOWN OF POWERVIEW - PINE FALLS","muni_no":"347","list_name":"POWERVIEW-PINE FALLS (TOWN)","region":"Southeast"},"geometry":{"type":"Polygon","coordinates":[[[-96.21613,50.55511],[-96.21612,50.56038],[-96.23375,50.56022],[-96.2337,50.57684],[-96.2283,50.57603],[-96.22504,50.57378],[-96.21753,50.57464],[-96.21322,50.57172],[-96.20215,50.57334],[-96.1853,50.5699],[-96.18524,50.56195],[-96.19132,50.55731],[-96.19131,50.55515],[-96.21613,50.55511]]]}},{"type":"Feature","properties":{"name":"RM OF PRAIRIE LAKES","muni_no":"192","list_name":"PRAIRIE LAKES (RM)","region":"West & Parkland"},"geometry":{"type":"Polygon","coordinates":[[[-99.90158,49.26666],[-99.90147,49.53269],[-99.36013,49.5329],[-99.35989,49.2221],[-99.40493,49.22217],[-99.40491,49.23678],[-99.44242,49.23707],[-99.44769,49.24012],[-99.45021,49.24374],[-99.45041,49.26667],[-99.47269,49.26671],[-99.47271,49.28148],[-99.48687,49.28149],[-99.49703,49.28938],[-99.49607,49.30366],[-99.5211,49.31651],[-99.52552,49.31575],[-99.5264,49.31798],[-99.541,49.32567],[-99.54503,49.33092],[-99.54986,49.3302],[-99.54928,49.33407],[-99.55422,49.33739],[-99.55872,49.34275],[-99.56004,49.3469],[-99.569,49.35668],[-99.57392,49.36783],[-99.58853,49.38063],[-99.59632,49.37879],[-99.59295,49.38263],[-99.59361,49.3873],[-99.60093,49.39453],[-99.60368,49.40018],[-99.61243,49.4035],[-99.62188,49.40176],[-99.63131,49.39546],[-99.6123,49.37584],[-99.60471,49.37093],[-99.59236,49.3568],[-99.58544,49.35662],[-99.58853,49.35514],[-99.6309,49.35512],[-99.6309,49.26673],[-99.90158,49.26666]]]}},{"type":"Feature","properties":{"name":"PRAIRIE VIEW MUNICIPALITY","muni_no":"403","list_name":"PRAIRIE VIEW  (MUNICIPALITY)","region":"West & Parkland"},"geometry":{"type":"Polygon","coordinates":[[[-101.17268,50.06354],[-101.17289,50.24064],[-101.20004,50.24065],[-101.20041,50.59421],[-100.78492,50.59425],[-100.78477,50.24052],[-100.76016,50.24052],[-100.76012,50.06355],[-101.17268,50.06354]]]}},{"type":"Feature","properties":{"name":"PRINCESS HARBOUR-NORTHERN AFFAIRS ACT","muni_no":"766","list_name":"PRINCESS HARBOUR (NORTHERN SETTLEMENT)","region":"North"},"geometry":{"type":"MultiPolygon","coordinates":[[[[-96.8616,51.85504],[-96.86395,51.85773],[-96.86586,51.85631],[-96.86526,51.85966],[-96.86131,51.86162],[-96.86,51.85981],[-96.86051,51.85555],[-96.8616,51.85504]]],[[[-96.86575,51.8624],[-96.86605,51.86433],[-96.86346,51.8671],[-96.85996,51.86711],[-96.86014,51.86286],[-96.86575,51.8624]]],[[[-96.86946,51.86325],[-96.87392,51.85995],[-96.87329,51.85849],[-96.87827,51.85891],[-96.88217,51.86273],[-96.88616,51.86398],[-96.88632,51.86791],[-96.88084,51.86733],[-96.88389,51.86929],[-96.88075,51.87063],[-96.8832,51.87266],[-96.88699,51.87237],[-96.88574,51.87278],[-96.88702,51.87412],[-96.8718,51.87434],[-96.87177,51.86711],[-96.86642,51.86711],[-96.8678,51.86588],[-96.86779,51.86198],[-96.86906,51.86159],[-96.86946,51.86325]]]]}},{"type":"Feature","properties":{"name":"RED DEER LAKE-NORTHERN AFFAIRS ACT","muni_no":"792","list_name":"RED DEER LAKE (NORTHERN COMMUNITY)","region":"North"},"geometry":{"type":"Polygon","coordinates":[[[-101.45872,52.89534],[-101.45859,52.89169],[-101.45175,52.8866],[-101.44437,52.88408],[-101.43306,52.88402],[-101.42996,52.88235],[-101.42994,52.87078],[-101.47829,52.8707],[-101.47821,52.89474],[-101.46082,52.89629],[-101.45872,52.89534]]]}},{"type":"Feature","properties":{"name":"RM OF REYNOLDS","muni_no":"611","list_name":"REYNOLDS (RM)","region":"Southeast"},"geometry":{"type":"Polygon","coordinates":[[[-96.36087,49.88474],[-96.3607,50.06128],[-96.0861,50.06129],[-96.08627,49.88452],[-96.09218,49.88452],[-96.09218,49.79614],[-95.81592,49.79744],[-95.81702,49.88625],[-95.82194,49.88617],[-95.82214,50.10548],[-95.68553,50.10523],[-95.68585,49.91619],[-95.66323,49.91622],[-95.66287,49.90153],[-95.64058,49.90147],[-95.64041,49.88621],[-95.56696,49.88636],[-95.56706,49.87128],[-95.52124,49.87133],[-95.52123,49.88648],[-95.49839,49.88648],[-95.49863,49.81225],[-95.54433,49.81244],[-95.54393,49.66481],[-95.40767,49.66483],[-95.40786,49.53214],[-95.6978,49.53194],[-95.69756,49.41375],[-96.37492,49.4143],[-96.37515,49.53231],[-96.36586,49.53231],[-96.36595,49.8847],[-96.36087,49.88474]]]}},{"type":"Feature","properties":{"name":"MUNICIPALITY OF RHINELAND","muni_no":"164","list_name":"RHINELAND (MUNICIPALITY)","region":"South-Central / Central Plains"},"geometry":{"type":"Polygon","coordinates":[[[-97.86612,49.26614],[-97.45965,49.26596],[-97.45993,49.08858],[-97.32475,49.089],[-97.32512,49.00048],[-97.86417,49.0005],[-97.86372,49.17758],[-97.86612,49.17758],[-97.86612,49.26614]],[[-97.55959,49.13268],[-97.55969,49.12567],[-97.57254,49.12564],[-97.57253,49.1181],[-97.57921,49.11814],[-97.57915,49.08861],[-97.56116,49.08853],[-97.56034,49.09494],[-97.54991,49.09377],[-97.54992,49.10004],[-97.54733,49.10687],[-97.54994,49.11094],[-97.54988,49.12568],[-97.55928,49.12567],[-97.55959,49.13268]]]}},{"type":"Feature","properties":{"name":"RM OF RIDING MOUNTAIN WEST","muni_no":"181","list_name":"RIDING MOUNTAIN WEST (RM)","region":"West & Parkland"},"geometry":{"type":"Polygon","coordinates":[[[-100.95049,50.59426],[-101.22979,50.59425],[-101.22984,50.8596],[-101.50882,50.85971],[-101.5087,50.94849],[-101.53899,50.9485],[-101.53906,51.12494],[-100.97691,51.12541],[-100.97675,50.94831],[-100.95045,50.94829],[-100.95049,50.59426]]]}},{"type":"Feature","properties":{"name":"RM OF RITCHOT","muni_no":"165","list_name":"RITCHOT (RM)","region":"Winnipeg"},"geometry":{"type":"Polygon","coordinates":[[[-97.04882,49.53177],[-97.1604,49.53199],[-97.16038,49.52851],[-97.16595,49.5285],[-97.16593,49.52489],[-97.20268,49.53197],[-97.25394,49.53205],[-97.25384,49.54675],[-97.24784,49.54673],[-97.24778,49.55399],[-97.23691,49.55401],[-97.23684,49.56154],[-97.22526,49.56148],[-97.2251,49.57627],[-97.21368,49.57623],[-97.21345,49.58348],[-97.19642,49.58343],[-97.19636,49.59095],[-97.19077,49.59093],[-97.19076,49.59817],[-97.18519,49.59817],[-97.1852,49.60571],[-97.1792,49.60572],[-97.1792,49.62047],[-97.16242,49.62048],[-97.16244,49.65027],[-97.16808,49.65026],[-97.16805,49.66477],[-97.16245,49.66478],[-97.16258,49.70936],[-97.16954,49.70935],[-97.20838,49.69578],[-97.20865,49.70935],[-97.21977,49.70937],[-97.21976,49.71368],[-97.12817,49.74565],[-97.12739,49.74244],[-97.12883,49.73745],[-97.08194,49.75325],[-97.08342,49.75325],[-97.08358,49.76272],[-97.04345,49.77615],[-97.04346,49.78303],[-97.04908,49.78306],[-97.04912,49.79282],[-97.03861,49.79737],[-96.98127,49.7973],[-96.98073,49.62048],[-97.07168,49.62081],[-97.07163,49.59106],[-97.04894,49.59105],[-97.04882,49.53177]]]}},{"type":"Feature","properties":{"name":"RIVERDALE MUNICIPALITY","muni_no":"443","list_name":"RIVERDALE  (MUNICIPALITY)","region":"West & Parkland"},"geometry":{"type":"Polygon","coordinates":[[[-100.07269,49.88674],[-100.48529,49.88648],[-100.48543,50.06351],[-100.07281,50.0635],[-100.07269,49.88674]]]}},{"type":"Feature","properties":{"name":"MUNICIPALITY OF ROBLIN","muni_no":"182","list_name":"ROBLIN (MUNICIPALITY)","region":"West & Parkland"},"geometry":{"type":"Polygon","coordinates":[[[-100.97692,51.30216],[-100.97691,51.12541],[-101.53906,51.12494],[-101.53914,51.30186],[-101.57054,51.30188],[-101.57051,51.56674],[-101.40049,51.56564],[-101.40068,51.62136],[-101.25986,51.62161],[-101.25988,51.44922],[-100.97858,51.44927],[-100.97782,51.30216],[-100.97692,51.30216]]]}},{"type":"Feature","properties":{"name":"ROCK RIDGE-NORTHERN AFFAIRS ACT","muni_no":"730","list_name":"ROCK RIDGE (NORTHERN COMMUNITY)","region":"North"},"geometry":{"type":"Polygon","coordinates":[[[-99.57192,51.9234],[-99.57036,51.91261],[-99.5664,51.91121],[-99.56432,51.90775],[-99.57648,51.90775],[-99.57624,51.92339],[-99.57192,51.9234]]]}},{"type":"Feature","properties":{"name":"RM OF ROCKWOOD","muni_no":"168","list_name":"ROCKWOOD (RM)","region":"Interlake"},"geometry":{"type":"Polygon","coordinates":[[[-97.11529,50.06372],[-97.4596,50.06409],[-97.46016,50.50689],[-97.11448,50.50685],[-97.11343,50.24075],[-97.11734,50.24075],[-97.11612,50.22583],[-97.11529,50.06372]],[[-97.35619,50.123],[-97.32195,50.12276],[-97.32192,50.11553],[-97.31023,50.11558],[-97.31042,50.14508],[-97.3446,50.14585],[-97.34459,50.15229],[-97.3559,50.1523],[-97.35619,50.123]],[[-97.2697,50.39269],[-97.27,50.37445],[-97.2546,50.37402],[-97.25268,50.38152],[-97.24097,50.38152],[-97.24097,50.38876],[-97.25267,50.38876],[-97.25268,50.39265],[-97.2697,50.39269]]]}},{"type":"Feature","properties":{"name":"RM OF ROLAND","muni_no":"169","list_name":"ROLAND (RM)","region":"South-Central / Central Plains"},"geometry":{"type":"Polygon","coordinates":[[[-98.06955,49.26612],[-98.06987,49.44334],[-97.73079,49.4436],[-97.73067,49.2663],[-98.06955,49.26612]]]}},{"type":"Feature","properties":{"name":"RM OF ROSEDALE","muni_no":"170","list_name":"ROSEDALE (RM)","region":"West & Parkland"},"geometry":{"type":"Polygon","coordinates":[[[-99.40058,50.24042],[-99.43493,50.24043],[-99.43518,50.24768],[-99.47001,50.24771],[-99.49306,50.24756],[-99.49306,50.24043],[-99.67732,50.24041],[-99.67681,50.59465],[-99.6948,50.59466],[-99.69477,50.63878],[-99.41533,50.63878],[-99.41531,50.59454],[-99.40067,50.59455],[-99.40058,50.24042]]]}},{"type":"Feature","properties":{"name":"ROSSBURN MUNICIPALITY","muni_no":"353","list_name":"ROSSBURN  (MUNICIPALITY)","region":"West & Parkland"},"geometry":{"type":"Polygon","coordinates":[[[-100.53194,50.59433],[-100.95049,50.59426],[-100.95046,50.85983],[-100.67128,50.85983],[-100.67146,50.77139],[-100.53163,50.7715],[-100.53194,50.59433]]]}},{"type":"Feature","properties":{"name":"RM OF ROSSER","muni_no":"172","list_name":"ROSSER (RM)","region":"Winnipeg"},"geometry":{"type":"Polygon","coordinates":[[[-97.23001,49.97564],[-97.22987,49.91659],[-97.26356,49.91657],[-97.26232,49.93135],[-97.29851,49.93132],[-97.2985,49.92924],[-97.3212,49.92937],[-97.32116,49.92729],[-97.38938,49.92723],[-97.38938,49.92542],[-97.41228,49.92538],[-97.41228,49.92357],[-97.47105,49.92347],[-97.47106,49.9271],[-97.47668,49.92709],[-97.4767,49.93099],[-97.48232,49.93099],[-97.48232,49.93462],[-97.48836,49.93462],[-97.48836,49.94187],[-97.49399,49.94187],[-97.494,49.94577],[-97.49962,49.94577],[-97.49962,49.94939],[-97.50525,49.94939],[-97.50526,49.95302],[-97.5113,49.95301],[-97.5113,49.95663],[-97.51692,49.95662],[-97.51693,49.96051],[-97.52256,49.9605],[-97.52257,49.96412],[-97.5282,49.96411],[-97.52821,49.96773],[-97.53426,49.96773],[-97.53426,49.97136],[-97.53989,49.97135],[-97.5399,49.97525],[-97.54552,49.97525],[-97.54554,49.97887],[-97.55116,49.97887],[-97.55117,49.98249],[-97.55722,49.98249],[-97.55719,49.98612],[-97.56279,49.98613],[-97.56278,49.99002],[-97.57404,49.99002],[-97.57405,49.99365],[-97.58009,49.99363],[-97.5801,49.99727],[-97.58573,49.99726],[-97.58575,50.00089],[-97.59137,50.00088],[-97.5914,50.00478],[-97.59697,50.00477],[-97.597,50.00841],[-97.60304,50.00838],[-97.60307,50.01202],[-97.62603,50.01203],[-97.62609,50.01566],[-97.63171,50.01565],[-97.63175,50.01955],[-97.6426,50.01955],[-97.65186,49.99622],[-97.69725,50.02995],[-97.73531,50.043],[-97.73542,50.06367],[-97.18415,50.06373],[-97.18412,49.97561],[-97.23001,49.97564]]]}},{"type":"Feature","properties":{"name":"MUNICIPALITY OF RUSSELL-BINSCARTH","muni_no":"445","list_name":"RUSSELL-BINSCARTH (MUNICIPALITY)","region":"West & Parkland"},"geometry":{"type":"Polygon","coordinates":[[[-101.22979,50.59422],[-101.50874,50.5944],[-101.50882,50.85971],[-101.22984,50.8596],[-101.22979,50.59422]]]}},{"type":"Feature","properties":{"name":"SALT POINT-NORTHERN AFFAIRS ACT","muni_no":"731","list_name":"SALT POINT (NORTHERN SETTLEMENT)","region":"North"},"geometry":{"type":"Polygon","coordinates":[[[-99.82072,51.76931],[-99.71312,51.76946],[-99.71582,51.76097],[-99.71518,51.75384],[-99.7164,51.75135],[-99.71386,51.74293],[-99.71507,51.74305],[-99.71872,51.73176],[-99.72196,51.72744],[-99.72396,51.72821],[-99.72657,51.72409],[-99.72886,51.71645],[-99.73231,51.71532],[-99.73597,51.71826],[-99.74455,51.71677],[-99.74306,51.72825],[-99.75066,51.73423],[-99.74962,51.73499],[-99.75066,51.73736],[-99.7544,51.74154],[-99.75411,51.74936],[-99.7521,51.75439],[-99.75466,51.75698],[-99.76367,51.74324],[-99.76807,51.74301],[-99.76299,51.74011],[-99.77033,51.73648],[-99.77809,51.72695],[-99.79517,51.72563],[-99.80846,51.72735],[-99.81181,51.7264],[-99.80799,51.73212],[-99.80979,51.73631],[-99.80873,51.739],[-99.8159,51.75471],[-99.81307,51.76141],[-99.81891,51.76483],[-99.82067,51.76364],[-99.82072,51.76931]]]}},{"type":"Feature","properties":{"name":"CITY OF SELKIRK","muni_no":"447","list_name":"SELKIRK (CITY)","region":"Interlake"},"geometry":{"type":"Polygon","coordinates":[[[-96.85568,50.13046],[-96.85705,50.12736],[-96.86303,50.12494],[-96.88255,50.12712],[-96.88887,50.12635],[-96.96683,50.1597],[-96.96153,50.16272],[-96.96149,50.16661],[-96.89298,50.1663],[-96.89113,50.17762],[-96.85662,50.16309],[-96.85073,50.15677],[-96.85087,50.1523],[-96.87129,50.13908],[-96.86919,50.13645],[-96.85745,50.13258],[-96.85568,50.13046]]]}},{"type":"Feature","properties":{"name":"INCORPORATED COMMUNITY OF SEYMOURVILLE","muni_no":"708","list_name":"SEYMOURVILLE (NORTHERN COMMUNITY)","region":"North"},"geometry":{"type":"Polygon","coordinates":[[[-96.35555,51.18373],[-96.36197,51.18374],[-96.35838,51.18721],[-96.33325,51.18801],[-96.32768,51.1903],[-96.28893,51.15281],[-96.27855,51.15705],[-96.26109,51.14014],[-96.35509,51.14056],[-96.35555,51.18373]]]}},{"type":"Feature","properties":{"name":"SHERRIDON-NORTHERN AFFAIRS ACT","muni_no":"713","list_name":"SHERRIDON (NORTHERN COMMUNITY)","region":"North"},"geometry":{"type":"Polygon","coordinates":[[[-101.11739,55.14058],[-101.05266,55.14062],[-101.05268,55.11463],[-101.05517,55.11351],[-101.05378,55.11157],[-101.0595,55.11144],[-101.05951,55.10422],[-101.1103,55.10426],[-101.1103,55.11149],[-101.11698,55.11491],[-101.11975,55.11812],[-101.11978,55.12125],[-101.12283,55.12163],[-101.11997,55.12573],[-101.11742,55.12322],[-101.1172,55.12539],[-101.11592,55.12547],[-101.11691,55.12265],[-101.11499,55.12209],[-101.11203,55.12266],[-101.11325,55.12429],[-101.11128,55.12378],[-101.11359,55.12529],[-101.11447,55.13017],[-101.11679,55.13108],[-101.11592,55.13791],[-101.11739,55.14058]]]}},{"type":"Feature","properties":{"name":"RM OF SIFTON","muni_no":"184","list_name":"SIFTON (RM)","region":"West & Parkland"},"geometry":{"type":"Polygon","coordinates":[[[-100.46312,49.53275],[-100.87235,49.53273],[-100.87239,49.79817],[-100.4629,49.79807],[-100.46312,49.53275]]]}},{"type":"Feature","properties":{"name":"TOWN OF SNOW LAKE","muni_no":"448","list_name":"SNOW LAKE (TOWN)","region":"North"},"geometry":{"type":"Polygon","coordinates":[[[-100.26396,54.63189],[-100.27167,54.63618],[-100.27033,54.64364],[-100.25621,54.6465],[-100.25326,54.64837],[-100.25697,54.6512],[-100.26973,54.65547],[-100.26406,54.66697],[-100.26621,54.66961],[-100.27311,54.67092],[-100.26907,54.67628],[-100.24774,54.68135],[-100.24045,54.68717],[-100.26051,54.69046],[-100.26125,54.69493],[-100.26896,54.699],[-100.27136,54.7095],[-100.28862,54.71646],[-100.2867,54.72146],[-100.2876,54.72301],[-100.29952,54.72628],[-100.30253,54.7298],[-100.30819,54.73257],[-100.31816,54.73094],[-100.32025,54.73269],[-100.31484,54.73778],[-100.31951,54.7426],[-100.31895,54.74531],[-100.30909,54.74828],[-100.29608,54.74616],[-100.28496,54.74804],[-100.28086,54.75018],[-100.28071,54.75289],[-100.28491,54.75704],[-100.28445,54.76087],[-100.28661,54.76351],[-100.26842,54.77435],[-100.27278,54.77535],[-100.28453,54.77144],[-100.28663,54.77341],[-100.28123,54.77873],[-100.28206,54.77938],[-100.29465,54.77634],[-100.2955,54.77721],[-100.293,54.77998],[-100.28185,54.78163],[-100.27687,54.78739],[-100.29019,54.79333],[-100.30008,54.7953],[-100.30552,54.79988],[-100.29954,54.80297],[-100.28306,54.81578],[-100.28321,54.81758],[-100.26772,54.82834],[-100.26345,54.82846],[-100.26251,54.82646],[-100.2639,54.82439],[-100.26075,54.82403],[-100.25932,54.82072],[-100.21834,54.84551],[-100.20815,54.84965],[-100.18317,54.84967],[-100.18519,54.85345],[-100.18091,54.8575],[-100.18057,54.86467],[-100.19142,54.86884],[-100.19659,54.87664],[-100.19798,54.88162],[-100.19643,54.88497],[-100.18706,54.8891],[-100.17908,54.89821],[-100.17723,54.9056],[-100.18067,54.91032],[-100.17987,54.91128],[-100.15481,54.92861],[-100.15574,54.93315],[-100.15825,54.93436],[-100.15743,55.02425],[-99.59804,55.02434],[-99.59803,54.94508],[-99.62972,54.92262],[-99.65236,54.91193],[-99.67028,54.89962],[-99.67647,54.89881],[-99.67374,54.90472],[-99.68476,54.9002],[-99.68709,54.90015],[-99.68886,54.90326],[-99.69196,54.90297],[-99.70583,54.88871],[-99.7281,54.87765],[-99.7276,54.87609],[-99.7091,54.8792],[-99.70589,54.87792],[-99.7137,54.87235],[-99.71801,54.86686],[-99.7211,54.84318],[-99.73928,54.82411],[-99.76847,54.80681],[-99.77642,54.80348],[-99.79298,54.80085],[-99.81073,54.80427],[-99.81653,54.8093],[-99.82256,54.8177],[-99.8225,54.82243],[-99.82568,54.82887],[-99.83504,54.82911],[-99.83408,54.83205],[-99.82945,54.83261],[-99.82881,54.83465],[-99.83208,54.83682],[-99.83755,54.83714],[-99.83581,54.84011],[-99.85332,54.85071],[-99.85586,54.8592],[-99.85294,54.86197],[-99.83269,54.86783],[-99.81641,54.86911],[-99.7988,54.87379],[-99.78919,54.88143],[-99.77643,54.88308],[-99.77081,54.88635],[-99.76199,54.88858],[-99.75867,54.89135],[-99.76434,54.89437],[-99.77219,54.89509],[-99.80143,54.88925],[-99.81813,54.88256],[-99.82292,54.87863],[-99.83365,54.87591],[-99.85332,54.86735],[-99.86402,54.85878],[-99.87826,54.83978],[-99.88531,54.83489],[-99.88879,54.83459],[-99.88897,54.83705],[-99.88224,54.84104],[-99.87805,54.84788],[-99.86898,54.85731],[-99.86992,54.85954],[-99.87465,54.86033],[-99.86946,54.86405],[-99.87591,54.86705],[-99.9079,54.8402],[-99.93385,54.82203],[-99.94251,54.818],[-99.94528,54.81861],[-99.94095,54.82861],[-99.94184,54.83016],[-99.9473,54.83025],[-99.95255,54.82743],[-99.95646,54.82238],[-99.9555,54.81993],[-99.9566,54.81901],[-99.96643,54.81494],[-99.98617,54.80277],[-99.96964,54.80565],[-99.96138,54.8045],[-99.95834,54.80547],[-99.95695,54.80776],[-99.94984,54.80636],[-99.93647,54.80983],[-99.93563,54.80895],[-99.93741,54.80666],[-99.94272,54.80473],[-99.9567,54.80439],[-99.97276,54.8004],[-99.97701,54.79467],[-99.9677,54.79513],[-99.96561,54.79316],[-99.96852,54.79039],[-99.95524,54.79498],[-99.94973,54.79422],[-99.94756,54.79112],[-99.91435,54.78923],[-99.91144,54.7866],[-99.90934,54.77901],[-99.90384,54.77824],[-99.90449,54.77102],[-99.90224,54.76141],[-99.90127,54.75874],[-99.89857,54.75903],[-99.89767,54.75725],[-99.89755,54.75568],[-99.90192,54.75152],[-99.89783,54.7487],[-99.89728,54.74646],[-99.91166,54.73015],[-99.91541,54.72287],[-99.93682,54.71808],[-99.96405,54.70797],[-99.96976,54.70109],[-99.96653,54.69937],[-99.96385,54.69988],[-99.95243,54.70848],[-99.94651,54.70705],[-99.92572,54.71497],[-99.91837,54.71538],[-99.90772,54.71856],[-99.90341,54.71799],[-99.88854,54.72194],[-99.87558,54.72],[-99.8679,54.71568],[-99.85354,54.70478],[-99.85164,54.69988],[-99.83728,54.68874],[-99.83402,54.68095],[-99.8351,54.67418],[-99.84082,54.6673],[-99.87365,54.64876],[-99.86028,54.64054],[-99.85195,54.63781],[-99.84774,54.63858],[-99.84226,54.64343],[-99.83887,54.63924],[-99.83221,54.63827],[-99.82646,54.63931],[-99.8113,54.64632],[-99.79576,54.64591],[-99.79297,54.64788],[-99.78369,54.64298],[-99.78158,54.63756],[-99.78281,54.63225],[-99.7819,54.62831],[-99.78638,54.61981],[-99.78454,54.61876],[-99.7861,54.61346],[-99.78177,54.60424],[-99.77963,54.58797],[-100.19535,54.58795],[-100.19933,54.61214],[-100.20343,54.61147],[-100.2096,54.61603],[-100.21679,54.61876],[-100.21465,54.62107],[-100.20735,54.62194],[-100.19856,54.62847],[-100.19386,54.64248],[-100.20877,54.63989],[-100.22054,54.63193],[-100.24331,54.6257],[-100.26396,54.63189]]]}},{"type":"Feature","properties":{"name":"MUNICIPALITY OF SOURIS-GLENWOOD","muni_no":"449","list_name":"SOURIS-GLENWOOD (MUNICIPALITY)","region":"West & Parkland"},"geometry":{"type":"Polygon","coordinates":[[[-100.46312,49.53275],[-100.463,49.70941],[-100.05313,49.70934],[-100.05336,49.53331],[-100.46312,49.53275]]]}},{"type":"Feature","properties":{"name":"SOUTH INDIAN LAKE-NORTHERN AFFAIRS ACT","muni_no":"714","list_name":"SOUTH INDIAN LAKE (NORTHERN COMMUNITY)","region":"North"},"geometry":{"type":"Polygon","coordinates":[[[-98.89975,56.81115],[-98.90331,56.79594],[-98.9018,56.7958],[-98.90217,56.79439],[-98.90365,56.7945],[-98.90601,56.78442],[-98.90806,56.78358],[-98.90791,56.77712],[-98.91277,56.77349],[-98.92013,56.7738],[-98.92336,56.77179],[-98.92039,56.76849],[-98.91682,56.76979],[-98.91463,56.76877],[-98.91343,56.7629],[-98.91576,56.75714],[-98.92066,56.75259],[-98.92823,56.74885],[-98.94745,56.7459],[-98.94472,56.75023],[-98.94798,56.75402],[-98.9455,56.75753],[-98.94783,56.75968],[-98.94782,56.76178],[-98.95397,56.76415],[-98.95352,56.76595],[-98.95188,56.76747],[-98.94822,56.76467],[-98.94752,56.76693],[-98.94534,56.76763],[-98.94232,56.76469],[-98.93804,56.77035],[-98.94141,56.77109],[-98.94137,56.77351],[-98.93536,56.77478],[-98.93374,56.78459],[-98.93222,56.78235],[-98.92838,56.78232],[-98.92416,56.78417],[-98.92244,56.78698],[-98.92287,56.78966],[-98.91815,56.78735],[-98.91321,56.79107],[-98.91396,56.7937],[-98.91684,56.79468],[-98.91633,56.79776],[-98.92133,56.79661],[-98.9225,56.7993],[-98.91778,56.79989],[-98.92067,56.80449],[-98.91561,56.80555],[-98.9109,56.80352],[-98.90888,56.80646],[-98.92036,56.81009],[-98.92055,56.81292],[-98.89975,56.81115]]]}},{"type":"Feature","properties":{"name":"SPENCE LAKE-NORTHERN AFFAIRS ACT","muni_no":"732","list_name":"SPENCE LAKE (NORTHERN COMMUNITY)","region":"North"},"geometry":{"type":"Polygon","coordinates":[[[-99.64446,51.5365],[-99.64434,51.55821],[-99.63239,51.55818],[-99.63241,51.58742],[-99.61725,51.59697],[-99.60812,51.61158],[-99.60814,51.61639],[-99.57388,51.6164],[-99.57386,51.62145],[-99.5661,51.61974],[-99.56553,51.60948],[-99.56186,51.60401],[-99.56028,51.5979],[-99.56246,51.58981],[-99.55709,51.58593],[-99.55733,51.5831],[-99.55872,51.58323],[-99.55814,51.58607],[-99.56031,51.5864],[-99.56586,51.58268],[-99.56301,51.56171],[-99.55703,51.56004],[-99.55695,51.55811],[-99.56244,51.55739],[-99.56152,51.55566],[-99.55665,51.55593],[-99.55625,51.55413],[-99.55643,51.551],[-99.56238,51.55101],[-99.56243,51.54372],[-99.56018,51.54471],[-99.55306,51.54222],[-99.55135,51.53651],[-99.58529,51.53662],[-99.58351,51.54954],[-99.59312,51.5556],[-99.58932,51.557],[-99.58503,51.5555],[-99.58289,51.5571],[-99.58475,51.5593],[-99.58394,51.56104],[-99.57996,51.5624],[-99.58179,51.57106],[-99.58581,51.57705],[-99.59722,51.58511],[-99.5964,51.58595],[-99.59831,51.58811],[-99.59806,51.58556],[-99.60067,51.58596],[-99.59876,51.58421],[-99.60144,51.5854],[-99.59896,51.58282],[-99.60107,51.58233],[-99.60795,51.56682],[-99.61518,51.56395],[-99.62447,51.563],[-99.63051,51.55461],[-99.63045,51.54653],[-99.62179,51.53708],[-99.64446,51.5365]]]}},{"type":"Feature","properties":{"name":"RM OF SPRINGFIELD","muni_no":"189","list_name":"SPRINGFIELD (RM)","region":"Winnipeg"},"geometry":{"type":"Polygon","coordinates":[[[-96.63586,50.06179],[-96.63685,49.97311],[-96.36086,49.97287],[-96.36087,49.88474],[-96.36595,49.8847],[-96.36596,49.79613],[-97.0264,49.79736],[-97.02682,49.87095],[-96.98108,49.87094],[-96.98109,49.88583],[-96.95654,49.88582],[-96.95676,49.89749],[-96.9664,49.91556],[-97.02499,49.91593],[-97.02477,49.93045],[-96.99729,49.93025],[-96.99667,49.93441],[-96.99064,49.93436],[-96.99045,49.94494],[-97.00207,49.94497],[-97.0017,49.96752],[-96.99049,49.96745],[-96.99036,49.97471],[-96.96192,49.97445],[-96.96272,49.98918],[-96.95668,49.98913],[-96.95707,49.99662],[-96.95103,49.99667],[-96.9511,50.00029],[-96.94548,50.00035],[-96.94556,50.00397],[-96.93995,50.00402],[-96.93996,50.00792],[-96.9307,50.00775],[-96.93069,50.00411],[-96.92676,50.00415],[-96.92677,50.0078],[-96.92228,50.00785],[-96.92227,50.00419],[-96.90499,50.00426],[-96.90497,49.99676],[-96.88765,49.99783],[-96.88765,49.99669],[-96.86054,49.99652],[-96.86053,49.99378],[-96.84251,49.99368],[-96.84238,50.03321],[-96.85365,50.03314],[-96.85364,50.0371],[-96.86528,50.03722],[-96.86528,50.05588],[-96.85965,50.05588],[-96.85965,50.05949],[-96.85402,50.05949],[-96.85403,50.06311],[-96.63586,50.06179]]]}},{"type":"Feature","properties":{"name":"RM OF ST. ANDREWS","muni_no":"174","list_name":"ST ANDREWS (RM)","region":"Interlake"},"geometry":{"type":"Polygon","coordinates":[[[-96.92909,50.11126],[-96.93948,50.09825],[-96.93752,50.08921],[-96.93947,50.0855],[-96.93786,50.08188],[-96.93894,50.07976],[-96.94816,50.07647],[-96.95172,50.06925],[-96.96057,50.06502],[-96.97457,50.0651],[-96.97919,50.06319],[-96.98826,50.05212],[-96.98639,50.04241],[-96.98756,50.04037],[-96.99213,50.03862],[-97.00042,50.03841],[-97.00811,50.03253],[-97.02558,50.03284],[-97.03235,50.02862],[-97.10882,50.06226],[-97.10882,50.06371],[-97.11529,50.06372],[-97.11612,50.22583],[-97.11734,50.24075],[-97.11343,50.24075],[-97.11448,50.50685],[-96.98737,50.50652],[-96.98649,50.49157],[-96.97513,50.49158],[-96.97512,50.48795],[-96.96631,50.48795],[-96.96859,50.49158],[-96.95265,50.49158],[-96.94897,50.48629],[-96.95086,50.48223],[-96.94961,50.47818],[-96.95722,50.47685],[-96.95461,50.45792],[-96.95587,50.44742],[-96.95529,50.45481],[-96.96331,50.45481],[-96.96335,50.44002],[-96.95664,50.44],[-96.95664,50.43651],[-96.95434,50.4365],[-96.95692,50.42863],[-96.94566,50.42926],[-96.9447,50.42656],[-96.93657,50.42236],[-96.91331,50.41595],[-96.91018,50.41103],[-96.89171,50.40575],[-96.89007,50.40376],[-96.89031,50.40085],[-96.88206,50.40237],[-96.87256,50.40047],[-96.86625,50.38938],[-96.85349,50.3865],[-96.8518,50.38514],[-96.85175,50.38337],[-96.85662,50.37981],[-96.85754,50.37652],[-96.84876,50.36702],[-96.84589,50.36119],[-96.84432,50.35255],[-96.83786,50.34472],[-96.82883,50.33922],[-96.82472,50.33376],[-96.82285,50.327],[-96.82375,50.3203],[-96.83927,50.30299],[-96.8454,50.29993],[-96.85922,50.2966],[-96.86222,50.29473],[-96.86365,50.29141],[-96.86208,50.28834],[-96.85255,50.28181],[-96.84834,50.27675],[-96.84628,50.25835],[-96.83367,50.23994],[-96.83151,50.22417],[-96.83508,50.21417],[-96.83124,50.2014],[-96.8424,50.19222],[-96.84281,50.18181],[-96.8574,50.17331],[-96.85973,50.16888],[-96.85662,50.16309],[-96.89113,50.17762],[-96.89298,50.1663],[-96.96149,50.16661],[-96.96153,50.16272],[-96.96683,50.1597],[-96.88887,50.12635],[-96.89389,50.12288],[-96.9001,50.12134],[-96.90579,50.11636],[-96.92136,50.11515],[-96.92909,50.11126]]]}},{"type":"Feature","properties":{"name":"RM OF ST. CLEMENTS","muni_no":"176","list_name":"ST CLEMENTS (RM)","region":"Interlake"},"geometry":{"type":"MultiPolygon","coordinates":[[[[-96.85403,50.06311],[-96.85402,50.05949],[-96.85965,50.05949],[-96.85965,50.05588],[-96.86528,50.05588],[-96.86528,50.05424],[-96.88531,50.06295],[-96.88895,50.06296],[-96.88689,50.06207],[-96.9062,50.0469],[-96.91341,50.05005],[-96.91245,50.04195],[-96.95031,50.01219],[-96.93996,50.00792],[-96.93995,50.00402],[-96.94556,50.00397],[-96.94548,50.00035],[-96.9511,50.00029],[-96.95103,49.99667],[-96.95707,49.99662],[-96.95697,49.99468],[-97.03235,50.02862],[-97.02558,50.03284],[-97.00811,50.03253],[-97.00042,50.03841],[-96.99213,50.03862],[-96.98756,50.04037],[-96.98639,50.04241],[-96.98826,50.05212],[-96.97919,50.06319],[-96.97457,50.0651],[-96.96057,50.06502],[-96.95172,50.06925],[-96.94816,50.07647],[-96.93894,50.07976],[-96.93786,50.08188],[-96.93947,50.0855],[-96.93752,50.08921],[-96.93948,50.09825],[-96.93014,50.11074],[-96.92136,50.11515],[-96.90579,50.11636],[-96.9001,50.12134],[-96.89389,50.12288],[-96.88887,50.12635],[-96.86303,50.12494],[-96.85826,50.12607],[-96.85584,50.12864],[-96.85568,50.13046],[-96.85745,50.13258],[-96.86919,50.13645],[-96.87129,50.13908],[-96.85087,50.1523],[-96.85073,50.15677],[-96.85662,50.16309],[-96.85973,50.16888],[-96.8574,50.17331],[-96.84281,50.18181],[-96.8424,50.19222],[-96.83124,50.2014],[-96.83508,50.21417],[-96.83151,50.22417],[-96.83367,50.23994],[-96.84628,50.25835],[-96.84834,50.27675],[-96.85255,50.28181],[-96.86208,50.28834],[-96.86365,50.29141],[-96.86222,50.29473],[-96.85922,50.2966],[-96.8454,50.29993],[-96.83927,50.30299],[-96.82375,50.3203],[-96.82274,50.3253],[-96.82582,50.33588],[-96.82883,50.33922],[-96.83786,50.34472],[-96.84432,50.35255],[-96.84589,50.36119],[-96.84876,50.36702],[-96.85754,50.37652],[-96.85662,50.37981],[-96.85175,50.38337],[-96.8518,50.38514],[-96.85461,50.3874],[-96.86625,50.38938],[-96.87256,50.40047],[-96.87154,50.40172],[-96.84192,50.39889],[-96.81617,50.39874],[-96.81508,50.39825],[-96.81636,50.39741],[-96.81249,50.39734],[-96.80995,50.39421],[-96.80459,50.39439],[-96.80208,50.3924],[-96.80393,50.39351],[-96.80048,50.38805],[-96.79595,50.38591],[-96.79558,50.38207],[-96.79014,50.37465],[-96.78753,50.36621],[-96.78413,50.36178],[-96.78148,50.36018],[-96.77785,50.36128],[-96.77469,50.35868],[-96.7701,50.36207],[-96.76674,50.36041],[-96.76185,50.361],[-96.75969,50.3624],[-96.76072,50.36373],[-96.75927,50.36542],[-96.76991,50.38205],[-96.77444,50.38248],[-96.77545,50.3783],[-96.77886,50.37608],[-96.7776,50.37411],[-96.78038,50.37541],[-96.78109,50.37817],[-96.77806,50.37774],[-96.77579,50.38058],[-96.77834,50.38083],[-96.78245,50.38449],[-96.78194,50.38767],[-96.77859,50.39014],[-96.73053,50.38843],[-96.70133,50.38969],[-96.69701,50.38825],[-96.69444,50.39058],[-96.66682,50.39577],[-96.65798,50.39499],[-96.65585,50.39717],[-96.65339,50.39722],[-96.65257,50.39636],[-96.64987,50.39511],[-96.64895,50.39505],[-96.64751,50.39298],[-96.64583,50.39423],[-96.64648,50.39618],[-96.6498,50.39518],[-96.65111,50.39772],[-96.63602,50.40532],[-96.63386,50.40869],[-96.63535,50.41264],[-96.62836,50.41457],[-96.62609,50.41684],[-96.62737,50.42266],[-96.63157,50.42389],[-96.63037,50.42501],[-96.6326,50.42668],[-96.63131,50.42744],[-96.62912,50.427],[-96.62756,50.42419],[-96.62701,50.42522],[-96.6216,50.42289],[-96.59705,50.43015],[-96.5922,50.42625],[-96.59622,50.42661],[-96.59741,50.42958],[-96.59885,50.4288],[-96.59751,50.42626],[-96.60019,50.42754],[-96.59793,50.42547],[-96.59919,50.42495],[-96.59687,50.4252],[-96.59472,50.4217],[-96.60315,50.42538],[-96.59539,50.42138],[-96.59904,50.42206],[-96.599,50.4206],[-96.60036,50.42063],[-96.59937,50.41877],[-96.59464,50.41936],[-96.59526,50.42117],[-96.59384,50.42144],[-96.59185,50.42039],[-96.59333,50.41833],[-96.59097,50.41915],[-96.59243,50.41764],[-96.5966,50.41811],[-96.59545,50.41738],[-96.59751,50.4169],[-96.60466,50.419],[-96.60569,50.41983],[-96.6045,50.41984],[-96.60421,50.42246],[-96.60251,50.42179],[-96.60376,50.4232],[-96.6086,50.42308],[-96.60916,50.42163],[-96.61277,50.42338],[-96.61309,50.42158],[-96.61114,50.42116],[-96.61316,50.42109],[-96.59453,50.41542],[-96.58377,50.41831],[-96.58267,50.42059],[-96.56638,50.42977],[-96.56707,50.43402],[-96.57224,50.43937],[-96.57403,50.43926],[-96.57289,50.44047],[-96.57721,50.43927],[-96.5792,50.44066],[-96.58064,50.44023],[-96.57915,50.43969],[-96.57976,50.43846],[-96.5824,50.43883],[-96.58202,50.43707],[-96.57631,50.43549],[-96.58015,50.43356],[-96.58374,50.43748],[-96.58541,50.437],[-96.5733,50.45017],[-96.57383,50.44509],[-96.57525,50.44481],[-96.56911,50.44546],[-96.56975,50.44942],[-96.57395,50.45327],[-96.57389,50.45883],[-96.57633,50.46343],[-96.57568,50.46672],[-96.58326,50.47406],[-96.58203,50.47759],[-96.58378,50.48317],[-96.59643,50.49326],[-96.60229,50.50008],[-96.60498,50.50771],[-96.60446,50.51404],[-96.60608,50.51998],[-96.60884,50.52203],[-96.61115,50.52099],[-96.6128,50.52211],[-96.61408,50.52077],[-96.61862,50.52394],[-96.61523,50.52904],[-96.61746,50.53328],[-96.61305,50.53315],[-96.61136,50.53562],[-96.60958,50.53425],[-96.60939,50.53518],[-96.61435,50.53833],[-96.62723,50.54047],[-96.62835,50.53763],[-96.62733,50.53446],[-96.6213,50.53173],[-96.62244,50.53097],[-96.62127,50.53046],[-96.62384,50.53129],[-96.62627,50.53267],[-96.62764,50.53398],[-96.62891,50.53796],[-96.62836,50.54358],[-96.63099,50.54825],[-96.63803,50.55393],[-96.62884,50.55391],[-96.62643,50.54762],[-96.60227,50.54749],[-96.60092,50.54551],[-96.60249,50.54487],[-96.60141,50.54441],[-96.60261,50.5425],[-96.59831,50.53595],[-96.59776,50.53844],[-96.59959,50.54047],[-96.59512,50.54047],[-96.59516,50.54769],[-96.5838,50.54773],[-96.58379,50.53295],[-96.5375,50.53295],[-96.53783,50.41528],[-96.44562,50.41514],[-96.4455,50.32628],[-96.35335,50.32673],[-96.35312,50.28261],[-96.60442,50.2815],[-96.62849,50.28355],[-96.62787,50.2392],[-96.68011,50.23934],[-96.68015,50.15052],[-96.70324,50.15058],[-96.70413,50.0917],[-96.71262,50.09174],[-96.71265,50.0899],[-96.7155,50.08992],[-96.7158,50.06974],[-96.70448,50.06971],[-96.70467,50.06221],[-96.85403,50.06311]]],[[[-96.58879,50.57752],[-96.58755,50.57934],[-96.58382,50.58158],[-96.58381,50.57913],[-96.58879,50.57752]]]]}},{"type":"Feature","properties":{"name":"RM OF ST. FRANCOIS XAVIER","muni_no":"177","list_name":"ST FRANCOIS XAVIER (RM)","region":"South-Central / Central Plains"},"geometry":{"type":"Polygon","coordinates":[[[-97.79864,49.99976],[-97.80201,50.00192],[-97.80137,50.00343],[-97.79093,50.00729],[-97.78918,50.01176],[-97.79682,50.01311],[-97.80627,50.00593],[-97.81175,50.00608],[-97.8125,50.00897],[-97.80803,50.01429],[-97.81535,50.01198],[-97.81928,50.01735],[-97.82993,50.02212],[-97.82914,50.0245],[-97.82157,50.02813],[-97.82159,50.0311],[-97.83336,50.03129],[-97.83692,50.03374],[-97.83528,50.03668],[-97.82658,50.04019],[-97.82531,50.04311],[-97.82819,50.0434],[-97.83192,50.03948],[-97.83711,50.03954],[-97.83884,50.04153],[-97.83924,50.04772],[-97.84261,50.04952],[-97.84724,50.04778],[-97.8494,50.04037],[-97.85378,50.0369],[-97.85691,50.03875],[-97.85775,50.04647],[-97.86803,50.04003],[-97.87008,50.04118],[-97.86956,50.04497],[-97.87171,50.04752],[-97.89116,50.04863],[-97.90512,50.05459],[-97.90827,50.05389],[-97.91222,50.04717],[-97.91604,50.04504],[-97.92626,50.04457],[-97.92896,50.04608],[-97.92883,50.04905],[-97.93331,50.04964],[-97.94255,50.0472],[-97.95012,50.04225],[-97.94714,50.07674],[-97.92968,50.08348],[-97.90229,50.08317],[-97.87905,50.07844],[-97.83049,50.07718],[-97.81381,50.07117],[-97.80983,50.06369],[-97.73542,50.06367],[-97.73531,50.043],[-97.69725,50.02995],[-97.65186,49.99622],[-97.6426,50.01955],[-97.63175,50.01955],[-97.63171,50.01565],[-97.62609,50.01566],[-97.62603,50.01203],[-97.60307,50.01202],[-97.60304,50.00838],[-97.597,50.00841],[-97.59697,50.00477],[-97.5914,50.00478],[-97.59137,50.00088],[-97.58575,50.00089],[-97.58573,49.99726],[-97.5801,49.99727],[-97.58009,49.99363],[-97.57405,49.99365],[-97.57404,49.99002],[-97.56278,49.99002],[-97.56279,49.98613],[-97.55719,49.98612],[-97.55722,49.98249],[-97.55117,49.98249],[-97.55116,49.97887],[-97.54554,49.97887],[-97.54552,49.97525],[-97.5399,49.97525],[-97.53989,49.97135],[-97.53426,49.97136],[-97.53426,49.96773],[-97.52821,49.96773],[-97.5282,49.96411],[-97.52257,49.96412],[-97.52256,49.9605],[-97.51693,49.96051],[-97.51692,49.95662],[-97.5113,49.95663],[-97.5113,49.95301],[-97.50526,49.95302],[-97.50525,49.94939],[-97.49962,49.94939],[-97.49962,49.94577],[-97.494,49.94577],[-97.49399,49.94187],[-97.48836,49.94187],[-97.48836,49.93462],[-97.48232,49.93462],[-97.48232,49.93099],[-97.4767,49.93099],[-97.47668,49.92709],[-97.47106,49.9271],[-97.47105,49.92347],[-97.44473,49.92352],[-97.449,49.87122],[-97.45837,49.86786],[-97.45511,49.86366],[-97.45725,49.86093],[-97.47245,49.85741],[-97.4761,49.85875],[-97.47572,49.86112],[-97.46215,49.86088],[-97.46025,49.86379],[-97.46207,49.8649],[-97.4703,49.86436],[-97.47198,49.86612],[-97.47257,49.87142],[-97.47786,49.87385],[-97.48212,49.8739],[-97.48559,49.87126],[-97.48578,49.8643],[-97.48767,49.86044],[-97.49176,49.85893],[-97.49641,49.85957],[-97.49723,49.86126],[-97.4935,49.86275],[-97.48926,49.86844],[-97.48994,49.87283],[-97.49973,49.8751],[-97.51111,49.87432],[-97.5122,49.87936],[-97.51827,49.88206],[-97.51046,49.88345],[-97.50918,49.88491],[-97.52145,49.88636],[-97.51672,49.88999],[-97.51879,49.89344],[-97.52119,49.8938],[-97.52884,49.88961],[-97.53666,49.89304],[-97.53636,49.89432],[-97.52949,49.89666],[-97.52857,49.89851],[-97.53073,49.90027],[-97.53729,49.90066],[-97.54517,49.89764],[-97.54965,49.89826],[-97.54969,49.90009],[-97.54051,49.9036],[-97.54067,49.906],[-97.54494,49.90796],[-97.55031,49.90573],[-97.55538,49.90694],[-97.55727,49.91022],[-97.55521,49.91352],[-97.55883,49.91871],[-97.57783,49.92043],[-97.58111,49.92281],[-97.58712,49.9316],[-97.60024,49.93169],[-97.60088,49.93358],[-97.59377,49.93508],[-97.59415,49.93901],[-97.59769,49.94021],[-97.60372,49.93779],[-97.60783,49.93982],[-97.60287,49.94346],[-97.60219,49.94628],[-97.60376,49.94819],[-97.61382,49.94465],[-97.61751,49.94513],[-97.61785,49.94793],[-97.61055,49.9489],[-97.61266,49.95332],[-97.62652,49.95285],[-97.62917,49.94833],[-97.63301,49.94791],[-97.63353,49.94945],[-97.62944,49.95163],[-97.62984,49.95349],[-97.6401,49.95183],[-97.64773,49.95349],[-97.65133,49.95681],[-97.65269,49.96492],[-97.65724,49.96779],[-97.66305,49.96567],[-97.66414,49.96267],[-97.65473,49.95961],[-97.65227,49.95147],[-97.65317,49.94971],[-97.65544,49.94923],[-97.65498,49.95319],[-97.65662,49.95559],[-97.6715,49.95807],[-97.67154,49.95926],[-97.6656,49.96146],[-97.67026,49.96494],[-97.66713,49.96701],[-97.66912,49.96908],[-97.66874,49.9742],[-97.67871,49.97345],[-97.68294,49.97465],[-97.68682,49.97894],[-97.68568,49.98224],[-97.68727,49.98626],[-97.69383,49.99266],[-97.69485,49.99629],[-97.70103,49.99718],[-97.71208,50.00181],[-97.71603,50.00161],[-97.72207,49.99818],[-97.72583,49.99859],[-97.72639,50.0012],[-97.72171,50.00659],[-97.72442,50.01038],[-97.7281,50.01042],[-97.73158,50.00603],[-97.73452,50.00508],[-97.74077,50.00744],[-97.74247,50.00969],[-97.74225,50.01438],[-97.74456,50.01465],[-97.74742,50.01017],[-97.75163,50.01039],[-97.75279,50.015],[-97.75611,50.01649],[-97.76332,50.00853],[-97.76735,50.00683],[-97.77205,50.00765],[-97.77811,50.01219],[-97.78145,50.01244],[-97.78261,50.0099],[-97.77551,50.00402],[-97.7807,50.00406],[-97.79392,49.99954],[-97.79864,49.99976]]]}},{"type":"Feature","properties":{"name":"RM OF ST. LAURENT","muni_no":"178","list_name":"ST LAURENT (RM)","region":"Interlake"},"geometry":{"type":"Polygon","coordinates":[[[-97.95574,50.34373],[-97.94765,50.35478],[-97.95071,50.35818],[-97.95026,50.35952],[-97.95225,50.35984],[-97.94968,50.36028],[-97.95091,50.36433],[-97.94846,50.3651],[-97.94682,50.36374],[-97.94806,50.3652],[-97.94682,50.36563],[-97.95192,50.36421],[-97.95303,50.36722],[-97.95157,50.36759],[-97.95372,50.36802],[-97.94942,50.36958],[-97.94994,50.36745],[-97.94801,50.36724],[-97.94744,50.37008],[-97.94582,50.3704],[-97.95127,50.374],[-97.95204,50.37063],[-97.95278,50.37248],[-97.95127,50.37542],[-97.953,50.37241],[-97.95202,50.36988],[-97.95399,50.37037],[-97.95349,50.37213],[-97.95426,50.37135],[-97.95429,50.37029],[-97.95211,50.36975],[-97.95291,50.36885],[-97.95407,50.36818],[-97.95709,50.37111],[-97.95373,50.37423],[-97.94945,50.38405],[-97.95088,50.38577],[-97.94938,50.3867],[-97.95142,50.38573],[-97.95192,50.38761],[-97.94929,50.38855],[-97.95187,50.3877],[-97.95258,50.39022],[-97.95061,50.39037],[-97.95429,50.39171],[-97.95333,50.39384],[-97.95679,50.39703],[-97.96289,50.40857],[-97.96183,50.41206],[-97.9634,50.41303],[-97.96144,50.41347],[-97.9598,50.41843],[-97.96062,50.42046],[-97.96379,50.42184],[-97.96301,50.42954],[-97.96872,50.43305],[-97.97279,50.43964],[-97.97536,50.44036],[-97.97477,50.44192],[-97.97844,50.44772],[-97.99304,50.45854],[-97.99847,50.46703],[-98.00583,50.47132],[-98.00485,50.47201],[-98.00802,50.47366],[-98.00681,50.47384],[-98.00824,50.4759],[-98.01529,50.48102],[-98.01558,50.48367],[-98.02211,50.48547],[-98.02111,50.48751],[-98.02552,50.48829],[-98.02546,50.49016],[-98.02833,50.49124],[-98.02741,50.49015],[-98.03465,50.49604],[-98.03489,50.49832],[-98.03771,50.49793],[-98.03718,50.49989],[-98.04314,50.50675],[-98.03877,50.50673],[-98.00122,50.51842],[-97.98766,50.50655],[-97.73697,50.50664],[-97.73751,50.59494],[-97.66756,50.59495],[-97.66864,50.47696],[-97.64556,50.477],[-97.64504,50.41805],[-97.61932,50.41807],[-97.61387,50.41318],[-97.61312,50.41431],[-97.60799,50.41397],[-97.59917,50.40446],[-97.59922,50.32977],[-97.97697,50.32901],[-97.95574,50.34373]]]}},{"type":"Feature","properties":{"name":"VILLAGE OF ST. PIERRE-JOLYS","muni_no":"357","list_name":"ST PIERRE-JOLYS (VILLAGE)","region":"Southeast"},"geometry":{"type":"Polygon","coordinates":[[[-96.97397,49.44661],[-96.97394,49.43366],[-96.99917,49.43362],[-96.99925,49.44236],[-96.99648,49.44237],[-96.99651,49.44664],[-96.97397,49.44661]]]}},{"type":"Feature","properties":{"name":"RM OF STANLEY","muni_no":"190","list_name":"STANLEY (RM)","region":"South-Central / Central Plains"},"geometry":{"type":"Polygon","coordinates":[[[-97.86612,49.26614],[-97.86612,49.17758],[-97.86372,49.17758],[-97.86417,49.0005],[-98.26776,49.00028],[-98.26792,49.17763],[-98.27343,49.17763],[-98.27334,49.26616],[-97.86612,49.26614]],[[-97.8997,49.17786],[-97.89968,49.19991],[-97.97881,49.19985],[-97.97874,49.17758],[-97.97645,49.17758],[-97.97643,49.17517],[-97.96493,49.17519],[-97.96486,49.16278],[-97.90879,49.16283],[-97.9088,49.17787],[-97.8997,49.17786]],[[-98.09192,49.20695],[-98.09287,49.21448],[-98.14849,49.21452],[-98.14852,49.19972],[-98.16005,49.19977],[-98.16004,49.18502],[-98.14851,49.18499],[-98.14844,49.1778],[-98.1111,49.17779],[-98.11108,49.17027],[-98.08857,49.17031],[-98.08861,49.17754],[-98.08588,49.17754],[-98.08593,49.18874],[-98.06932,49.18889],[-98.069,49.20696],[-98.09192,49.20695]],[[-98.05167,49.20613],[-98.05182,49.20891],[-98.06307,49.20889],[-98.06392,49.21451],[-98.0639,49.20905],[-98.06942,49.2112],[-98.06942,49.20846],[-98.0639,49.20847],[-98.06511,49.20717],[-98.069,49.20696],[-98.05167,49.20613]],[[-97.92225,49.22216],[-97.8997,49.22215],[-97.89972,49.22853],[-97.92229,49.22874],[-97.92225,49.22216]]]}},{"type":"Feature","properties":{"name":"RM OF STE. ANNE","muni_no":"175","list_name":"STE ANNE (RM)","region":"Southeast"},"geometry":{"type":"MultiPolygon","coordinates":[[[[-96.77573,49.61927],[-96.77613,49.70822],[-96.36595,49.70728],[-96.36586,49.53231],[-96.64315,49.53204],[-96.64143,49.61881],[-96.77573,49.61927]],[[-96.64784,49.67898],[-96.6577,49.68155],[-96.65701,49.68017],[-96.66024,49.67648],[-96.65916,49.67529],[-96.66167,49.67641],[-96.66665,49.66551],[-96.65729,49.66186],[-96.64856,49.66199],[-96.63614,49.65621],[-96.63143,49.65674],[-96.63237,49.66026],[-96.63091,49.66408],[-96.63469,49.66547],[-96.63181,49.67009],[-96.64975,49.67589],[-96.64784,49.67898]]],[[[-96.63237,49.66026],[-96.63237,49.66026],[-96.63237,49.66026],[-96.63237,49.66026]]]]}},{"type":"Feature","properties":{"name":"TOWN OF STE. ANNE","muni_no":"351","list_name":"STE ANNE (TOWN)","region":"Southeast"},"geometry":{"type":"Polygon","coordinates":[[[-96.63614,49.65621],[-96.64856,49.66199],[-96.65729,49.66186],[-96.66665,49.66551],[-96.66167,49.67641],[-96.65916,49.67529],[-96.66024,49.67648],[-96.65701,49.68017],[-96.6577,49.68155],[-96.64784,49.67898],[-96.64975,49.67589],[-96.63181,49.67009],[-96.63469,49.66547],[-96.63091,49.66408],[-96.63237,49.66026],[-96.63143,49.65674],[-96.63614,49.65621]],[[-96.63237,49.66026],[-96.63237,49.66026],[-96.63237,49.66026],[-96.63237,49.66026]]]}},{"type":"Feature","properties":{"name":"MUNICIPALITY OF STE. ROSE","muni_no":"359","list_name":"STE. ROSE (MUNICIPALITY)","region":"West & Parkland"},"geometry":{"type":"Polygon","coordinates":[[[-99.27652,50.86],[-99.57878,50.86027],[-99.57831,50.94857],[-99.59428,50.94858],[-99.5949,51.12525],[-99.5481,51.12535],[-99.54777,51.1845],[-99.43059,51.18443],[-99.43048,51.12549],[-99.36026,51.12551],[-99.35998,51.03704],[-99.29032,51.03697],[-99.28987,50.9486],[-99.27605,50.94861],[-99.27652,50.86]]]}},{"type":"Feature","properties":{"name":"CITY OF STEINBACH","muni_no":"451","list_name":"STEINBACH (CITY)","region":"Southeast"},"geometry":{"type":"Polygon","coordinates":[[[-96.6462,49.50252],[-96.66844,49.50258],[-96.66842,49.49534],[-96.71415,49.49531],[-96.71423,49.51731],[-96.71978,49.51731],[-96.71979,49.52482],[-96.72257,49.52482],[-96.72258,49.53189],[-96.73412,49.53188],[-96.73383,49.54523],[-96.75058,49.54531],[-96.75045,49.55284],[-96.74482,49.55281],[-96.74469,49.56007],[-96.75624,49.56012],[-96.75612,49.56764],[-96.733,49.56749],[-96.73327,49.55276],[-96.71093,49.55275],[-96.71069,49.56751],[-96.67637,49.5673],[-96.67681,49.54528],[-96.66521,49.54524],[-96.66539,49.53772],[-96.65422,49.53755],[-96.65434,49.5323],[-96.64587,49.5321],[-96.6462,49.50252]]]}},{"type":"Feature","properties":{"name":"TOWN OF STONEWALL","muni_no":"453","list_name":"STONEWALL (TOWN)","region":"Interlake"},"geometry":{"type":"Polygon","coordinates":[[[-97.35619,50.123],[-97.3559,50.1523],[-97.34459,50.15229],[-97.3446,50.14585],[-97.31042,50.14508],[-97.31023,50.11558],[-97.32192,50.11553],[-97.32195,50.12276],[-97.35619,50.123]]]}},{"type":"Feature","properties":{"name":"RM OF STUARTBURN","muni_no":"612","list_name":"STUARTBURN (RM)","region":"Southeast"},"geometry":{"type":"Polygon","coordinates":[[[-96.78147,49.26625],[-96.23972,49.26674],[-96.23901,49.17807],[-96.2476,49.17807],[-96.2477,49.00003],[-96.78638,49.0002],[-96.78614,49.17787],[-96.7813,49.17788],[-96.78147,49.26625]]]}},{"type":"Feature","properties":{"name":"TOWN OF SWAN RIVER","muni_no":"455","list_name":"SWAN RIVER (TOWN)","region":"West & Parkland"},"geometry":{"type":"Polygon","coordinates":[[[-101.25631,52.11953],[-101.25984,52.12345],[-101.25585,52.1242],[-101.25344,52.12228],[-101.252,52.11995],[-101.25192,52.11438],[-101.252,52.12114],[-101.24926,52.11876],[-101.24551,52.1184],[-101.24551,52.11075],[-101.22787,52.11075],[-101.22787,52.10351],[-101.24551,52.10351],[-101.24551,52.09989],[-101.2519,52.0999],[-101.2519,52.09265],[-101.26668,52.09265],[-101.26612,52.09138],[-101.27501,52.09265],[-101.27502,52.09988],[-101.28848,52.09987],[-101.28775,52.10099],[-101.29184,52.10318],[-101.29155,52.10611],[-101.28907,52.10603],[-101.28618,52.10353],[-101.28361,52.10597],[-101.28138,52.10571],[-101.2796,52.11436],[-101.26721,52.11436],[-101.27211,52.1154],[-101.2633,52.11572],[-101.26012,52.11827],[-101.26386,52.11918],[-101.26365,52.12085],[-101.25631,52.11953]]]}},{"type":"Feature","properties":{"name":"MUNICIPALITY OF SWAN VALLEY WEST","muni_no":"193","list_name":"SWAN VALLEY WEST (MUNICIPALITY)","region":"West & Parkland"},"geometry":{"type":"MultiPolygon","coordinates":[[[[-101.22154,52.24546],[-101.22166,52.23083],[-101.20402,52.23082],[-101.20405,51.96838],[-101.15305,51.96842],[-101.15276,51.88102],[-101.29428,51.88069],[-101.29429,51.70609],[-101.5773,51.70595],[-101.57721,51.96857],[-101.60929,51.96857],[-101.60903,52.31805],[-101.20397,52.31801],[-101.20356,52.24546],[-101.22154,52.24546]],[[-101.26365,52.12085],[-101.26386,52.11918],[-101.26012,52.11827],[-101.2633,52.11572],[-101.27211,52.1154],[-101.26721,52.11436],[-101.2796,52.11436],[-101.28138,52.10571],[-101.28361,52.10597],[-101.28618,52.10353],[-101.28907,52.10603],[-101.29155,52.10611],[-101.29184,52.10318],[-101.28775,52.10099],[-101.28848,52.09987],[-101.27502,52.09988],[-101.27501,52.09265],[-101.26612,52.09138],[-101.26668,52.09265],[-101.2519,52.09265],[-101.2519,52.0999],[-101.24551,52.09989],[-101.24551,52.10351],[-101.22787,52.10351],[-101.22787,52.11075],[-101.24551,52.11075],[-101.24551,52.1184],[-101.24926,52.11876],[-101.25169,52.12103],[-101.25585,52.1242],[-101.25984,52.12345],[-101.25631,52.11953],[-101.26365,52.12085]]],[[[-101.252,52.12114],[-101.25192,52.11438],[-101.252,52.11995],[-101.252,52.12114]]]]}},{"type":"Feature","properties":{"name":"RM OF TACHE","muni_no":"194","list_name":"TACHE (RM)","region":"Southeast"},"geometry":{"type":"Polygon","coordinates":[[[-96.77573,49.61927],[-96.98073,49.62048],[-96.98127,49.7973],[-96.36596,49.79613],[-96.36595,49.70728],[-96.77613,49.70822],[-96.77573,49.61927]]]}},{"type":"Feature","properties":{"name":"TOWN OF TEULON","muni_no":"363","list_name":"TEULON (TOWN)","region":"Interlake"},"geometry":{"type":"Polygon","coordinates":[[[-97.27,50.37445],[-97.2697,50.39269],[-97.25268,50.39265],[-97.25267,50.38876],[-97.24097,50.38876],[-97.24097,50.38152],[-97.25268,50.38152],[-97.2546,50.37402],[-97.27,50.37445]]]}},{"type":"Feature","properties":{"name":"TOWN OF THE PAS","muni_no":"457","list_name":"THE PAS (TOWN)","region":"North"},"geometry":{"type":"MultiPolygon","coordinates":[[[[-101.25433,53.82085],[-101.2587,53.82534],[-101.25875,53.82809],[-101.24991,53.83314],[-101.22833,53.83631],[-101.22519,53.82789],[-101.21336,53.82935],[-101.21408,53.83133],[-101.20151,53.83132],[-101.20175,53.81879],[-101.20455,53.81879],[-101.20161,53.81325],[-101.20151,53.80218],[-101.23155,53.80219],[-101.23707,53.80669],[-101.25075,53.80097],[-101.25407,53.8073],[-101.25267,53.81447],[-101.25433,53.82085]]],[[[-101.15198,53.86759],[-101.15095,53.85573],[-101.1727,53.84786],[-101.21995,53.83753],[-101.21996,53.84229],[-101.23147,53.84109],[-101.23433,53.84442],[-101.2609,53.84061],[-101.23193,53.87324],[-101.2298,53.87268],[-101.23156,53.87366],[-101.23044,53.87492],[-101.20071,53.87491],[-101.2007,53.86756],[-101.15198,53.86759]]],[[[-101.23237,53.87492],[-101.25059,53.85429],[-101.25059,53.87492],[-101.23237,53.87492]]],[[[-101.13925,53.95511],[-101.13925,53.96234],[-101.12671,53.96597],[-101.12671,53.96957],[-101.11444,53.97683],[-101.11443,53.97863],[-101.08969,53.98209],[-101.07758,53.98625],[-101.07745,53.97739],[-101.05281,53.96276],[-101.05281,53.96008],[-101.08969,53.94798],[-101.08969,53.96234],[-101.11447,53.96234],[-101.11447,53.95511],[-101.13925,53.95511]]]]}},{"type":"Feature","properties":{"name":"THICKET PORTAGE-NORTHERN AFFAIRS ACT","muni_no":"715","list_name":"THICKET PORTAGE (NORTHERN COMMUNITY)","region":"North"},"geometry":{"type":"Polygon","coordinates":[[[-97.66763,55.32972],[-97.66765,55.31508],[-97.65475,55.31506],[-97.65477,55.30939],[-97.68319,55.30647],[-97.6794,55.30544],[-97.68901,55.30458],[-97.69031,55.30279],[-97.69804,55.3009],[-97.69645,55.29977],[-97.70608,55.29845],[-97.70599,55.31509],[-97.71899,55.31508],[-97.71896,55.32165],[-97.71598,55.32063],[-97.71339,55.32296],[-97.71549,55.32533],[-97.71445,55.32656],[-97.70346,55.32635],[-97.70272,55.32529],[-97.70633,55.32387],[-97.70439,55.32353],[-97.67599,55.32291],[-97.67831,55.32439],[-97.68579,55.3241],[-97.68009,55.32509],[-97.68426,55.32756],[-97.6959,55.32641],[-97.69621,55.32758],[-97.69197,55.32843],[-97.69664,55.32975],[-97.66763,55.32972]]]}},{"type":"Feature","properties":{"name":"CITY OF THOMPSON","muni_no":"560","list_name":"THOMPSON (CITY)","region":"North"},"geometry":{"type":"Polygon","coordinates":[[[-97.88391,55.7552],[-97.8656,55.75426],[-97.81713,55.79496],[-97.79273,55.78572],[-97.79978,55.78067],[-97.82323,55.7565],[-97.83006,55.75251],[-97.82876,55.75121],[-97.83094,55.74938],[-97.8229,55.75258],[-97.82146,55.75239],[-97.82088,55.749],[-97.82928,55.74455],[-97.83237,55.74815],[-97.83395,55.74822],[-97.82956,55.74425],[-97.83809,55.73972],[-97.83299,55.73834],[-97.8237,55.74395],[-97.81948,55.74182],[-97.82826,55.73642],[-97.83037,55.73831],[-97.83124,55.7376],[-97.83838,55.73956],[-97.85493,55.73085],[-97.85544,55.72905],[-97.86008,55.7314],[-97.86897,55.72572],[-97.89805,55.73672],[-97.89012,55.74221],[-97.86624,55.73301],[-97.89504,55.74463],[-97.88944,55.7492],[-97.88882,55.75302],[-97.88391,55.7552]]]}},{"type":"Feature","properties":{"name":"RM OF THOMPSON","muni_no":"195","list_name":"THOMPSON (RM)","region":"South-Central / Central Plains"},"geometry":{"type":"Polygon","coordinates":[[[-98.06955,49.26612],[-98.40908,49.26595],[-98.40954,49.35483],[-98.40838,49.39938],[-98.4098,49.4872],[-98.27335,49.48737],[-98.27328,49.44332],[-98.06987,49.44334],[-98.06955,49.26612]]]}},{"type":"Feature","properties":{"name":"MUNICIPALITY OF TWO BORDERS","muni_no":"122","list_name":"TWO BORDERS (MUNICIPALITY)","region":"West & Parkland"},"geometry":{"type":"Polygon","coordinates":[[[-101.39258,49.5326],[-100.85036,49.5327],[-100.84992,49.17754],[-100.82458,49.17752],[-100.82447,48.99953],[-101.362,48.99954],[-101.36211,49.17773],[-101.39223,49.17773],[-101.39258,49.5326]],[[-101.00255,49.26651],[-100.97414,49.2665],[-100.9744,49.28127],[-100.99706,49.28129],[-100.99706,49.27505],[-101.00259,49.27404],[-101.00255,49.26651]]]}},{"type":"Feature","properties":{"name":"RM OF VICTORIA","muni_no":"197","list_name":"VICTORIA (RM)","region":"South-Central / Central Plains"},"geometry":{"type":"Polygon","coordinates":[[[-98.73292,49.53234],[-99.09842,49.53225],[-99.09809,49.79797],[-98.77954,49.79824],[-98.77908,49.62078],[-98.74455,49.6208],[-98.74453,49.59123],[-98.73344,49.59136],[-98.73292,49.53234]]]}},{"type":"Feature","properties":{"name":"RM OF VICTORIA BEACH","muni_no":"198","list_name":"VICTORIA BEACH (RM)","region":"Southeast"},"geometry":{"type":"MultiPolygon","coordinates":[[[[-96.54815,50.68023],[-96.54489,50.68361],[-96.54308,50.68399],[-96.54518,50.68024],[-96.54815,50.68023]]],[[[-96.53314,50.68612],[-96.54182,50.68821],[-96.54327,50.68652],[-96.54189,50.68526],[-96.54446,50.68622],[-96.54676,50.69313],[-96.55117,50.6969],[-96.5599,50.69844],[-96.56218,50.69518],[-96.56328,50.69598],[-96.56187,50.70091],[-96.56342,50.70399],[-96.56663,50.7046],[-96.56778,50.70655],[-96.563,50.7113],[-96.54455,50.72119],[-96.53924,50.72962],[-96.53582,50.72432],[-96.531,50.72286],[-96.52069,50.72305],[-96.51619,50.72105],[-96.52235,50.71077],[-96.52253,50.70214],[-96.52789,50.69756],[-96.52471,50.68964],[-96.51492,50.68373],[-96.49571,50.68025],[-96.53059,50.68026],[-96.53075,50.68126],[-96.52837,50.68312],[-96.53314,50.68612]],[[-96.53031,50.68077],[-96.52877,50.68191],[-96.53075,50.68126],[-96.53031,50.68077]]],[[[-96.54532,50.74087],[-96.54432,50.73687],[-96.53863,50.73272],[-96.55888,50.745],[-96.57176,50.74455],[-96.57523,50.74579],[-96.57349,50.7503],[-96.56265,50.76361],[-96.53981,50.77343],[-96.5363,50.77599],[-96.53642,50.77797],[-96.52746,50.78084],[-96.51632,50.77642],[-96.51727,50.77485],[-96.516,50.76869],[-96.51907,50.76418],[-96.51825,50.75978],[-96.53244,50.74858],[-96.54532,50.74087]]]]}},{"type":"Feature","properties":{"name":"TOWN OF VIRDEN","muni_no":"461","list_name":"VIRDEN (TOWN)","region":"West & Parkland"},"geometry":{"type":"Polygon","coordinates":[[[-100.90627,49.87192],[-100.91791,49.87192],[-100.91789,49.84241],[-100.93468,49.8424],[-100.93404,49.83878],[-100.94075,49.83878],[-100.94075,49.8424],[-100.96356,49.8424],[-100.96357,49.84438],[-100.95196,49.84438],[-100.95196,49.86467],[-100.94076,49.86315],[-100.94076,49.86494],[-100.93847,49.86534],[-100.92911,49.86467],[-100.92917,49.87944],[-100.90634,49.87944],[-100.90627,49.87192]]]}},{"type":"Feature","properties":{"name":"WABOWDEN-NORTHERN AFFAIRS ACT","muni_no":"716","list_name":"WABOWDEN (NORTHERN COMMUNITY)","region":"North"},"geometry":{"type":"Polygon","coordinates":[[[-98.58089,54.95176],[-98.58095,54.92303],[-98.58436,54.92089],[-98.58869,54.92062],[-98.59024,54.91825],[-98.58968,54.91527],[-98.60516,54.91204],[-98.60823,54.90975],[-98.60659,54.90646],[-98.60378,54.9064],[-98.60658,54.90221],[-98.60492,54.90068],[-98.60467,54.89637],[-98.60723,54.89553],[-98.60709,54.89491],[-98.60089,54.89574],[-98.59525,54.89929],[-98.59328,54.89526],[-98.58916,54.89425],[-98.58182,54.89539],[-98.58097,54.89725],[-98.58091,54.89354],[-98.68289,54.89351],[-98.68266,54.92263],[-98.71127,54.92266],[-98.70432,54.92843],[-98.69459,54.92453],[-98.69543,54.92601],[-98.69406,54.92782],[-98.69627,54.92819],[-98.69459,54.93011],[-98.69617,54.93072],[-98.69439,54.93126],[-98.69544,54.93233],[-98.68276,54.93251],[-98.68479,54.93428],[-98.68181,54.93425],[-98.6782,54.93698],[-98.66825,54.93489],[-98.66764,54.93662],[-98.66473,54.93703],[-98.66746,54.93947],[-98.6595,54.9439],[-98.66051,54.94512],[-98.66312,54.94408],[-98.66179,54.94591],[-98.65489,54.94862],[-98.65438,54.94699],[-98.65169,54.94833],[-98.6525,54.94577],[-98.64941,54.94531],[-98.64958,54.94765],[-98.64802,54.94873],[-98.64917,54.95173],[-98.58089,54.95176]]]}},{"type":"Feature","properties":{"name":"RM OF WALLACE-WOODWORTH","muni_no":"199","list_name":"WALLACE-WOODWORTH (RM)","region":"West & Parkland"},"geometry":{"type":"Polygon","coordinates":[[[-101.44731,50.0636],[-100.48543,50.06351],[-100.48529,49.88648],[-100.46278,49.88654],[-100.4629,49.79807],[-101.41767,49.79815],[-101.41756,49.88668],[-101.44721,49.88667],[-101.44731,50.0636]],[[-100.90627,49.87192],[-100.90634,49.87944],[-100.92917,49.87944],[-100.92911,49.86467],[-100.93847,49.86534],[-100.94076,49.86494],[-100.94076,49.86315],[-100.95196,49.86467],[-100.95196,49.84438],[-100.96357,49.84438],[-100.96356,49.8424],[-100.94075,49.8424],[-100.94075,49.83878],[-100.93404,49.83878],[-100.93468,49.8424],[-100.91789,49.84241],[-100.91791,49.87192],[-100.90627,49.87192]]]}},{"type":"Feature","properties":{"name":"WATERHEN-NORTHERN AFFAIRS ACT","muni_no":"733","list_name":"WATERHEN (NORTHERN COMMUNITY)","region":"North"},"geometry":{"type":"Polygon","coordinates":[[[-99.55447,51.92806],[-99.54996,51.91537],[-99.55255,51.90634],[-99.5556,51.90436],[-99.5555,51.90058],[-99.553,51.90059],[-99.55305,51.90373],[-99.54796,51.90767],[-99.54681,51.91498],[-99.53697,51.91497],[-99.53629,51.90947],[-99.53838,51.90309],[-99.53722,51.89796],[-99.53617,51.90036],[-99.53036,51.90177],[-99.52899,51.90912],[-99.5308,51.91498],[-99.48916,51.91492],[-99.48865,51.91284],[-99.48519,51.91079],[-99.48271,51.9123],[-99.48343,51.91487],[-99.46686,51.91491],[-99.46709,51.80509],[-99.46869,51.80368],[-99.4682,51.80148],[-99.47595,51.79846],[-99.47639,51.79303],[-99.47442,51.79125],[-99.47736,51.78874],[-99.47985,51.78258],[-99.48352,51.78315],[-99.48187,51.78107],[-99.48615,51.78269],[-99.48765,51.78099],[-99.48926,51.7776],[-99.48834,51.77533],[-99.4911,51.7733],[-99.4908,51.76923],[-99.495,51.76957],[-99.4915,51.77158],[-99.49155,51.77285],[-99.4896,51.77561],[-99.48929,51.77896],[-99.49218,51.78749],[-99.49527,51.79127],[-99.50005,51.79207],[-99.50269,51.79475],[-99.5061,51.78942],[-99.50831,51.78961],[-99.50934,51.78778],[-99.50579,51.78584],[-99.50642,51.78419],[-99.50467,51.78137],[-99.50624,51.78098],[-99.50533,51.77798],[-99.50856,51.77182],[-99.50779,51.76949],[-99.51153,51.76678],[-99.50812,51.76166],[-99.51102,51.75841],[-99.51463,51.74896],[-99.51803,51.74894],[-99.52043,51.74322],[-99.52386,51.74283],[-99.5225,51.74145],[-99.52849,51.74491],[-99.53231,51.74513],[-99.53308,51.75061],[-99.53623,51.75495],[-99.5851,51.75498],[-99.58505,51.7841],[-99.60868,51.78408],[-99.60883,51.82762],[-99.63245,51.82764],[-99.63232,51.87137],[-99.58509,51.87141],[-99.58505,51.88588],[-99.57339,51.88586],[-99.57337,51.90051],[-99.56088,51.90057],[-99.55846,51.92752],[-99.55447,51.92806]]]}},{"type":"Feature","properties":{"name":"RM OF WEST INTERLAKE","muni_no":"185","list_name":"WEST INTERLAKE (RM)","region":"Interlake"},"geometry":{"type":"MultiPolygon","coordinates":[[[[-98.78844,50.94426],[-98.79098,50.94769],[-98.79245,50.95571],[-98.79664,50.95678],[-98.80241,50.96304],[-98.80056,50.96849],[-98.7979,50.96795],[-98.79205,50.96077],[-98.789,50.96152],[-98.7837,50.95889],[-98.77783,50.94936],[-98.78244,50.94835],[-98.78656,50.94422],[-98.78844,50.94426]]],[[[-98.34183,50.78084],[-98.35668,50.79322],[-98.36062,50.79483],[-98.36931,50.80358],[-98.3725,50.80569],[-98.37846,50.80494],[-98.38074,50.80653],[-98.37668,50.8109],[-98.37898,50.81313],[-98.3782,50.81633],[-98.38326,50.82236],[-98.38962,50.82453],[-98.39537,50.82868],[-98.40456,50.83004],[-98.40946,50.8289],[-98.41458,50.83221],[-98.41699,50.83634],[-98.4282,50.84153],[-98.45331,50.84502],[-98.45537,50.8537],[-98.45332,50.85383],[-98.4559,50.85372],[-98.4591,50.857],[-98.45941,50.8973],[-98.5614,50.89818],[-98.56058,50.96394],[-98.58517,50.96437],[-98.58518,50.97174],[-98.63117,50.97156],[-98.63059,50.9217],[-98.62804,50.92171],[-98.62531,50.91733],[-98.62107,50.91475],[-98.62121,50.91359],[-98.62407,50.91601],[-98.6217,50.91342],[-98.62053,50.9135],[-98.61922,50.90946],[-98.62127,50.91223],[-98.62014,50.90876],[-98.62318,50.90725],[-98.6231,50.90387],[-98.63312,50.89791],[-98.63449,50.89586],[-98.63401,50.89069],[-98.63875,50.88594],[-98.64275,50.88677],[-98.65121,50.90142],[-98.65177,50.90482],[-98.64677,50.90377],[-98.64832,50.90556],[-98.64731,50.90688],[-98.6445,50.90514],[-98.64696,50.90703],[-98.64859,50.9069],[-98.64839,50.90461],[-98.65329,50.90585],[-98.65199,50.90781],[-98.65293,50.90963],[-98.65226,50.91067],[-98.65304,50.90969],[-98.65224,50.90789],[-98.65506,50.90802],[-98.65287,50.90443],[-98.66079,50.89827],[-98.66344,50.89438],[-98.66284,50.89293],[-98.66697,50.89271],[-98.66807,50.89049],[-98.67163,50.89375],[-98.6756,50.89471],[-98.68401,50.89236],[-98.68399,50.88893],[-98.68026,50.88379],[-98.68521,50.88671],[-98.68575,50.88872],[-98.69093,50.8909],[-98.69784,50.89078],[-98.69943,50.8894],[-98.69874,50.88791],[-98.70868,50.88618],[-98.71314,50.88849],[-98.7085,50.89371],[-98.70779,50.89814],[-98.70955,50.90116],[-98.71401,50.90125],[-98.71948,50.89883],[-98.73056,50.9024],[-98.73687,50.90155],[-98.74259,50.90524],[-98.74518,50.90923],[-98.74376,50.90977],[-98.74869,50.91307],[-98.75184,50.91261],[-98.75318,50.90947],[-98.759,50.91099],[-98.76278,50.91592],[-98.76235,50.91773],[-98.76987,50.92357],[-98.77335,50.93466],[-98.77274,50.9379],[-98.76713,50.94062],[-98.76876,50.94698],[-98.76716,50.94949],[-98.76277,50.9522],[-98.75931,50.9504],[-98.7587,50.94686],[-98.75974,50.9468],[-98.75607,50.94116],[-98.75432,50.94381],[-98.75115,50.94325],[-98.74992,50.94592],[-98.75246,50.94664],[-98.75403,50.94921],[-98.75064,50.94984],[-98.74991,50.95259],[-98.74574,50.95457],[-98.7464,50.95823],[-98.74476,50.95708],[-98.75303,50.96698],[-98.75282,50.96957],[-98.75335,50.96737],[-98.75628,50.97057],[-98.75326,50.96544],[-98.75462,50.96423],[-98.75741,50.96983],[-98.75635,50.97066],[-98.76103,50.97755],[-98.76631,50.98203],[-98.76771,50.97993],[-98.77332,50.98144],[-98.77248,50.97805],[-98.77486,50.97043],[-98.77349,50.96833],[-98.77405,50.97041],[-98.77291,50.97089],[-98.76024,50.96927],[-98.75872,50.96137],[-98.76459,50.95962],[-98.76905,50.96038],[-98.7699,50.95858],[-98.77506,50.9607],[-98.79243,50.97774],[-98.79223,50.98496],[-98.7869,50.99121],[-98.77928,50.99225],[-98.7763,50.98969],[-98.76776,50.98832],[-98.75751,50.99158],[-98.7541,50.99128],[-98.75295,50.99564],[-98.75094,50.99463],[-98.7499,50.99563],[-98.7532,50.99958],[-98.75819,51.00118],[-98.76829,51.00852],[-98.77625,51.00997],[-98.78237,51.01495],[-98.7845,51.01877],[-98.78384,51.02582],[-98.78266,51.02629],[-98.78373,51.02863],[-98.79279,51.03012],[-98.79728,51.02552],[-98.7998,51.02806],[-98.79902,51.03027],[-98.80309,51.03233],[-98.80433,51.03505],[-98.79879,51.03076],[-98.7934,51.03154],[-98.79187,51.03272],[-98.79283,51.03475],[-98.7881,51.03439],[-98.7857,51.04135],[-98.77918,51.04157],[-98.7777,51.04014],[-98.77394,51.04128],[-98.77286,51.0455],[-98.77798,51.05337],[-98.77706,51.05412],[-98.77498,51.05204],[-98.77428,51.05341],[-98.77009,51.05208],[-98.77003,51.05432],[-98.76497,51.05569],[-98.76391,51.05753],[-98.76109,51.05607],[-98.75388,51.06065],[-98.74475,51.06036],[-98.74009,51.06381],[-98.74176,51.06434],[-98.74151,51.06295],[-98.74984,51.06675],[-98.76189,51.07502],[-98.77501,51.07126],[-98.77846,51.07484],[-98.78006,51.08155],[-98.78225,51.08234],[-98.77932,51.08246],[-98.78256,51.0839],[-98.77878,51.08284],[-98.77123,51.08421],[-98.76555,51.08256],[-98.76558,51.08639],[-98.75857,51.08999],[-98.75474,51.08829],[-98.74576,51.08889],[-98.74314,51.09225],[-98.73679,51.09429],[-98.73841,51.09688],[-98.73471,51.09573],[-98.73429,51.09403],[-98.73367,51.09518],[-98.72966,51.08994],[-98.72898,51.09035],[-98.73068,51.09223],[-98.73011,51.09582],[-98.73342,51.09792],[-98.73226,51.0995],[-98.7365,51.10198],[-98.7341,51.09922],[-98.73776,51.10066],[-98.73567,51.0986],[-98.74119,51.09922],[-98.73999,51.09865],[-98.74154,51.09722],[-98.74519,51.09923],[-98.7483,51.09896],[-98.75596,51.10282],[-98.75441,51.10381],[-98.75676,51.10881],[-98.75862,51.10969],[-98.75652,51.11029],[-98.75664,51.11149],[-98.75801,51.11014],[-98.76101,51.11195],[-98.76664,51.11077],[-98.76976,51.11221],[-98.77331,51.12181],[-98.75949,51.12361],[-98.7573,51.12053],[-98.75664,51.11555],[-98.75434,51.11336],[-98.75612,51.1114],[-98.74886,51.11343],[-98.74212,51.11771],[-98.74064,51.12173],[-98.74265,51.12379],[-98.75463,51.12755],[-98.75335,51.12848],[-98.75437,51.1304],[-98.75005,51.13579],[-98.74999,51.14184],[-98.74703,51.14542],[-98.74405,51.14547],[-98.74242,51.14278],[-98.74175,51.14466],[-98.74325,51.13462],[-98.74038,51.13225],[-98.7425,51.12977],[-98.73219,51.12312],[-98.72736,51.10511],[-98.72062,51.09665],[-98.71375,51.09184],[-98.7154,51.09038],[-98.71337,51.08471],[-98.71447,51.08409],[-98.71156,51.08178],[-98.70919,51.08116],[-98.70782,51.08416],[-98.70597,51.08314],[-98.70215,51.08439],[-98.70235,51.08674],[-98.7014,51.08547],[-98.69522,51.08772],[-98.69278,51.08382],[-98.69325,51.08141],[-98.69106,51.08119],[-98.69023,51.07781],[-98.68252,51.07478],[-98.68259,51.08077],[-98.67835,51.08334],[-98.68072,51.08871],[-98.67645,51.08688],[-98.67607,51.09051],[-98.67288,51.08868],[-98.67303,51.09099],[-98.66334,51.09033],[-98.65868,51.09147],[-98.65869,51.09338],[-98.65506,51.09207],[-98.65573,51.09082],[-98.6527,51.08834],[-98.65133,51.08782],[-98.65149,51.08909],[-98.6471,51.0862],[-98.64885,51.08879],[-98.64254,51.09334],[-98.64133,51.09631],[-98.64298,51.10083],[-98.63977,51.10494],[-98.64294,51.11203],[-98.64919,51.11638],[-98.65596,51.11747],[-98.65869,51.1214],[-98.66188,51.12084],[-98.66019,51.12029],[-98.66276,51.11978],[-98.66029,51.11904],[-98.6599,51.11322],[-98.6613,51.11094],[-98.6643,51.11003],[-98.66431,51.10772],[-98.6682,51.10659],[-98.66729,51.10731],[-98.67554,51.11594],[-98.6685,51.12008],[-98.66993,51.12161],[-98.66686,51.12168],[-98.67788,51.12867],[-98.67632,51.1378],[-98.67395,51.13959],[-98.66118,51.14237],[-98.65535,51.1462],[-98.65385,51.14966],[-98.65601,51.15249],[-98.66149,51.15354],[-98.66284,51.15568],[-98.67025,51.15629],[-98.67362,51.15501],[-98.67437,51.15804],[-98.67283,51.15686],[-98.67078,51.15826],[-98.67523,51.16134],[-98.67198,51.16355],[-98.67022,51.16169],[-98.65951,51.16441],[-98.6477,51.17051],[-98.65033,51.17372],[-98.65263,51.18559],[-98.65149,51.18648],[-98.64726,51.18539],[-98.64371,51.18233],[-98.64618,51.184],[-98.64708,51.18195],[-98.63865,51.17677],[-98.63847,51.18021],[-98.64126,51.18151],[-98.6288,51.18146],[-98.62472,51.18019],[-98.6227,51.1778],[-98.61677,51.18005],[-98.61684,51.17666],[-98.6133,51.17741],[-98.60721,51.17595],[-98.60605,51.17632],[-98.60738,51.17617],[-98.60798,51.17705],[-98.6045,51.17737],[-98.60196,51.17993],[-98.59719,51.17982],[-98.5985,51.18187],[-98.59324,51.17989],[-98.59069,51.1809],[-98.59008,51.17837],[-98.58706,51.17656],[-98.58528,51.17749],[-98.58923,51.18114],[-98.58771,51.18124],[-98.58993,51.18339],[-98.58763,51.18458],[-98.59056,51.18574],[-98.58955,51.18749],[-98.58231,51.18888],[-98.58558,51.19032],[-98.58454,51.19196],[-98.57509,51.19491],[-98.57728,51.19908],[-98.57539,51.20091],[-98.56529,51.20224],[-98.55706,51.20566],[-98.54778,51.2147],[-98.55081,51.2175],[-98.56694,51.22202],[-98.57319,51.22974],[-98.57727,51.23181],[-98.58014,51.23845],[-98.58482,51.2439],[-98.25695,51.24377],[-98.25655,51.12595],[-98.30335,51.12601],[-98.30353,50.94813],[-97.87933,50.9491],[-97.87867,50.9344],[-97.87897,50.77198],[-98.33549,50.77108],[-98.33588,50.77412],[-98.34183,50.78084]]],[[[-98.80204,51.01164],[-98.79505,51.01275],[-98.79504,51.01401],[-98.79289,51.01443],[-98.79362,51.01093],[-98.80272,51.01031],[-98.80204,51.01164]]],[[[-98.78826,51.0476],[-98.79075,51.05053],[-98.78591,51.04927],[-98.78507,51.04634],[-98.78826,51.0476]]],[[[-98.79075,51.05053],[-98.79159,51.04951],[-98.80497,51.05038],[-98.80545,51.05253],[-98.79774,51.05713],[-98.79379,51.05576],[-98.79075,51.05053]]],[[[-98.77937,51.11291],[-98.77638,51.11367],[-98.76992,51.10753],[-98.7641,51.09985],[-98.76604,51.0991],[-98.76991,51.10326],[-98.77553,51.1035],[-98.77785,51.10625],[-98.77998,51.11063],[-98.77896,51.10867],[-98.77937,51.11291]]]]}},{"type":"Feature","properties":{"name":"RM OF WEST ST. PAUL","muni_no":"201","list_name":"WEST ST PAUL (RM)","region":"Winnipeg"},"geometry":{"type":"Polygon","coordinates":[[[-97.18412,49.97562],[-97.18415,50.06373],[-97.10882,50.06371],[-97.10882,50.06226],[-97.03235,50.02862],[-97.03784,50.02194],[-97.04303,50.01929],[-97.0399,49.99552],[-97.04174,49.99336],[-97.04981,49.99024],[-97.05228,49.98427],[-97.05981,49.97862],[-97.06626,49.96701],[-97.07303,49.9599],[-97.14916,49.99402],[-97.15521,49.99394],[-97.15519,49.99031],[-97.16123,49.9903],[-97.16124,49.9756],[-97.18412,49.97562]]]}},{"type":"Feature","properties":{"name":"MUNICIPALITY OF WESTLAKE-GLADSTONE","muni_no":"200","list_name":"WESTLAKE-GLADSTONE (MUNICIPALITY)","region":"South-Central / Central Plains"},"geometry":{"type":"MultiPolygon","coordinates":[[[[-99.11069,50.06343],[-99.11059,50.2407],[-99.12372,50.2407],[-99.12365,50.50587],[-98.61148,50.50619],[-98.61027,50.50281],[-98.60784,50.5038],[-98.60969,50.50395],[-98.61063,50.5062],[-98.60853,50.50623],[-98.60745,50.50429],[-98.60393,50.50337],[-98.60451,50.50076],[-98.6074,50.50214],[-98.60845,50.49828],[-98.61143,50.50111],[-98.60903,50.49783],[-98.60819,50.49072],[-98.60188,50.48822],[-98.60044,50.48596],[-98.60428,50.48577],[-98.60351,50.48403],[-98.60248,50.48552],[-98.60018,50.4836],[-98.60215,50.48355],[-98.6025,50.48163],[-98.59971,50.4767],[-98.59806,50.47732],[-98.59971,50.48079],[-98.59855,50.48075],[-98.59914,50.48547],[-98.59579,50.48097],[-98.59545,50.48209],[-98.59674,50.48421],[-98.60117,50.48718],[-98.59997,50.48826],[-98.60269,50.49504],[-98.6032,50.49306],[-98.605,50.49537],[-98.59883,50.49678],[-98.59691,50.49416],[-98.59774,50.4966],[-98.59499,50.4967],[-98.59012,50.49103],[-98.58756,50.49115],[-98.58732,50.48913],[-98.58899,50.48891],[-98.58734,50.4825],[-98.58561,50.48043],[-98.58686,50.47773],[-98.58504,50.4804],[-98.58705,50.48278],[-98.58706,50.48616],[-98.58508,50.48479],[-98.58475,50.48765],[-98.57808,50.47772],[-98.56828,50.47304],[-98.56269,50.47265],[-98.56033,50.46922],[-98.56291,50.46724],[-98.56168,50.46131],[-98.55033,50.45129],[-98.53471,50.43107],[-98.53019,50.42343],[-98.52877,50.41495],[-98.52689,50.41439],[-98.52019,50.39847],[-98.52327,50.397],[-98.52507,50.39393],[-98.52513,50.3874],[-98.52831,50.384],[-98.53144,50.37629],[-98.54073,50.37592],[-98.54995,50.37264],[-98.56432,50.37063],[-98.57353,50.36687],[-98.5826,50.36091],[-98.58468,50.35575],[-98.59055,50.34987],[-98.59254,50.34262],[-98.59707,50.33602],[-98.59622,50.32569],[-98.60177,50.31496],[-98.6007,50.31452],[-98.6018,50.30472],[-98.59168,50.2668],[-98.58607,50.25488],[-98.58722,50.25293],[-98.5826,50.25012],[-98.57208,50.24837],[-98.56615,50.24018],[-98.5611,50.23653],[-98.56019,50.06348],[-99.11069,50.06343]]],[[[-98.59602,50.50638],[-98.59605,50.50166],[-98.60279,50.50132],[-98.60525,50.5061],[-98.59602,50.50638]]]]}},{"type":"Feature","properties":{"name":"RM OF WHITEHEAD","muni_no":"202","list_name":"WHITEHEAD (RM)","region":"West & Parkland"},"geometry":{"type":"Polygon","coordinates":[[[-100.463,49.70941],[-100.46278,49.88654],[-100.05391,49.88675],[-100.05299,49.70938],[-100.463,49.70941]]]}},{"type":"Feature","properties":{"name":"RM OF WHITEMOUTH","muni_no":"203","list_name":"WHITEMOUTH (RM)","region":"Southeast"},"geometry":{"type":"Polygon","coordinates":[[[-95.95806,50.10518],[-95.82214,50.10548],[-95.82194,49.88617],[-95.81702,49.88625],[-95.81592,49.79744],[-96.09218,49.79614],[-96.09218,49.88452],[-96.08627,49.88452],[-96.08603,50.13438],[-96.03719,50.13433],[-96.02989,50.12433],[-96.02119,50.11899],[-96.01447,50.1194],[-96.00136,50.12586],[-95.97487,50.12226],[-95.97153,50.12307],[-95.97086,50.12586],[-95.95803,50.12813],[-95.95806,50.10518]]]}},{"type":"Feature","properties":{"name":"CITY OF WINKLER","muni_no":"463","list_name":"WINKLER (CITY)","region":"South-Central / Central Plains"},"geometry":{"type":"MultiPolygon","coordinates":[[[[-97.8997,49.17786],[-97.9088,49.17787],[-97.90879,49.16283],[-97.96486,49.16278],[-97.96493,49.17519],[-97.97643,49.17517],[-97.97645,49.17758],[-97.97874,49.17758],[-97.97881,49.19985],[-97.89968,49.19991],[-97.8997,49.17786]]],[[[-97.92225,49.22216],[-97.92229,49.22874],[-97.89972,49.22853],[-97.8997,49.22215],[-97.92225,49.22216]]]]}},{"type":"Feature","properties":{"name":"CITY OF WINNIPEG","muni_no":"590","list_name":"WINNIPEG (CITY)","region":"Winnipeg"},"geometry":{"type":"Polygon","coordinates":[[[-97.21976,49.71368],[-97.21965,49.75352],[-97.21405,49.75352],[-97.21409,49.7975],[-97.21969,49.79753],[-97.21967,49.81438],[-97.25371,49.81445],[-97.25371,49.81241],[-97.27655,49.81248],[-97.27655,49.81066],[-97.29938,49.81072],[-97.29938,49.80891],[-97.34914,49.80922],[-97.34668,49.83718],[-97.32538,49.83811],[-97.32364,49.85488],[-97.32651,49.86865],[-97.33897,49.86539],[-97.3376,49.87929],[-97.34352,49.87858],[-97.34155,49.89844],[-97.32268,49.89885],[-97.31982,49.91992],[-97.3212,49.92937],[-97.2985,49.92924],[-97.29851,49.93132],[-97.26232,49.93135],[-97.26356,49.91657],[-97.22987,49.91659],[-97.23001,49.97564],[-97.16124,49.9756],[-97.16123,49.9903],[-97.15519,49.99031],[-97.15521,49.99394],[-97.14916,49.99402],[-97.07303,49.9599],[-97.07031,49.96275],[-96.99729,49.93025],[-97.02477,49.93045],[-97.02499,49.91593],[-96.9664,49.91556],[-96.95676,49.89749],[-96.95654,49.88582],[-96.98109,49.88583],[-96.98108,49.87094],[-97.02682,49.87095],[-97.0264,49.79736],[-97.03861,49.79737],[-97.04912,49.79282],[-97.04908,49.78306],[-97.04346,49.78303],[-97.04345,49.77615],[-97.08358,49.76272],[-97.08342,49.75325],[-97.08194,49.75325],[-97.12883,49.73745],[-97.12739,49.74244],[-97.12817,49.74565],[-97.21976,49.71368]]]}},{"type":"Feature","properties":{"name":"TOWN OF WINNIPEG BEACH","muni_no":"465","list_name":"WINNIPEG BEACH (TOWN)","region":"Interlake"},"geometry":{"type":"Polygon","coordinates":[[[-96.95265,50.49158],[-96.96859,50.49158],[-96.96631,50.48795],[-96.97512,50.48795],[-96.97513,50.49158],[-96.98649,50.49157],[-96.98738,50.50655],[-96.97587,50.50648],[-96.9754,50.52757],[-96.9738,50.52756],[-96.97134,50.52436],[-96.9669,50.51084],[-96.96436,50.50825],[-96.96337,50.5059],[-96.96484,50.50825],[-96.96895,50.51008],[-96.96806,50.50796],[-96.96501,50.50669],[-96.96879,50.50476],[-96.9683,50.50139],[-96.96451,50.49764],[-96.95265,50.49158]]]}},{"type":"Feature","properties":{"name":"RM OF WOODLANDS","muni_no":"206","list_name":"WOODLANDS (RM)","region":"Interlake"},"geometry":{"type":"Polygon","coordinates":[[[-98.01459,50.24083],[-98.01461,50.30709],[-98.00543,50.31077],[-97.97697,50.32901],[-97.59922,50.32977],[-97.59917,50.40446],[-97.60799,50.41397],[-97.61312,50.41431],[-97.61387,50.41318],[-97.61932,50.41807],[-97.46005,50.41851],[-97.4596,50.06409],[-97.80983,50.06369],[-97.81381,50.07117],[-97.83049,50.07718],[-97.87905,50.07844],[-97.90229,50.08317],[-97.92968,50.08348],[-97.97316,50.06669],[-98.01037,50.06483],[-98.01038,50.24083],[-98.01459,50.24083]]]}},{"type":"Feature","properties":{"name":"YELLOWHEAD MUNICIPALITY","muni_no":"183","list_name":"YELLOWHEAD (MUNICIPALITY)","region":"West & Parkland"},"geometry":{"type":"Polygon","coordinates":[[[-100.23094,50.32886],[-100.78478,50.3288],[-100.78492,50.59425],[-100.23092,50.59455],[-100.23094,50.32886]]]}}]}