{"type":"FeatureCollection", "features": [
{"type":"Feature","geometry":{"type":"Polygon","coordinates":[[[-114.7262,49.0001],[-114.4106,49.0012],[-114.0683,48.9989],[-114.0538,49.0265],[-114.081,49.0597],[-114.1069,49.065],[-114.1531,49.0995],[-114.149,49.1437],[-114.1749,49.1636],[-114.3456,49.1936],[-114.4021,49.2133],[-114.3935,49.2572],[-114.4479,49.2644],[-114.4468,49.2884],[-114.4776,49.3124],[-114.4876,49.3473],[-114.5669,49.3769],[-114.5984,49.4126],[-114.5947,49.5028],[-114.573,49.525],[-114.5736,49.5575],[-114.6201,49.5468],[-114.691,49.554],[-114.7326,49.5764],[-114.7465,49.6185],[-114.6628,49.6437],[-114.6684,49.7039],[-114.6331,49.7341],[-114.6591,49.7651],[-114.636,49.7848],[-114.6399,49.8277],[-114.6918,49.8963],[-114.6937,49.9426],[-114.6574,49.9684],[-114.6664,50.0509],[-114.7333,50.1186],[-114.7247,50.1902],[-114.7702,50.25],[-114.7521,50.2732],[-114.7976,50.3261],[-114.7662,50.3507],[-114.8192,50.3691],[-114.8569,50.3925],[-114.873,50.4302],[-114.9122,50.4514],[-115.0137,50.5709],[-115.0853,50.5898],[-115.1175,50.5698],[-115.1735,50.5676],[-115.2059,50.5283],[-115.1642,50.51],[-115.1636,50.4791],[-115.1204,50.4377],[-115.1235,50.355],[-115.0995,50.3201],[-115.1272,50.2992],[-115.1352,50.2349],[-115.1031,50.2062],[-115.0682,50.138],[-115.0499,50.1292],[-115.0093,50.113],[-115.0386,50.0377],[-115.077,50.0218],[-115.0555,49.9793],[-115.0901,49.9652],[-115.1134,49.9128],[-115.0723,49.8905],[-115.0684,49.8657],[-115.1025,49.851],[-115.0894,49.7805],[-115.0189,49.7597],[-114.9871,49.7632],[-114.9836,49.6879],[-115.0165,49.6665],[-115.0082,49.6049],[-115.0553,49.6127],[-115.0791,49.5767],[-115.1273,49.576],[-115.1372,49.5287],[-115.2004,49.5192],[-115.2018,49.4886],[-115.1571,49.4889],[-115.1514,49.4672],[-115.1064,49.4527],[-115.1064,49.4351],[-115.0412,49.4048],[-115.0405,49.3653],[-115.006,49.3497],[-114.9381,49.3808],[-114.8919,49.429],[-114.8571,49.4122],[-114.8894,49.3457],[-114.8489,49.3278],[-114.8116,49.3327],[-114.699,49.2885],[-114.7409,49.2498],[-114.751,49.2037],[-114.7067,49.1708],[-114.7228,49.1369],[-114.7538,49.1243],[-114.7008,49.07],[-114.7573,49.0357],[-114.7262,49.0001]]]},"properties":{"id":"5901017","name":"East Kootenay A"}},
{"type":"Feature","geometry":{"type":"Polygon","coordinates":[[[-115.2004,49.5192],[-115.2422,49.5078],[-115.2507,49.4669],[-115.2073,49.427],[-115.3754,49.4272],[-115.3758,49.3903],[-115.6236,49.3935],[-115.6321,49.3717],[-115.5821,49.3414],[-115.6496,49.2985],[-115.722,49.2825],[-115.7663,49.2615],[-115.7567,49.2184],[-115.7845,49.195],[-115.7432,49.1845],[-115.7275,49.2034],[-115.6205,49.2113],[-115.6187,49.1881],[-115.5879,49.1333],[-115.5568,49.1198],[-115.5548,49.08],[-115.52,49.0007],[-115.2592,49],[-114.7262,49.0001],[-114.7573,49.0357],[-114.7008,49.07],[-114.7538,49.1243],[-114.7228,49.1369],[-114.7067,49.1708],[-114.751,49.2037],[-114.7409,49.2498],[-114.699,49.2885],[-114.8116,49.3327],[-114.8489,49.3278],[-114.8894,49.3457],[-114.8571,49.4122],[-114.8919,49.429],[-114.9381,49.3808],[-115.006,49.3497],[-115.0405,49.3653],[-115.0412,49.4048],[-115.1064,49.4351],[-115.1064,49.4527],[-115.1514,49.4672],[-115.1571,49.4889],[-115.2018,49.4886],[-115.2004,49.5192]]]},"properties":{"id":"5901019","name":"East Kootenay B"}},
{"type":"Feature","geometry":{"type":"Polygon","coordinates":[[[-115.0499,50.1292],[-115.1042,50.1057],[-115.1427,50.112],[-115.2064,50.1052],[-115.224,50.081],[-115.2157,50.059],[-115.2713,50.0366],[-115.2382,49.9957],[-115.2632,49.9715],[-115.296,49.9736],[-115.3553,49.9532],[-115.3432,49.9098],[-115.3626,49.8406],[-115.4428,49.8187],[-115.4714,49.8402],[-115.5549,49.7981],[-115.6027,49.7196],[-115.5853,49.6839],[-115.6679,49.6832],[-115.7002,49.6761],[-115.8619,49.6766],[-115.8781,49.6487],[-115.8801,49.6032],[-115.906,49.594],[-116.0715,49.5901],[-116.0949,49.5376],[-116.1337,49.4908],[-116.1637,49.4794],[-116.1823,49.4267],[-116.2105,49.4135],[-116.1829,49.3908],[-116.1653,49.3523],[-116.189,49.3219],[-116.1585,49.2834],[-116.1155,49.2883],[-116.0726,49.2586],[-116.0701,49.232],[-116.1008,49.1985],[-116.0285,49.1976],[-116.0325,49.0588],[-116.027,49.0009],[-115.52,49.0007],[-115.5548,49.08],[-115.5568,49.1198],[-115.5879,49.1333],[-115.6187,49.1881],[-115.6205,49.2113],[-115.7275,49.2034],[-115.7432,49.1845],[-115.7845,49.195],[-115.7567,49.2184],[-115.7663,49.2615],[-115.722,49.2825],[-115.6496,49.2985],[-115.5821,49.3414],[-115.6321,49.3717],[-115.6236,49.3935],[-115.3758,49.3903],[-115.3754,49.4272],[-115.2073,49.427],[-115.2507,49.4669],[-115.2422,49.5078],[-115.2004,49.5192],[-115.1372,49.5287],[-115.1273,49.576],[-115.0791,49.5767],[-115.0553,49.6127],[-115.0082,49.6049],[-115.0165,49.6665],[-114.9836,49.6879],[-114.9871,49.7632],[-115.0189,49.7597],[-115.0894,49.7805],[-115.1025,49.851],[-115.0684,49.8657],[-115.0723,49.8905],[-115.1134,49.9128],[-115.0901,49.9652],[-115.0555,49.9793],[-115.077,50.0218],[-115.0386,50.0377],[-115.0093,50.113],[-115.0499,50.1292]]]},"properties":{"id":"5901035","name":"East Kootenay C"}},
{"type":"Feature","geometry":{"type":"Polygon","coordinates":[[[-115.3553,49.9532],[-115.3615,50.0097],[-115.3861,50.0179],[-115.4618,50.11],[-115.5084,50.0967],[-115.5516,50.1158],[-115.5305,50.1495],[-115.5599,50.1795],[-115.5968,50.1729],[-115.6181,50.2065],[-115.6682,50.1969],[-115.6576,50.1566],[-115.6861,50.1582],[-115.7114,50.1113],[-115.7003,50.0489],[-115.7022,50.0014],[-115.8461,49.9992],[-115.8762,50.033],[-115.8558,50.0737],[-115.9227,50.0871],[-115.9289,50.0556],[-115.9784,50.0367],[-116.0231,50.0071],[-116.0807,50.0282],[-116.1369,50.0216],[-116.1578,50.0047],[-116.2401,49.9999],[-116.2436,49.9692],[-116.3024,49.9256],[-116.3985,49.9366],[-116.4431,49.9793],[-116.4719,49.9662],[-116.5101,49.985],[-116.5839,49.9488],[-116.5848,49.9297],[-116.6456,49.8826],[-116.6932,49.8701],[-116.685,49.8118],[-116.6395,49.7851],[-116.5909,49.7249],[-116.5906,49.6994],[-116.6573,49.6678],[-116.6776,49.6334],[-116.6483,49.6308],[-116.6892,49.5727],[-116.6446,49.5587],[-116.6252,49.5388],[-116.6673,49.4722],[-116.6323,49.4587],[-116.5951,49.477],[-116.5796,49.4552],[-116.5439,49.4651],[-116.4639,49.497],[-116.4507,49.5269],[-116.4235,49.5337],[-116.3624,49.5131],[-116.3124,49.5246],[-116.2891,49.5086],[-116.2848,49.4724],[-116.2105,49.4135],[-116.1823,49.4267],[-116.1637,49.4794],[-116.1337,49.4908],[-116.0949,49.5376],[-116.0715,49.5901],[-115.906,49.594],[-115.8801,49.6032],[-115.8781,49.6487],[-115.8619,49.6766],[-115.7002,49.6761],[-115.6679,49.6832],[-115.5853,49.6839],[-115.6027,49.7196],[-115.5549,49.7981],[-115.4714,49.8402],[-115.4428,49.8187],[-115.3626,49.8406],[-115.3432,49.9098],[-115.3553,49.9532]]]},"properties":{"id":"5901037","name":"East Kootenay E"}},
{"type":"Feature","geometry":{"type":"Polygon","coordinates":[[[-115.4949,50.78],[-115.5184,50.7459],[-115.574,50.7206],[-115.6213,50.7123],[-115.6697,50.7358],[-115.7906,50.6744],[-115.7983,50.6164],[-115.8429,50.6108],[-115.9153,50.5834],[-115.9891,50.5477],[-116.0388,50.5378],[-116.1215,50.5379],[-116.1207,50.5129],[-116.2215,50.5123],[-116.2657,50.4993],[-116.3634,50.451],[-116.4372,50.4668],[-116.4641,50.439],[-116.4532,50.4162],[-116.5626,50.4051],[-116.6168,50.4307],[-116.6523,50.4202],[-116.6138,50.3502],[-116.6182,50.3175],[-116.5909,50.3084],[-116.5408,50.319],[-116.555,50.2835],[-116.5568,50.2129],[-116.5003,50.1979],[-116.4499,50.1335],[-116.4952,50.0938],[-116.4983,50.0562],[-116.4714,50.0379],[-116.4658,50.0014],[-116.4431,49.9793],[-116.3985,49.9366],[-116.3024,49.9256],[-116.2436,49.9692],[-116.2401,49.9999],[-116.1578,50.0047],[-116.1369,50.0216],[-116.0807,50.0282],[-116.0231,50.0071],[-115.9784,50.0367],[-115.9289,50.0556],[-115.9227,50.0871],[-115.8558,50.0737],[-115.8762,50.033],[-115.8461,49.9992],[-115.7022,50.0014],[-115.7003,50.0489],[-115.7114,50.1113],[-115.6861,50.1582],[-115.6576,50.1566],[-115.6682,50.1969],[-115.6181,50.2065],[-115.5968,50.1729],[-115.5599,50.1795],[-115.5305,50.1495],[-115.5516,50.1158],[-115.5084,50.0967],[-115.4618,50.11],[-115.3861,50.0179],[-115.3615,50.0097],[-115.3553,49.9532],[-115.296,49.9736],[-115.2632,49.9715],[-115.2382,49.9957],[-115.2713,50.0366],[-115.2157,50.059],[-115.224,50.081],[-115.2064,50.1052],[-115.1427,50.112],[-115.1042,50.1057],[-115.0499,50.1292],[-115.0682,50.138],[-115.1031,50.2062],[-115.1352,50.2349],[-115.1272,50.2992],[-115.0995,50.3201],[-115.1235,50.355],[-115.1204,50.4377],[-115.1636,50.4791],[-115.1642,50.51],[-115.2059,50.5283],[-115.231,50.5449],[-115.2396,50.5892],[-115.2936,50.6111],[-115.2822,50.6632],[-115.3151,50.7258],[-115.3912,50.7064],[-115.4363,50.7557],[-115.4811,50.7552],[-115.4949,50.78]]]},"properties":{"id":"5901046","name":"East Kootenay F"}},
{"type":"Feature","geometry":{"type":"Polygon","coordinates":[[[-115.4949,50.78],[-115.5509,50.7971],[-115.5781,50.8405],[-115.643,50.8422],[-115.6489,50.8742],[-115.5926,50.8926],[-115.6146,50.9512],[-115.6488,50.9975],[-115.767,51.0394],[-115.7892,51.0724],[-115.8679,51.0893],[-115.9236,51.0831],[-115.9573,51.1152],[-116.0045,51.1247],[-116.0368,51.1701],[-116,51.194],[-116.0076,51.222],[-116.0493,51.2274],[-116.0652,51.2479],[-116.1117,51.2534],[-116.1591,51.2758],[-116.1641,51.2978],[-116.2191,51.2945],[-116.268,51.3119],[-116.2826,51.3315],[-116.3049,51.3254],[-116.2902,51.2909],[-116.2966,51.2617],[-116.2622,51.243],[-116.2634,51.2218],[-116.3011,51.2087],[-116.3465,51.2078],[-116.3321,51.1806],[-116.2975,51.18],[-116.2622,51.1266],[-116.3185,51.0955],[-116.3398,51.0644],[-116.3911,51.0556],[-116.4185,51.0366],[-116.3808,50.9992],[-116.337,50.9755],[-116.3183,50.9491],[-116.4444,50.9498],[-116.5354,50.9351],[-116.5357,50.921],[-116.6287,50.9207],[-116.6722,50.8898],[-116.7335,50.8764],[-116.7232,50.854],[-116.764,50.8473],[-116.7459,50.8162],[-116.7453,50.7713],[-116.7719,50.7667],[-116.7965,50.7293],[-116.7804,50.699],[-116.7444,50.6781],[-116.6992,50.6708],[-116.6076,50.6686],[-116.5796,50.6473],[-116.6144,50.6309],[-116.6313,50.5974],[-116.6541,50.5986],[-116.6729,50.531],[-116.6992,50.5185],[-116.6892,50.4924],[-116.7224,50.4615],[-116.6832,50.4305],[-116.6523,50.4202],[-116.6168,50.4307],[-116.5626,50.4051],[-116.4532,50.4162],[-116.4641,50.439],[-116.4372,50.4668],[-116.3634,50.451],[-116.2657,50.4993],[-116.2215,50.5123],[-116.1207,50.5129],[-116.1215,50.5379],[-116.0388,50.5378],[-115.9891,50.5477],[-115.9153,50.5834],[-115.8429,50.6108],[-115.7983,50.6164],[-115.7906,50.6744],[-115.6697,50.7358],[-115.6213,50.7123],[-115.574,50.7206],[-115.5184,50.7459],[-115.4949,50.78]]]},"properties":{"id":"5901048","name":"East Kootenay G"}},
{"type":"Feature","geometry":{"type":"Polygon","coordinates":[[[-116.6932,49.8701],[-116.8853,49.8693],[-116.881,49.8101],[-116.8909,49.6905],[-116.9082,49.6372],[-116.8364,49.588],[-116.8134,49.5442],[-116.8056,49.475],[-117.0687,49.4728],[-117.1009,49.4644],[-117.1197,49.4378],[-117.1004,49.4182],[-117.1059,49.387],[-117.0635,49.3825],[-117.054,49.3645],[-117.0716,49.3216],[-117.0098,49.2541],[-117.0473,49.2023],[-117.0388,49.1561],[-116.9589,49.16],[-116.9376,49.186],[-116.8712,49.2046],[-116.8385,49.179],[-116.7534,49.2043],[-116.6946,49.2139],[-116.688,49.2775],[-116.6644,49.2843],[-116.582,49.196],[-116.5408,49.1688],[-116.4915,49.1629],[-116.4515,49.1663],[-116.4406,49.1986],[-116.4428,49.2456],[-116.4932,49.2585],[-116.5073,49.2776],[-116.4997,49.3135],[-116.5496,49.3002],[-116.5909,49.3388],[-116.585,49.3605],[-116.5305,49.3954],[-116.5439,49.4651],[-116.5796,49.4552],[-116.5951,49.477],[-116.6323,49.4587],[-116.6673,49.4722],[-116.6252,49.5388],[-116.6446,49.5587],[-116.6892,49.5727],[-116.6483,49.6308],[-116.6776,49.6334],[-116.6573,49.6678],[-116.5906,49.6994],[-116.5909,49.7249],[-116.6395,49.7851],[-116.685,49.8118],[-116.6932,49.8701]]]},"properties":{"id":"5903010","name":"Central Kootenay A"}},
{"type":"Feature","geometry":{"type":"Polygon","coordinates":[[[-116.2105,49.4135],[-116.2848,49.4724],[-116.2891,49.5086],[-116.3124,49.5246],[-116.3624,49.5131],[-116.4235,49.5337],[-116.4507,49.5269],[-116.4639,49.497],[-116.5439,49.4651],[-116.5305,49.3954],[-116.585,49.3605],[-116.5909,49.3388],[-116.5496,49.3002],[-116.4997,49.3135],[-116.5073,49.2776],[-116.4932,49.2585],[-116.4428,49.2456],[-116.4406,49.1986],[-116.4515,49.1663],[-116.4915,49.1629],[-116.4942,49.1312],[-116.5337,49.1198],[-116.5123,49.0825],[-116.5397,49.063],[-116.5034,49],[-116.027,49.0009],[-116.0325,49.0588],[-116.0285,49.1976],[-116.1008,49.1985],[-116.0701,49.232],[-116.0726,49.2586],[-116.1155,49.2883],[-116.1585,49.2834],[-116.189,49.3219],[-116.1653,49.3523],[-116.1829,49.3908],[-116.2105,49.4135]]]},"properties":{"id":"5903013","name":"Central Kootenay B"}},
{"type":"Feature","geometry":{"type":"Polygon","coordinates":[[[-116.4915,49.1629],[-116.5408,49.1688],[-116.582,49.196],[-116.6644,49.2843],[-116.688,49.2775],[-116.6946,49.2139],[-116.7534,49.2043],[-116.8385,49.179],[-116.8712,49.2046],[-116.9376,49.186],[-116.9589,49.16],[-117.0388,49.1561],[-117.0544,49.0695],[-117.0304,49.0509],[-116.9928,49.0505],[-116.9245,49.0642],[-116.8854,49.0285],[-116.9135,49.0001],[-116.5034,49],[-116.5397,49.063],[-116.5123,49.0825],[-116.5337,49.1198],[-116.4942,49.1312],[-116.4915,49.1629]]]},"properties":{"id":"5903017","name":"Central Kootenay C"}},
{"type":"Feature","geometry":{"type":"Polygon","coordinates":[[[-116.7965,50.7293],[-116.837,50.7615],[-116.9214,50.7736],[-116.9643,50.8103],[-117.0381,50.815],[-117.0836,50.8656],[-117.069,50.9202],[-117.0331,50.9581],[-117.0703,50.9703],[-117.1552,50.9759],[-117.1379,51.028],[-117.1627,51.0444],[-117.2243,51.0593],[-117.3043,51.0513],[-117.3475,51.0389],[-117.3902,50.9998],[-117.3978,50.9612],[-117.4378,50.9482],[-117.4261,50.904],[-117.4673,50.9024],[-117.4902,50.8812],[-117.4536,50.8291],[-117.4668,50.8112],[-117.4057,50.7793],[-117.382,50.7462],[-117.3929,50.7091],[-117.3231,50.7242],[-117.2758,50.7442],[-117.2634,50.6926],[-117.2737,50.6708],[-117.2298,50.6483],[-117.3068,50.5775],[-117.245,50.5351],[-117.2438,50.5195],[-117.3212,50.4873],[-117.4359,50.4844],[-117.4943,50.489],[-117.4997,50.4571],[-117.4541,50.4254],[-117.4126,50.4248],[-117.3589,50.3963],[-117.3999,50.3538],[-117.361,50.3257],[-117.3683,50.2782],[-117.3391,50.2593],[-117.2794,50.2904],[-117.2358,50.2945],[-117.2212,50.2534],[-117.2599,50.2377],[-117.2751,50.2089],[-117.2011,50.1865],[-117.2324,50.1355],[-117.1668,50.1284],[-117.1736,50.0942],[-117.2135,50.0589],[-117.1896,50.025],[-117.1832,49.9931],[-117.144,49.9825],[-117.1309,49.9317],[-117.1749,49.9218],[-117.1805,49.8709],[-117.2287,49.8435],[-117.1965,49.7832],[-117.2253,49.7597],[-117.1927,49.7437],[-117.1747,49.7571],[-117.1282,49.7366],[-117.1127,49.704],[-117.0818,49.6921],[-116.8909,49.6905],[-116.881,49.8101],[-116.8853,49.8693],[-116.6932,49.8701],[-116.6456,49.8826],[-116.5848,49.9297],[-116.5839,49.9488],[-116.5101,49.985],[-116.4719,49.9662],[-116.4431,49.9793],[-116.4658,50.0014],[-116.4714,50.0379],[-116.4983,50.0562],[-116.4952,50.0938],[-116.4499,50.1335],[-116.5003,50.1979],[-116.5568,50.2129],[-116.555,50.2835],[-116.5408,50.319],[-116.5909,50.3084],[-116.6182,50.3175],[-116.6138,50.3502],[-116.6523,50.4202],[-116.6832,50.4305],[-116.7224,50.4615],[-116.6892,50.4924],[-116.6992,50.5185],[-116.6729,50.531],[-116.6541,50.5986],[-116.6313,50.5974],[-116.6144,50.6309],[-116.5796,50.6473],[-116.6076,50.6686],[-116.6992,50.6708],[-116.7444,50.6781],[-116.7804,50.699],[-116.7965,50.7293]]]},"properties":{"id":"5903039","name":"Central Kootenay D"}},
{"type":"Feature","geometry":{"type":"Polygon","coordinates":[[[-116.8909,49.6905],[-117.0818,49.6921],[-117.1127,49.704],[-117.1282,49.7366],[-117.1747,49.7571],[-117.1927,49.7437],[-117.1907,49.698],[-117.2315,49.6992],[-117.3168,49.6785],[-117.3226,49.624],[-117.403,49.6215],[-117.4174,49.5983],[-117.4744,49.5734],[-117.5031,49.5749],[-117.5552,49.5407],[-117.5454,49.4809],[-117.5115,49.4726],[-117.517,49.4359],[-117.5257,49.3917],[-117.5549,49.3487],[-117.4912,49.3374],[-117.461,49.3387],[-117.4329,49.3611],[-117.4169,49.3935],[-117.3728,49.3959],[-117.3348,49.4123],[-117.2759,49.4207],[-117.229,49.4114],[-117.2296,49.4363],[-117.1197,49.4378],[-117.1009,49.4644],[-117.0687,49.4728],[-116.8056,49.475],[-116.8134,49.5442],[-116.8364,49.588],[-116.9082,49.6372],[-116.8909,49.6905]]]},"properties":{"id":"5903041","name":"Central Kootenay E"}},
{"type":"Feature","geometry":{"type":"Polygon","coordinates":[[[-117.1197,49.4378],[-117.2296,49.4363],[-117.229,49.4114],[-117.2759,49.4207],[-117.3348,49.4123],[-117.3728,49.3959],[-117.4169,49.3935],[-117.4329,49.3611],[-117.461,49.3387],[-117.4912,49.3374],[-117.494,49.1755],[-117.5058,49.1578],[-117.5211,49.0881],[-117.4654,49.0882],[-117.4696,49.0007],[-116.9135,49.0001],[-116.8854,49.0285],[-116.9245,49.0642],[-116.9928,49.0505],[-117.0304,49.0509],[-117.0544,49.0695],[-117.0388,49.1561],[-117.0473,49.2023],[-117.0098,49.2541],[-117.0716,49.3216],[-117.054,49.3645],[-117.0635,49.3825],[-117.1059,49.387],[-117.1004,49.4182],[-117.1197,49.4378]]]},"properties":{"id":"5903047","name":"Central Kootenay G"}},
{"type":"Feature","geometry":{"type":"Polygon","coordinates":[[[-117.1927,49.7437],[-117.2253,49.7597],[-117.1965,49.7832],[-117.2287,49.8435],[-117.1805,49.8709],[-117.1749,49.9218],[-117.1309,49.9317],[-117.144,49.9825],[-117.1832,49.9931],[-117.1896,50.025],[-117.2135,50.0589],[-117.1736,50.0942],[-117.1668,50.1284],[-117.2324,50.1355],[-117.2011,50.1865],[-117.2751,50.2089],[-117.2599,50.2377],[-117.2212,50.2534],[-117.2358,50.2945],[-117.2794,50.2904],[-117.3391,50.2593],[-117.3683,50.2782],[-117.361,50.3257],[-117.3999,50.3538],[-117.4487,50.3418],[-117.4667,50.2769],[-117.5558,50.2813],[-117.5821,50.257],[-117.6384,50.2586],[-117.6714,50.2358],[-117.6433,50.1843],[-117.6777,50.1687],[-117.6786,50.141],[-117.5995,50.114],[-117.612,50.0556],[-117.5727,50.0271],[-117.5888,49.9594],[-117.6252,49.9523],[-117.6315,49.92],[-117.6951,49.9196],[-117.7117,49.9052],[-117.7128,49.866],[-117.7425,49.8644],[-117.7457,49.8271],[-117.8088,49.8242],[-117.8727,49.8361],[-117.9295,49.7989],[-117.9458,49.7669],[-118.0035,49.6921],[-117.9872,49.6647],[-118.0059,49.6525],[-118.0017,49.612],[-118.0154,49.5706],[-117.9612,49.552],[-117.9351,49.533],[-117.8471,49.5392],[-117.8233,49.5087],[-117.7519,49.4979],[-117.6916,49.4181],[-117.6015,49.4184],[-117.5628,49.4398],[-117.517,49.4359],[-117.5115,49.4726],[-117.5454,49.4809],[-117.5552,49.5407],[-117.5031,49.5749],[-117.4744,49.5734],[-117.4174,49.5983],[-117.403,49.6215],[-117.3226,49.624],[-117.3168,49.6785],[-117.2315,49.6992],[-117.1907,49.698],[-117.1927,49.7437]]]},"properties":{"id":"5903052","name":"Central Kootenay H"}},
{"type":"Feature","geometry":{"type":"Polygon","coordinates":[[[-118.0035,49.6921],[-118.0997,49.7027],[-118.1554,49.7264],[-118.2306,49.7183],[-118.2371,49.7545],[-118.2557,49.7622],[-118.2646,49.8045],[-118.3121,49.8235],[-118.3122,49.8123],[-118.2872,49.7789],[-118.3013,49.7502],[-118.2755,49.7142],[-118.2754,49.6584],[-118.2419,49.6362],[-118.2534,49.6207],[-118.2449,49.5616],[-118.2874,49.4949],[-118.2832,49.4705],[-118.2528,49.4445],[-118.2642,49.389],[-118.2193,49.3284],[-118.2077,49.2958],[-118.1769,49.2744],[-118.1359,49.264],[-117.7031,49.2653],[-117.702,49.2281],[-117.6756,49.2243],[-117.6743,49.175],[-117.494,49.1755],[-117.4912,49.3374],[-117.5549,49.3487],[-117.5257,49.3917],[-117.517,49.4359],[-117.5628,49.4398],[-117.6015,49.4184],[-117.6916,49.4181],[-117.7519,49.4979],[-117.8233,49.5087],[-117.8471,49.5392],[-117.9351,49.533],[-117.9612,49.552],[-118.0154,49.5706],[-118.0017,49.612],[-118.0059,49.6525],[-117.9872,49.6647],[-118.0035,49.6921]]]},"properties":{"id":"5903058","name":"Central Kootenay J"}},
{"type":"Feature","geometry":{"type":"Polygon","coordinates":[[[-117.4997,50.4571],[-117.582,50.503],[-117.6159,50.5437],[-117.6711,50.5324],[-117.7407,50.5544],[-117.8499,50.5424],[-117.857,50.5279],[-117.9779,50.5329],[-117.9943,50.5481],[-118.0138,50.6531],[-118.0684,50.6665],[-118.0766,50.6933],[-118.1233,50.6812],[-118.2073,50.6903],[-118.196,50.6342],[-118.1627,50.6115],[-118.1797,50.5536],[-118.2153,50.5381],[-118.1761,50.4931],[-118.212,50.4394],[-118.2676,50.4362],[-118.2821,50.3924],[-118.3269,50.352],[-118.2755,50.3398],[-118.2761,50.2787],[-118.2391,50.1963],[-118.2637,50.1814],[-118.2914,50.1313],[-118.2935,50.0978],[-118.3382,50.1007],[-118.3983,50.0788],[-118.3998,50.0334],[-118.4481,50.0226],[-118.4735,49.9995],[-118.4487,49.9738],[-118.4159,49.973],[-118.4187,49.9136],[-118.3767,49.9091],[-118.3539,49.8918],[-118.3786,49.8591],[-118.3744,49.8246],[-118.3121,49.8235],[-118.2646,49.8045],[-118.2557,49.7622],[-118.2371,49.7545],[-118.2306,49.7183],[-118.1554,49.7264],[-118.0997,49.7027],[-118.0035,49.6921],[-117.9458,49.7669],[-117.9295,49.7989],[-117.8727,49.8361],[-117.8088,49.8242],[-117.7457,49.8271],[-117.7425,49.8644],[-117.7128,49.866],[-117.7117,49.9052],[-117.6951,49.9196],[-117.6315,49.92],[-117.6252,49.9523],[-117.5888,49.9594],[-117.5727,50.0271],[-117.612,50.0556],[-117.5995,50.114],[-117.6786,50.141],[-117.6777,50.1687],[-117.6433,50.1843],[-117.6714,50.2358],[-117.6384,50.2586],[-117.5821,50.257],[-117.5558,50.2813],[-117.4667,50.2769],[-117.4487,50.3418],[-117.3999,50.3538],[-117.3589,50.3963],[-117.4126,50.4248],[-117.4541,50.4254],[-117.4997,50.4571]]]},"properties":{"id":"5903060","name":"Central Kootenay K"}},
{"type":"Feature","geometry":{"type":"Polygon","coordinates":[[[-117.494,49.1755],[-117.6743,49.175],[-117.6756,49.2243],[-117.702,49.2281],[-117.7031,49.2653],[-118.1359,49.264],[-118.1769,49.2744],[-118.2077,49.2958],[-118.2193,49.3284],[-118.2497,49.3123],[-118.2647,49.2865],[-118.3035,49.2653],[-118.3134,49.2173],[-118.3359,49.2174],[-118.3497,49.1437],[-118.3354,49.1274],[-118.3285,49.0557],[-118.2974,49.0379],[-118.2978,49.0002],[-118,49.0004],[-117.4696,49.0007],[-117.4654,49.0882],[-117.5211,49.0881],[-117.5058,49.1578],[-117.494,49.1755]]]},"properties":{"id":"5905030","name":"Kootenay Boundary B / Lower Columbia-Old-Glory"}},
{"type":"Feature","geometry":{"type":"Polygon","coordinates":[[[-118.2193,49.3284],[-118.2642,49.389],[-118.2528,49.4445],[-118.2832,49.4705],[-118.2874,49.4949],[-118.2449,49.5616],[-118.2534,49.6207],[-118.2419,49.6362],[-118.2754,49.6584],[-118.2755,49.7142],[-118.3013,49.7502],[-118.2872,49.7789],[-118.3122,49.8123],[-118.5102,49.8126],[-118.5054,49.7392],[-118.5317,49.7381],[-118.5687,49.7042],[-118.5572,49.6859],[-118.5857,49.6564],[-118.5836,49.606],[-118.6586,49.5427],[-118.6548,49.5301],[-118.7018,49.4909],[-118.6847,49.4729],[-118.7124,49.4489],[-118.706,49.3746],[-118.6413,49.367],[-118.6155,49.3403],[-118.609,49.3097],[-118.5864,49.2938],[-118.5996,49.2363],[-118.6224,49.2183],[-118.603,49.1933],[-118.5646,49.1755],[-118.5633,49.1439],[-118.6313,49.1257],[-118.6211,49.0201],[-118.5911,49.0001],[-118.2978,49.0002],[-118.2974,49.0379],[-118.3285,49.0557],[-118.3354,49.1274],[-118.3497,49.1437],[-118.3359,49.2174],[-118.3134,49.2173],[-118.3035,49.2653],[-118.2647,49.2865],[-118.2497,49.3123],[-118.2193,49.3284]]]},"properties":{"id":"5905052","name":"Kootenay Boundary D / Rural Grand Forks"}},
{"type":"Feature","geometry":{"type":"Polygon","coordinates":[[[-119.0557,49.8123],[-119.0655,49.7982],[-119.1157,49.791],[-119.1538,49.7995],[-119.1527,49.764],[-119.2021,49.7533],[-119.2285,49.7352],[-119.2629,49.7448],[-119.2957,49.7152],[-119.3759,49.679],[-119.3504,49.6361],[-119.3581,49.6162],[-119.3099,49.505],[-119.3008,49.5037],[-119.3004,49.3857],[-119.2621,49.3823],[-119.2604,49.3503],[-119.2069,49.344],[-119.1774,49.3123],[-119.2133,49.2857],[-119.2374,49.2389],[-119.1959,49.216],[-119.256,49.1619],[-119.2718,49.1181],[-119.3018,49.0733],[-119.2949,49.0001],[-118.5911,49.0001],[-118.6211,49.0201],[-118.6313,49.1257],[-118.5633,49.1439],[-118.5646,49.1755],[-118.603,49.1933],[-118.6224,49.2183],[-118.5996,49.2363],[-118.5864,49.2938],[-118.609,49.3097],[-118.6155,49.3403],[-118.6413,49.367],[-118.706,49.3746],[-118.7124,49.4489],[-118.6847,49.4729],[-118.7018,49.4909],[-118.6548,49.5301],[-118.6586,49.5427],[-118.5836,49.606],[-118.5857,49.6564],[-118.5572,49.6859],[-118.5687,49.7042],[-118.5317,49.7381],[-118.5054,49.7392],[-118.5102,49.8126],[-118.6719,49.8127],[-119.0557,49.8123]]]},"properties":{"id":"5905054","name":"Kootenay Boundary E / West Boundary"}},
{"type":"Feature","geometry":{"type":"Polygon","coordinates":[[[-119.256,49.1619],[-119.3266,49.1139],[-119.3971,49.1293],[-119.4488,49.1238],[-119.4491,49.0667],[-119.604,49.0946],[-119.6041,49.1144],[-119.6696,49.1209],[-119.6266,49.0735],[-119.6261,49.0001],[-119.2949,49.0001],[-119.3018,49.0733],[-119.2718,49.1181],[-119.256,49.1619]]]},"properties":{"id":"5907022","name":"Okanagan-Similkameen A"}},
{"type":"Feature","geometry":{"type":"Polygon","coordinates":[[[-119.6764,49.1965],[-119.7916,49.196],[-119.7825,49.1676],[-119.7832,49.097],[-119.8922,49.036],[-119.9462,49.0002],[-119.6261,49.0001],[-119.6266,49.0735],[-119.6696,49.1209],[-119.6764,49.1965]]]},"properties":{"id":"5907026","name":"Okanagan-Similkameen B"}},
{"type":"Feature","geometry":{"type":"Polygon","coordinates":[[[-119.2069,49.344],[-119.2379,49.2558],[-119.3013,49.2487],[-119.3482,49.2564],[-119.3848,49.2476],[-119.5038,49.2629],[-119.5539,49.2823],[-119.6139,49.2848],[-119.6704,49.2995],[-119.6764,49.1965],[-119.6696,49.1209],[-119.6041,49.1144],[-119.604,49.0946],[-119.4491,49.0667],[-119.4488,49.1238],[-119.3971,49.1293],[-119.3266,49.1139],[-119.256,49.1619],[-119.1959,49.216],[-119.2374,49.2389],[-119.2133,49.2857],[-119.1774,49.3123],[-119.2069,49.344]]]},"properties":{"id":"5907028","name":"Okanagan-Similkameen C"}},
{"type":"Feature","geometry":{"type":"Polygon","coordinates":[[[-119.6104,49.5055],[-119.6182,49.5307],[-119.6641,49.5616],[-119.7111,49.5501],[-119.723,49.5805],[-119.776,49.5658],[-119.7773,49.5149],[-119.749,49.5006],[-119.7389,49.4715],[-119.9001,49.4717],[-119.8952,49.3917],[-119.9349,49.4009],[-119.9323,49.3698],[-119.8943,49.3715],[-119.8911,49.3144],[-119.7975,49.3013],[-119.6704,49.2995],[-119.6139,49.2848],[-119.5539,49.2823],[-119.5038,49.2629],[-119.3848,49.2476],[-119.3482,49.2564],[-119.3013,49.2487],[-119.2379,49.2558],[-119.2069,49.344],[-119.2604,49.3503],[-119.2621,49.3823],[-119.3004,49.3857],[-119.3008,49.5037],[-119.3099,49.505],[-119.5304,49.5041],[-119.5475,49.5556],[-119.6104,49.5055]]]},"properties":{"id":"5907047","name":"Okanagan-Similkameen D"}},
{"type":"Feature","geometry":{"type":"Polygon","coordinates":[[[-119.3759,49.679],[-119.427,49.6754],[-119.4588,49.7255],[-119.4859,49.7464],[-119.5566,49.7602],[-119.6971,49.7607],[-119.6975,49.7752],[-119.7195,49.7653],[-119.7416,49.7248],[-119.7287,49.7121],[-119.6425,49.6335],[-119.6035,49.5737],[-119.5961,49.5299],[-119.6104,49.5055],[-119.5475,49.5556],[-119.5304,49.5041],[-119.3099,49.505],[-119.3581,49.6162],[-119.3504,49.6361],[-119.3759,49.679]]]},"properties":{"id":"5907049","name":"Okanagan-Similkameen E"}},
{"type":"Feature","geometry":{"type":"Polygon","coordinates":[[[-119.7287,49.7121],[-119.8359,49.7126],[-119.837,49.7657],[-119.9795,49.7663],[-119.9752,49.6676],[-120.052,49.6781],[-120.0992,49.6461],[-120.0316,49.5948],[-120.0485,49.573],[-120.0222,49.5526],[-120.0333,49.5215],[-120.0011,49.5058],[-119.9496,49.5289],[-119.9081,49.5001],[-119.9001,49.4717],[-119.7389,49.4715],[-119.749,49.5006],[-119.7773,49.5149],[-119.776,49.5658],[-119.723,49.5805],[-119.7111,49.5501],[-119.6641,49.5616],[-119.6182,49.5307],[-119.6104,49.5055],[-119.5961,49.5299],[-119.6035,49.5737],[-119.6425,49.6335],[-119.7287,49.7121]]]},"properties":{"id":"5907051","name":"Okanagan-Similkameen F"}},
{"type":"Feature","geometry":{"type":"Polygon","coordinates":[[[-120.0992,49.6461],[-120.1651,49.6274],[-120.1602,49.5596],[-120.1972,49.5209],[-120.1733,49.4879],[-120.1663,49.4382],[-120.2265,49.4158],[-120.2268,49.3408],[-120.2589,49.331],[-120.2754,49.3038],[-120.2679,49.2565],[-120.2959,49.235],[-120.3384,49.2467],[-120.4117,49.2375],[-120.4073,49.2059],[-120.4168,49.1274],[-120.4557,49.084],[-120.4565,49.0509],[-120.4025,49.0001],[-119.9462,49.0002],[-119.8922,49.036],[-119.7832,49.097],[-119.7825,49.1676],[-119.7916,49.196],[-119.6764,49.1965],[-119.6704,49.2995],[-119.7975,49.3013],[-119.8911,49.3144],[-119.8943,49.3715],[-119.9323,49.3698],[-119.9349,49.4009],[-119.8952,49.3917],[-119.9001,49.4717],[-119.9081,49.5001],[-119.9496,49.5289],[-120.0011,49.5058],[-120.0333,49.5215],[-120.0222,49.5526],[-120.0485,49.573],[-120.0316,49.5948],[-120.0992,49.6461]]]},"properties":{"id":"5907053","name":"Okanagan-Similkameen G"}},
{"type":"Feature","geometry":{"type":"Polygon","coordinates":[[[-120.5717,49.7729],[-120.6043,49.7496],[-120.7599,49.7497],[-120.7718,49.7634],[-120.9484,49.7606],[-120.9624,49.6735],[-120.9595,49.6422],[-121.0021,49.597],[-121.0379,49.5869],[-121.0477,49.5319],[-121.0819,49.5142],[-121.0538,49.4712],[-121.0993,49.4411],[-121.098,49.3539],[-121.0806,49.3294],[-121.0452,49.3307],[-121.0014,49.2782],[-120.9361,49.276],[-120.9058,49.3057],[-120.824,49.295],[-120.8208,49.2473],[-120.8474,49.2197],[-120.8913,49.2062],[-120.9032,49.1751],[-120.858,49.134],[-120.9631,49.0948],[-120.8951,49.0782],[-120.8257,49.0255],[-120.8484,49.0001],[-120.4025,49.0001],[-120.4565,49.0509],[-120.4557,49.084],[-120.4168,49.1274],[-120.4073,49.2059],[-120.4117,49.2375],[-120.3384,49.2467],[-120.2959,49.235],[-120.2679,49.2565],[-120.2754,49.3038],[-120.2589,49.331],[-120.2268,49.3408],[-120.2265,49.4158],[-120.1663,49.4382],[-120.1733,49.4879],[-120.1972,49.5209],[-120.1602,49.5596],[-120.1651,49.6274],[-120.0992,49.6461],[-120.052,49.6781],[-119.9752,49.6676],[-119.9795,49.7663],[-119.967,49.8122],[-119.9916,49.8339],[-120.0548,49.8557],[-120.1302,49.8458],[-120.1611,49.8653],[-120.2134,49.8605],[-120.2287,49.8959],[-120.2684,49.8879],[-120.3301,49.912],[-120.362,49.9039],[-120.3901,49.8739],[-120.3886,49.8491],[-120.4453,49.8106],[-120.4857,49.7722],[-120.5717,49.7729]]]},"properties":{"id":"5907055","name":"Okanagan-Similkameen H"}},
{"type":"Feature","geometry":{"type":"Polygon","coordinates":[[[-122.2584,50.1234],[-122.6382,50.1233],[-122.6599,50.1432],[-122.734,50.1513],[-122.7883,50.1311],[-122.8058,50.0871],[-122.8021,50.0552],[-122.7458,50.0173],[-122.6794,50.0226],[-122.6803,49.9812],[-122.7678,49.9327],[-122.7466,49.8914],[-122.6085,49.861],[-122.6373,49.8057],[-122.6388,49.7753],[-122.5846,49.7829],[-122.4849,49.7778],[-122.4319,49.7337],[-122.4751,49.6945],[-122.4458,49.636],[-122.4029,49.6402],[-122.345,49.6213],[-122.3487,49.6593],[-122.2968,49.6633],[-122.2819,49.6439],[-122.2927,49.6108],[-122.2368,49.5865],[-122.1934,49.5904],[-122.1648,49.6066],[-122.103,49.609],[-122.0717,49.5812],[-122.0805,49.5422],[-122.131,49.5126],[-122.1399,49.445],[-122.1838,49.3973],[-122.1528,49.3659],[-122.1711,49.347],[-122.1612,49.3214],[-122.1218,49.3355],[-122.0844,49.3228],[-122.0164,49.2833],[-122.1277,49.1982],[-122.0502,49.1976],[-122.0189,49.2118],[-121.9694,49.2077],[-121.9449,49.2156],[-121.9417,49.2496],[-121.9049,49.2859],[-121.8085,49.3058],[-121.7639,49.334],[-121.7652,49.3594],[-121.6179,49.3629],[-121.6066,49.3488],[-121.6642,49.2962],[-121.5019,49.296],[-121.5015,49.1721],[-121.4796,49.1398],[-121.4314,49.1567],[-121.4041,49.1265],[-121.393,49.0795],[-121.3456,49.0976],[-121.3043,49.0584],[-121.2973,49.0182],[-121.2729,49],[-120.8484,49.0001],[-120.8257,49.0255],[-120.8951,49.0782],[-120.9631,49.0948],[-120.858,49.134],[-120.9032,49.1751],[-120.8913,49.2062],[-120.8474,49.2197],[-120.8208,49.2473],[-120.824,49.295],[-120.9058,49.3057],[-120.9361,49.276],[-121.0014,49.2782],[-121.0452,49.3307],[-121.0806,49.3294],[-121.098,49.3539],[-121.0993,49.4411],[-121.0538,49.4712],[-121.0819,49.5142],[-121.0477,49.5319],[-121.0379,49.5869],[-121.0021,49.597],[-120.9595,49.6422],[-120.9624,49.6735],[-121.0071,49.6585],[-121.0188,49.637],[-121.0995,49.6254],[-121.12,49.6104],[-121.1558,49.6172],[-121.1708,49.6484],[-121.1257,49.6805],[-121.1554,49.7161],[-121.1857,49.7266],[-121.2118,49.7793],[-121.1802,49.8219],[-121.1243,49.8256],[-121.098,49.8733],[-121.147,49.8598],[-121.1643,49.8813],[-121.2202,49.8945],[-121.286,49.8723],[-121.3243,49.8994],[-121.2865,49.927],[-121.2692,49.9623],[-121.2905,50.0111],[-121.3283,50.0378],[-121.3153,50.0525],[-121.565,50.0522],[-121.6097,50.0419],[-121.7146,50.0862],[-121.7588,50.092],[-121.8494,50.0753],[-121.8509,50.0528],[-121.8958,50.0497],[-121.9199,50.0718],[-121.9594,50.0847],[-122.0236,50.0858],[-122.0701,50.1264],[-122.1164,50.1073],[-122.1532,50.1144],[-122.2294,50.1117],[-122.2584,50.1234]]]},"properties":{"id":"5909016","name":"Fraser Valley B"}},
{"type":"Feature","geometry":{"type":"Polygon","coordinates":[[[-121.5015,49.1721],[-121.5019,49.296],[-121.6642,49.2962],[-121.6066,49.3488],[-121.6179,49.3629],[-121.7652,49.3594],[-121.7639,49.334],[-121.8085,49.3058],[-121.9049,49.2859],[-121.9417,49.2496],[-121.9449,49.2156],[-121.9344,49.2246],[-121.831,49.2198],[-121.7892,49.2059],[-121.7903,49.1104],[-121.7352,49.1603],[-121.6834,49.1858],[-121.6455,49.167],[-121.59,49.1576],[-121.5507,49.2034],[-121.5015,49.1721]]]},"properties":{"id":"5909034","name":"Fraser Valley D"}},
{"type":"Feature","geometry":{"type":"Polygon","coordinates":[[[-121.5015,49.1721],[-121.5507,49.2034],[-121.59,49.1576],[-121.6455,49.167],[-121.6834,49.1858],[-121.7352,49.1603],[-121.7903,49.1104],[-121.7892,49.2059],[-121.831,49.2198],[-121.9344,49.2246],[-121.9449,49.2156],[-121.9694,49.2077],[-122.0217,49.1814],[-122.0955,49.1329],[-122.0801,49.106],[-122.0803,49.0604],[-122.0943,49.0166],[-122.1168,49.0022],[-121.9959,49],[-121.2729,49],[-121.2973,49.0182],[-121.3043,49.0584],[-121.3456,49.0976],[-121.393,49.0795],[-121.4041,49.1265],[-121.4314,49.1567],[-121.4796,49.1398],[-121.5015,49.1721]]]},"properties":{"id":"5909036","name":"Fraser Valley E"}},
{"type":"Feature","geometry":{"type":"Polygon","coordinates":[[[-122.2497,49.1432],[-122.3436,49.1095],[-122.4258,49.1688],[-122.4615,49.1713],[-122.4591,49.0023],[-122.1168,49.0022],[-122.0943,49.0166],[-122.0803,49.0604],[-122.0801,49.106],[-122.0955,49.1329],[-122.132,49.0971],[-122.1848,49.0966],[-122.1816,49.1382],[-122.2202,49.1314],[-122.2497,49.1432]]]},"properties":{"id":"5909052","name":"Abbotsford"}},
{"type":"Feature","geometry":{"type":"Polygon","coordinates":[[[-122.7678,49.9327],[-122.8006,49.9206],[-122.8506,49.9186],[-122.8966,49.8948],[-122.9365,49.9174],[-122.962,49.9026],[-122.9852,49.8575],[-122.9646,49.835],[-122.8737,49.8185],[-122.8899,49.802],[-122.8553,49.7435],[-122.8142,49.7112],[-122.8524,49.6715],[-122.8312,49.6581],[-122.8114,49.6192],[-122.8356,49.5997],[-122.8161,49.5724],[-122.7001,49.5736],[-122.6554,49.5397],[-122.6081,49.5417],[-122.5817,49.4906],[-122.5329,49.4725],[-122.5281,49.4579],[-122.5631,49.3914],[-122.6033,49.3531],[-122.5754,49.3524],[-122.41,49.353],[-122.4091,49.2643],[-122.4243,49.2641],[-122.4258,49.1688],[-122.3436,49.1095],[-122.2497,49.1432],[-122.2489,49.1764],[-122.2031,49.1752],[-122.2024,49.1986],[-122.1277,49.1982],[-122.0164,49.2833],[-122.0844,49.3228],[-122.1218,49.3355],[-122.1612,49.3214],[-122.1711,49.347],[-122.1528,49.3659],[-122.1838,49.3973],[-122.1399,49.445],[-122.131,49.5126],[-122.0805,49.5422],[-122.0717,49.5812],[-122.103,49.609],[-122.1648,49.6066],[-122.1934,49.5904],[-122.2368,49.5865],[-122.2927,49.6108],[-122.2819,49.6439],[-122.2968,49.6633],[-122.3487,49.6593],[-122.345,49.6213],[-122.4029,49.6402],[-122.4458,49.636],[-122.4751,49.6945],[-122.4319,49.7337],[-122.4849,49.7778],[-122.5846,49.7829],[-122.6388,49.7753],[-122.6373,49.8057],[-122.6085,49.861],[-122.7466,49.8914],[-122.7678,49.9327]]]},"properties":{"id":"5909060","name":"Fraser Valley F"}},
{"type":"Feature","geometry":{"type":"Polygon","coordinates":[[[-122.1277,49.1982],[-122.2024,49.1986],[-122.2031,49.1752],[-122.2489,49.1764],[-122.2497,49.1432],[-122.2202,49.1314],[-122.1816,49.1382],[-122.1848,49.0966],[-122.132,49.0971],[-122.0955,49.1329],[-122.0217,49.1814],[-121.9694,49.2077],[-122.0189,49.2118],[-122.0502,49.1976],[-122.1277,49.1982]]]},"properties":{"id":"5909062","name":"Fraser Valley G"}},
{"type":"Feature","geometry":{"type":"Polygon","coordinates":[[[-122.4615,49.1713],[-122.5172,49.1672],[-122.575,49.1841],[-122.6024,49.2089],[-122.6679,49.1962],[-122.6788,49.1876],[-122.6816,49.0022],[-122.4591,49.0023],[-122.4615,49.1713]]]},"properties":{"id":"5915001","name":"Langley"}},
{"type":"Feature","geometry":{"type":"Polygon","coordinates":[[[-122.6788,49.1876],[-122.7158,49.1847],[-122.7307,49.2111],[-122.7514,49.2158],[-122.8759,49.2202],[-122.9122,49.1941],[-122.8901,49.1771],[-122.8904,49.0915],[-122.8507,49.0819],[-122.8846,49.045],[-122.8677,49.0247],[-122.816,49.0238],[-122.7579,49.0022],[-122.6816,49.0022],[-122.6788,49.1876]]]},"properties":{"id":"5915004","name":"Surrey"}},
{"type":"Feature","geometry":{"type":"Polygon","coordinates":[[[-122.8904,49.0915],[-122.8901,49.1771],[-122.9122,49.1941],[-122.9569,49.1752],[-123,49.1534],[-123.0792,49.1171],[-123.0812,49.0969],[-123.1221,49.0858],[-123.1492,49.0621],[-123.1125,49.0477],[-123.0909,49.0019],[-123.0353,49.0021],[-123.0565,49.0284],[-123.0174,49.0606],[-122.946,49.0736],[-122.8904,49.0915]]]},"properties":{"id":"5915011","name":"Delta"}},
{"type":"Feature","geometry":{"type":"MultiPolygon","coordinates":[[[[-123.2022,49.2203],[-123.2095,49.1873],[-123.18,49.1785],[-123.1353,49.1981],[-123.2022,49.2203]]],[[[-122.9574,49.188],[-122.9779,49.1791],[-123.0442,49.2028],[-123.121,49.2],[-123.1434,49.1799],[-123.1972,49.1754],[-123.1927,49.125],[-123.1436,49.1107],[-123.0737,49.1258],[-123.05,49.1445],[-123,49.1534],[-122.9569,49.1752],[-122.9574,49.188]]]]},"properties":{"id":"5915015","name":"Richmond"}},
{"type":"Feature","geometry":{"type":"MultiPolygon","coordinates":[[[[-122.6788,49.1876],[-122.6679,49.1962],[-122.7307,49.2111],[-122.7158,49.1847],[-122.6788,49.1876]]],[[[-123.2238,49.2781],[-123.264,49.2591],[-123.2635,49.259],[-123.2216,49.237],[-123.2238,49.2781]]],[[[-123.3605,49.4133],[-123.4305,49.3669],[-123.4266,49.3366],[-123.3564,49.3387],[-123.3111,49.4037],[-123.3605,49.4133]]],[[[-122.8161,49.5724],[-122.945,49.5705],[-122.9242,49.5484],[-123.1023,49.5478],[-123.1028,49.4822],[-123.2444,49.4815],[-123.233,49.425],[-123.2874,49.3629],[-123.2449,49.3405],[-123.2056,49.3402],[-123.0204,49.2966],[-122.9484,49.3264],[-122.9292,49.3045],[-122.8933,49.292],[-122.8925,49.2381],[-122.8759,49.2202],[-122.7514,49.2158],[-122.7674,49.2303],[-122.7235,49.2519],[-122.6997,49.2809],[-122.6634,49.2914],[-122.6752,49.317],[-122.6033,49.3531],[-122.5631,49.3914],[-122.5281,49.4579],[-122.5329,49.4725],[-122.5817,49.4906],[-122.6081,49.5417],[-122.6554,49.5397],[-122.7001,49.5736],[-122.8161,49.5724]]]]},"properties":{"id":"5915020","name":"Metro Vancouver A"}},
{"type":"Feature","geometry":{"type":"Polygon","coordinates":[[[-123.0231,49.2935],[-123.1228,49.2906],[-123.1698,49.2719],[-123.2238,49.2781],[-123.2216,49.237],[-123.2,49.222],[-123.1309,49.1999],[-123.0761,49.2088],[-123.0234,49.2012],[-123.0231,49.2935]]]},"properties":{"id":"5915022","name":"Vancouver"}},
{"type":"Feature","geometry":{"type":"Polygon","coordinates":[[[-122.8933,49.292],[-122.9663,49.2881],[-123.0231,49.2935],[-123.0234,49.2012],[-122.9792,49.181],[-122.9574,49.188],[-122.9569,49.1752],[-122.9122,49.1941],[-122.8759,49.2202],[-122.8925,49.2381],[-122.8933,49.292]]]},"properties":{"id":"5915025","name":"Burnaby"}},
{"type":"Feature","geometry":{"type":"Polygon","coordinates":[[[-122.6033,49.3531],[-122.6752,49.317],[-122.6634,49.2914],[-122.6997,49.2809],[-122.7235,49.2519],[-122.7674,49.2303],[-122.7514,49.2158],[-122.7307,49.2111],[-122.6679,49.1962],[-122.6689,49.2213],[-122.6447,49.2494],[-122.6006,49.2571],[-122.6005,49.3248],[-122.5754,49.3524],[-122.6033,49.3531]]]},"properties":{"id":"5915070","name":"Pitt Meadows"}},
{"type":"Feature","geometry":{"type":"Polygon","coordinates":[[[-122.4258,49.1688],[-122.4243,49.2641],[-122.4091,49.2643],[-122.41,49.353],[-122.5754,49.3524],[-122.6005,49.3248],[-122.6006,49.2571],[-122.6447,49.2494],[-122.6689,49.2213],[-122.6679,49.1962],[-122.6024,49.2089],[-122.575,49.1841],[-122.5172,49.1672],[-122.4615,49.1713],[-122.4258,49.1688]]]},"properties":{"id":"5915075","name":"Maple Ridge"}},
{"type":"Feature","geometry":{"type":"Polygon","coordinates":[[[-123.3985,48.6122],[-123.3936,48.6462],[-123.4392,48.6991],[-123.4762,48.6954],[-123.4782,48.6127],[-123.3985,48.6122]]]},"properties":{"id":"5917005","name":"North Saanich"}},
{"type":"Feature","geometry":{"type":"Polygon","coordinates":[[[-123.3985,48.6122],[-123.4782,48.6127],[-123.4643,48.5591],[-123.4584,48.5589],[-123.4298,48.5505],[-123.3653,48.5503],[-123.3732,48.5906],[-123.3985,48.6122]]]},"properties":{"id":"5917015","name":"Central Saanich"}},
{"type":"Feature","geometry":{"type":"Polygon","coordinates":[[[-123.4584,48.5589],[-123.4778,48.5441],[-123.4583,48.5147],[-123.4574,48.472],[-123.4214,48.4636],[-123.3804,48.4412],[-123.3765,48.4093],[-123.3227,48.4059],[-123.2805,48.4502],[-123.2658,48.4508],[-123.2656,48.4512],[-123.3647,48.5147],[-123.3653,48.5503],[-123.4298,48.5505],[-123.4584,48.5589]]]},"properties":{"id":"5917021","name":"Saanich"}},
{"type":"Feature","geometry":{"type":"Polygon","coordinates":[[[-123.5949,48.9448],[-123.5905,48.8963],[-123.5479,48.8674],[-123.5701,48.8504],[-123.5724,48.8235],[-123.5341,48.7989],[-123.5503,48.7476],[-123.4973,48.7147],[-123.4275,48.732],[-123.3667,48.7716],[-123.3923,48.7974],[-123.4237,48.8053],[-123.4515,48.8451],[-123.4243,48.8505],[-123.5027,48.8926],[-123.5304,48.9145],[-123.5949,48.9448]]]},"properties":{"id":"5917027","name":"Saltspring Island"}},
{"type":"Feature","geometry":{"type":"MultiPolygon","coordinates":[[[[-123.2569,48.7675],[-123.2075,48.7329],[-123.1904,48.7526],[-123.2569,48.7675]]],[[[-123.3452,48.8576],[-123.3275,48.8329],[-123.2448,48.8247],[-123.251,48.8496],[-123.2845,48.8726],[-123.3047,48.8508],[-123.3452,48.8576]]],[[[-123.3226,48.8218],[-123.301,48.7636],[-123.2447,48.7702],[-123.2858,48.8158],[-123.3226,48.8218]]],[[[-123.2029,48.8108],[-123.2018,48.7743],[-123.1618,48.7644],[-123.0934,48.7643],[-123.0811,48.7856],[-123.1889,48.8139],[-123.2029,48.8108]]],[[[-123.5841,49.0113],[-123.5665,48.9759],[-123.5209,48.9452],[-123.4555,48.9229],[-123.3892,48.8918],[-123.3818,48.8652],[-123.3135,48.8621],[-123.3136,48.8813],[-123.3459,48.9051],[-123.4068,48.9197],[-123.5192,48.966],[-123.57,49.0106],[-123.5841,49.0113]]]]},"properties":{"id":"5917029","name":"Southern Gulf Islands"}},
{"type":"Feature","geometry":{"type":"Polygon","coordinates":[[[-123.8761,48.639],[-123.906,48.6453],[-124.0226,48.6442],[-124.1137,48.6498],[-124.1422,48.6357],[-124.2003,48.6561],[-124.28,48.7212],[-124.2808,48.6807],[-124.3569,48.6808],[-124.4137,48.6657],[-124.4127,48.6369],[-124.4902,48.6341],[-124.5006,48.544],[-124.4138,48.5766],[-124.4075,48.5563],[-124.4399,48.5247],[-124.365,48.5087],[-124.3051,48.5028],[-124.2786,48.4818],[-124.2064,48.4575],[-124.095,48.4351],[-123.9488,48.3955],[-123.9228,48.3772],[-123.8902,48.3824],[-123.8378,48.3711],[-123.8229,48.3571],[-123.7262,48.3714],[-123.6819,48.3883],[-123.634,48.3888],[-123.634,48.3663],[-123.7021,48.3744],[-123.7106,48.3396],[-123.6705,48.3218],[-123.5541,48.3146],[-123.5438,48.356],[-123.4888,48.3933],[-123.47,48.419],[-123.4315,48.4394],[-123.4236,48.4518],[-123.4214,48.4636],[-123.4574,48.472],[-123.4583,48.5147],[-123.4778,48.5441],[-123.4584,48.5589],[-123.4643,48.5591],[-123.5555,48.536],[-123.5864,48.5212],[-123.6275,48.5324],[-123.6457,48.562],[-123.6476,48.5966],[-123.6929,48.6165],[-123.7903,48.5936],[-123.821,48.575],[-123.8532,48.6396],[-123.8761,48.639]]]},"properties":{"id":"5917056","name":"Juan de Fuca (Part 2)"}},
{"type":"Feature","geometry":{"type":"Polygon","coordinates":[[[-123.737,48.9371],[-123.7833,48.9363],[-123.7831,48.9001],[-123.8212,48.9096],[-123.8216,48.8798],[-123.8476,48.8686],[-123.8238,48.8449],[-123.8241,48.7916],[-123.893,48.7668],[-123.893,48.7199],[-123.5608,48.7192],[-123.6411,48.7459],[-123.6237,48.7657],[-123.5826,48.7531],[-123.5636,48.7992],[-123.5941,48.8054],[-123.5963,48.8499],[-123.6391,48.8643],[-123.6716,48.8981],[-123.7345,48.9363],[-123.7366,48.937],[-123.737,48.9371]]]},"properties":{"id":"5919008","name":"North Cowichan"}},
{"type":"Feature","geometry":{"type":"MultiPolygon","coordinates":[[[[-123.7084,49.0198],[-123.6914,48.9815],[-123.6575,48.9997],[-123.7084,49.0198]]],[[[-123.8777,49.037],[-123.9943,49.0323],[-124.0359,49.0257],[-124.0546,49.0059],[-124.1025,48.9982],[-124.2382,49.0039],[-124.2921,48.9972],[-124.3765,48.9997],[-124.3646,48.9822],[-124.3326,48.9653],[-124.2949,48.9738],[-124.2388,48.9577],[-124.196,48.9584],[-124.1497,48.9395],[-124.0994,48.9524],[-124.0553,48.9531],[-124.0208,48.9367],[-123.9751,48.9372],[-123.9681,48.9202],[-123.8499,48.9162],[-123.8212,48.9096],[-123.7831,48.9001],[-123.7833,48.9363],[-123.737,48.9371],[-123.7939,48.9729],[-123.7589,48.9965],[-123.7866,49.0186],[-123.7471,49.0416],[-123.7671,49.0574],[-123.8644,49.0573],[-123.8777,49.037]]]]},"properties":{"id":"5919015","name":"Cowichan Valley G"}},
{"type":"Feature","geometry":{"type":"Polygon","coordinates":[[[-124.3646,48.9822],[-124.3849,48.9821],[-124.4154,49.0244],[-124.4792,49.0215],[-124.4905,49.0563],[-124.5272,49.0801],[-124.5282,49.1242],[-124.5826,49.1401],[-124.5822,49.1037],[-124.6292,49.0953],[-124.6304,49.0515],[-124.6058,49.035],[-124.6382,49.0143],[-124.5393,48.9344],[-124.5502,48.9007],[-124.655,48.8549],[-124.6936,48.7961],[-124.7204,48.7796],[-124.7416,48.7448],[-124.7734,48.7317],[-124.802,48.6966],[-124.8519,48.6708],[-124.8132,48.6606],[-124.7943,48.6399],[-124.716,48.594],[-124.6341,48.5709],[-124.5006,48.544],[-124.4902,48.6341],[-124.4127,48.6369],[-124.4137,48.6657],[-124.3569,48.6808],[-124.2808,48.6807],[-124.28,48.7212],[-124.2003,48.6561],[-124.1422,48.6357],[-124.1137,48.6498],[-124.0226,48.6442],[-123.906,48.6453],[-123.8761,48.639],[-123.893,48.7199],[-123.893,48.7668],[-123.8241,48.7916],[-123.8238,48.8449],[-123.8476,48.8686],[-123.8216,48.8798],[-123.8212,48.9096],[-123.8499,48.9162],[-123.9681,48.9202],[-123.9751,48.9372],[-124.0208,48.9367],[-124.0553,48.9531],[-124.0994,48.9524],[-124.1497,48.9395],[-124.196,48.9584],[-124.2388,48.9577],[-124.2949,48.9738],[-124.3326,48.9653],[-124.3646,48.9822]]]},"properties":{"id":"5919033","name":"Cowichan Valley F"}},
{"type":"Feature","geometry":{"type":"Polygon","coordinates":[[[-123.5608,48.7192],[-123.893,48.7199],[-123.8761,48.639],[-123.8532,48.6396],[-123.821,48.575],[-123.7903,48.5936],[-123.6929,48.6165],[-123.6476,48.5966],[-123.6457,48.562],[-123.6275,48.5324],[-123.5864,48.5212],[-123.5555,48.536],[-123.5496,48.5572],[-123.5148,48.572],[-123.5185,48.6149],[-123.5531,48.6496],[-123.5315,48.6697],[-123.5349,48.6939],[-123.5608,48.7192]]]},"properties":{"id":"5919046","name":"Cowichan Valley B"}},
{"type":"Feature","geometry":{"type":"MultiPolygon","coordinates":[[[[-123.863,49.1985],[-123.8715,49.1694],[-123.8334,49.1478],[-123.7633,49.13],[-123.7015,49.1297],[-123.7092,49.1594],[-123.7598,49.1648],[-123.8218,49.1905],[-123.863,49.1985]]],[[[-124.1432,49.2521],[-124.1354,49.2029],[-124.0544,49.2028],[-123.9993,49.187],[-124.0139,49.1563],[-123.9706,49.133],[-123.9332,49.1337],[-123.9331,49.0972],[-123.8925,49.0826],[-123.8777,49.037],[-123.8644,49.0573],[-123.7671,49.0574],[-123.8191,49.136],[-123.917,49.136],[-123.9502,49.193],[-123.948,49.2239],[-124.0335,49.2487],[-124.1261,49.2564],[-124.1263,49.2564],[-124.1432,49.2521]]]]},"properties":{"id":"5921007","name":"Nanaimo"}},
{"type":"Feature","geometry":{"type":"Polygon","coordinates":[[[-124.2363,49.2528],[-124.2459,49.2263],[-124.2922,49.219],[-124.3267,49.2302],[-124.5252,49.2412],[-124.57,49.2727],[-124.6053,49.2841],[-124.6432,49.272],[-124.6447,49.2499],[-124.6742,49.2339],[-124.6973,49.1913],[-124.6883,49.1716],[-124.6406,49.1719],[-124.5905,49.1597],[-124.5826,49.1401],[-124.5282,49.1242],[-124.5272,49.0801],[-124.4905,49.0563],[-124.4792,49.0215],[-124.4154,49.0244],[-124.3849,48.9821],[-124.3646,48.9822],[-124.3765,48.9997],[-124.2921,48.9972],[-124.2382,49.0039],[-124.1025,48.9982],[-124.0546,49.0059],[-124.0359,49.0257],[-123.9943,49.0323],[-123.8777,49.037],[-123.8925,49.0826],[-123.9331,49.0972],[-123.9332,49.1337],[-123.9706,49.133],[-124.0139,49.1563],[-123.9993,49.187],[-124.0544,49.2028],[-124.1354,49.2029],[-124.2269,49.2241],[-124.2363,49.2528]]]},"properties":{"id":"5921016","name":"Nanaimo C"}},
{"type":"Feature","geometry":{"type":"Polygon","coordinates":[[[-124.1432,49.2521],[-124.1173,49.2762],[-124.186,49.3081],[-124.2484,49.3046],[-124.2665,49.2677],[-124.2363,49.2528],[-124.2269,49.2241],[-124.1354,49.2029],[-124.1432,49.2521]]]},"properties":{"id":"5921030","name":"Nanaimo E"}},
{"type":"Feature","geometry":{"type":"Polygon","coordinates":[[[-124.5417,49.3421],[-124.5836,49.3115],[-124.6202,49.338],[-124.6613,49.3213],[-124.6877,49.2678],[-124.6742,49.2339],[-124.6447,49.2499],[-124.6432,49.272],[-124.6053,49.2841],[-124.57,49.2727],[-124.5252,49.2412],[-124.3267,49.2302],[-124.2922,49.219],[-124.2459,49.2263],[-124.2363,49.2528],[-124.2665,49.2677],[-124.2919,49.2711],[-124.3015,49.3052],[-124.3884,49.3172],[-124.4536,49.3172],[-124.4651,49.3339],[-124.5417,49.3421]]]},"properties":{"id":"5921032","name":"Nanaimo F"}},
{"type":"Feature","geometry":{"type":"Polygon","coordinates":[[[-124.2484,49.3046],[-124.2863,49.3319],[-124.3222,49.3247],[-124.3605,49.3521],[-124.4173,49.3603],[-124.4607,49.3547],[-124.5359,49.3755],[-124.5417,49.3421],[-124.4651,49.3339],[-124.4536,49.3172],[-124.3884,49.3172],[-124.3015,49.3052],[-124.2919,49.2711],[-124.2665,49.2677],[-124.2484,49.3046]]]},"properties":{"id":"5921034","name":"Nanaimo G"}},
{"type":"Feature","geometry":{"type":"Polygon","coordinates":[[[-124.7567,49.4557],[-124.7334,49.4396],[-124.7336,49.4047],[-124.8231,49.4049],[-124.8593,49.4331],[-124.9124,49.428],[-124.9681,49.4334],[-124.8999,49.3795],[-124.8093,49.328],[-124.7743,49.2987],[-124.7475,49.2755],[-124.6877,49.2678],[-124.6613,49.3213],[-124.6202,49.338],[-124.5836,49.3115],[-124.5417,49.3421],[-124.5359,49.3755],[-124.5735,49.3803],[-124.6343,49.4079],[-124.6853,49.4486],[-124.7567,49.4557]]]},"properties":{"id":"5921036","name":"Nanaimo H"}},
{"type":"Feature","geometry":{"type":"Polygon","coordinates":[[[-124.7743,49.2987],[-124.8093,49.328],[-124.8999,49.3795],[-124.9681,49.4334],[-124.9708,49.4335],[-125.0001,49.424],[-125.0054,49.3852],[-124.915,49.3308],[-124.8531,49.2693],[-124.8025,49.2695],[-124.7743,49.2987]]]},"properties":{"id":"5923033","name":"Alberni-Clayoquot B"}},
{"type":"Feature","geometry":{"type":"MultiPolygon","coordinates":[[[[-124.8263,49.2513],[-124.8217,49.2462],[-124.8222,49.2471],[-124.8263,49.2513]]],[[[-125.1389,49.0429],[-125.1476,49.0226],[-125.1077,48.9734],[-125.1146,49.0167],[-125.1389,49.0429]]],[[[-126.0113,49.2164],[-126.0344,49.2001],[-126.0002,49.1598],[-125.9318,49.1865],[-125.9526,49.2075],[-126.0113,49.2164]]],[[[-125.8883,49.2415],[-125.9306,49.2245],[-125.859,49.211],[-125.8673,49.1811],[-125.8528,49.1341],[-125.8098,49.128],[-125.7932,49.1672],[-125.7672,49.1963],[-125.775,49.229],[-125.8883,49.2415]]],[[[-126.2274,49.3928],[-126.2355,49.349],[-126.2157,49.2983],[-126.1874,49.2625],[-126.1414,49.2733],[-126.0984,49.2491],[-126.0714,49.2804],[-126.0852,49.3715],[-126.1081,49.3942],[-126.1529,49.3925],[-126.181,49.3759],[-126.2274,49.3928]]],[[[-126.5589,49.5415],[-126.5522,49.5211],[-126.5712,49.475],[-126.5555,49.4444],[-126.5758,49.4197],[-126.5326,49.3777],[-126.4756,49.3827],[-126.4626,49.4069],[-126.4884,49.4313],[-126.4543,49.4563],[-126.4048,49.4292],[-126.4031,49.4111],[-126.3507,49.4016],[-126.3322,49.3796],[-126.2807,49.3522],[-126.2529,49.3609],[-126.2629,49.3875],[-126.2258,49.4042],[-126.1725,49.398],[-126.1217,49.43],[-126.0599,49.4307],[-126.0753,49.3952],[-126.0591,49.3412],[-126.002,49.3201],[-125.9599,49.3587],[-125.9471,49.3207],[-125.9772,49.2939],[-126.0324,49.2846],[-126.0201,49.258],[-125.9672,49.2285],[-125.9126,49.2796],[-125.8621,49.2725],[-125.8223,49.2974],[-125.8135,49.2542],[-125.7542,49.2204],[-125.7454,49.1855],[-125.7727,49.1555],[-125.7265,49.1433],[-125.7058,49.173],[-125.6568,49.2006],[-125.6402,49.1641],[-125.7519,49.1045],[-125.8075,49.12],[-125.8287,49.0998],[-125.8754,49.1209],[-125.8871,49.0929],[-125.8265,49.0658],[-125.7617,49.0719],[-125.6993,49.0416],[-125.6169,48.9892],[-125.573,48.9403],[-125.5493,48.9468],[-125.4848,48.9203],[-125.4591,48.9423],[-125.369,48.998],[-125.3485,49.0408],[-125.2966,49.0164],[-125.2928,48.9753],[-125.2431,48.9444],[-125.1902,48.9781],[-125.1945,49.0049],[-125.1571,49.0271],[-125.1414,49.0539],[-125.1058,49.0541],[-125.1097,49.0962],[-125.1285,49.0973],[-125.2126,49.1463],[-125.2318,49.1795],[-125.1212,49.183],[-125.0414,49.1427],[-124.9954,49.1503],[-124.8122,49.1462],[-124.8283,49.1678],[-124.8267,49.2537],[-124.8531,49.2693],[-124.915,49.3308],[-125.0054,49.3852],[-125.0001,49.424],[-124.9708,49.4335],[-125.0099,49.4591],[-125.0225,49.4924],[-125.0691,49.4776],[-125.1147,49.5148],[-125.1732,49.5102],[-125.1666,49.4917],[-125.2339,49.491],[-125.4265,49.6427],[-125.3959,49.594],[-125.3796,49.5479],[-125.4688,49.5282],[-125.4998,49.4782],[-125.553,49.4987],[-125.6327,49.4981],[-125.6346,49.5114],[-125.7561,49.5137],[-125.7846,49.5398],[-125.8886,49.547],[-125.9697,49.5849],[-126.0256,49.5767],[-126.0641,49.5512],[-126.0943,49.5691],[-126.1789,49.568],[-126.2068,49.5512],[-126.2491,49.555],[-126.3182,49.6042],[-126.3466,49.5988],[-126.3832,49.5607],[-126.4344,49.5781],[-126.4742,49.5703],[-126.5065,49.5404],[-126.5589,49.5415]]]]},"properties":{"id":"5923035","name":"Alberni-Clayoquot D"}},
{"type":"Feature","geometry":{"type":"Polygon","coordinates":[[[-124.7743,49.2987],[-124.8025,49.2695],[-124.8531,49.2693],[-124.8267,49.2537],[-124.8263,49.2513],[-124.8222,49.2471],[-124.8219,49.2465],[-124.8219,49.2466],[-124.8219,49.2467],[-124.8218,49.247],[-124.8213,49.2476],[-124.8201,49.2472],[-124.819,49.2481],[-124.8162,49.2491],[-124.8157,49.2474],[-124.8184,49.2453],[-124.8124,49.2448],[-124.8105,49.2063],[-124.8165,49.1841],[-124.7938,49.1407],[-124.7615,49.1146],[-124.682,49.1334],[-124.6292,49.0953],[-124.5822,49.1037],[-124.5826,49.1401],[-124.5905,49.1597],[-124.6406,49.1719],[-124.6883,49.1716],[-124.6973,49.1913],[-124.6742,49.2339],[-124.6877,49.2678],[-124.7475,49.2755],[-124.7743,49.2987]]]},"properties":{"id":"5923039","name":"Alberni-Clayoquot F"}},
{"type":"Feature","geometry":{"type":"MultiPolygon","coordinates":[[[[-125.0677,48.9533],[-125.106,48.9266],[-125.0599,48.9189],[-125.0677,48.9533]]],[[[-124.8122,49.1462],[-124.9954,49.1503],[-125.0414,49.1427],[-125.1212,49.183],[-125.2318,49.1795],[-125.2126,49.1463],[-125.1285,49.0973],[-125.1097,49.0962],[-125.1058,49.0541],[-125.1414,49.0539],[-125.1389,49.0429],[-125.1146,49.0167],[-125.1077,48.9734],[-125.0503,48.9981],[-124.9939,48.9762],[-124.9115,48.9849],[-124.8741,49.0109],[-124.8668,49.0656],[-124.8313,49.088],[-124.8122,49.1462]]],[[[-124.6292,49.0953],[-124.682,49.1334],[-124.7615,49.1146],[-124.7938,49.1407],[-124.8357,49.0695],[-124.8577,49.0061],[-124.9064,48.9732],[-124.9467,48.9771],[-125.0325,48.9334],[-125.0037,48.9126],[-125.0327,48.8835],[-125.0824,48.8793],[-125.1369,48.8344],[-125.2076,48.7975],[-125.1334,48.7727],[-125.1288,48.7473],[-125.079,48.7237],[-124.9531,48.7002],[-124.9109,48.6824],[-124.8519,48.6708],[-124.802,48.6966],[-124.7734,48.7317],[-124.7416,48.7448],[-124.7204,48.7796],[-124.6936,48.7961],[-124.655,48.8549],[-124.5502,48.9007],[-124.5393,48.9344],[-124.6382,49.0143],[-124.6058,49.035],[-124.6304,49.0515],[-124.6292,49.0953]]]]},"properties":{"id":"5923047","name":"Alberni-Clayoquot A"}},
{"type":"Feature","geometry":{"type":"MultiPolygon","coordinates":[[[[-126.5188,49.686],[-126.5668,49.6363],[-126.5277,49.624],[-126.48,49.6627],[-126.5188,49.686]]],[[[-127.2963,50.0381],[-127.3228,50.0076],[-127.2567,49.9882],[-127.2393,50.0257],[-127.2963,50.0381]]],[[[-126.9592,49.8373],[-126.9708,49.8167],[-126.8632,49.7624],[-126.9142,49.7528],[-126.9507,49.7327],[-126.9011,49.6778],[-126.8403,49.657],[-126.8263,49.6183],[-126.7703,49.6042],[-126.7172,49.6038],[-126.6635,49.5813],[-126.6135,49.5974],[-126.6264,49.661],[-126.6178,49.6766],[-126.65,49.7241],[-126.6329,49.7477],[-126.6572,49.7898],[-126.6713,49.8559],[-126.7216,49.8664],[-126.747,49.8518],[-126.788,49.8856],[-126.8202,49.867],[-126.9045,49.8456],[-126.9215,49.8294],[-126.9592,49.8373]]],[[[-126.11,50.4538],[-126.1111,50.3976],[-126.056,50.4046],[-125.9949,50.3404],[-126.0548,50.3396],[-126.0423,50.3127],[-125.9954,50.2822],[-126.0277,50.2592],[-126.0446,50.1806],[-126.0932,50.1781],[-126.1008,50.1595],[-126.1603,50.1214],[-126.2257,50.1232],[-126.2542,50.069],[-126.2341,50.0518],[-126.2263,50.0162],[-126.2631,50.0001],[-126.326,49.9538],[-126.3566,49.9426],[-126.3488,49.9201],[-126.3888,49.9068],[-126.4695,49.929],[-126.494,49.9639],[-126.5716,49.9902],[-126.5472,50.0136],[-126.5587,50.0295],[-126.6279,50.0282],[-126.659,50.0184],[-126.6932,50.0326],[-126.6954,50.0618],[-126.6516,50.0736],[-126.647,50.0911],[-126.7141,50.1148],[-126.7471,50.1035],[-126.791,50.1248],[-126.7813,50.1567],[-126.8219,50.1697],[-126.8396,50.1388],[-126.9037,50.1902],[-126.9905,50.1816],[-126.9885,50.2249],[-126.9984,50.2779],[-127.0245,50.2883],[-127.0468,50.3232],[-127.0948,50.3403],[-127.1615,50.2875],[-127.2255,50.2645],[-127.2656,50.2843],[-127.2969,50.2768],[-127.2911,50.2401],[-127.3339,50.232],[-127.3823,50.2605],[-127.4104,50.2505],[-127.5262,50.2789],[-127.5421,50.2921],[-127.5991,50.2811],[-127.5981,50.2671],[-127.6619,50.2398],[-127.7347,50.1897],[-127.7362,50.1638],[-127.8034,50.1416],[-127.8608,50.1422],[-127.8954,50.1154],[-127.9191,50.1284],[-127.8807,50.0976],[-127.8091,50.0797],[-127.7876,50.0844],[-127.7335,50.1227],[-127.6944,50.1307],[-127.6573,50.1545],[-127.62,50.1179],[-127.5302,50.1327],[-127.4746,50.1818],[-127.4581,50.1641],[-127.5157,50.1326],[-127.4848,50.0928],[-127.4425,50.0642],[-127.4362,50.0441],[-127.3592,50.0287],[-127.2747,50.0642],[-127.2836,50.0949],[-127.2651,50.1182],[-127.3061,50.1267],[-127.3043,50.1595],[-127.2301,50.1184],[-127.206,50.0919],[-127.0851,50.1109],[-127.185,50.0649],[-127.1734,50.0026],[-127.2414,49.9685],[-127.1504,49.859],[-127.1069,49.8658],[-127.0143,49.8498],[-126.8262,49.8807],[-126.7807,49.8994],[-126.7498,49.873],[-126.6865,49.8625],[-126.6536,49.8709],[-126.6506,49.8087],[-126.623,49.7363],[-126.5853,49.6942],[-126.5324,49.7075],[-126.483,49.7099],[-126.478,49.6809],[-126.4413,49.6529],[-126.383,49.6646],[-126.3389,49.6476],[-126.2681,49.6507],[-126.2236,49.6667],[-126.109,49.6795],[-126.0846,49.6576],[-126.1899,49.657],[-126.2815,49.6383],[-126.3747,49.6291],[-126.4779,49.6439],[-126.5007,49.6051],[-126.5652,49.5796],[-126.5589,49.5415],[-126.5065,49.5404],[-126.4742,49.5703],[-126.4344,49.5781],[-126.3832,49.5607],[-126.3466,49.5988],[-126.3182,49.6042],[-126.2491,49.555],[-126.2068,49.5512],[-126.1789,49.568],[-126.0943,49.5691],[-126.0641,49.5512],[-126.0256,49.5767],[-125.9697,49.5849],[-125.8886,49.547],[-125.7846,49.5398],[-125.7561,49.5137],[-125.6346,49.5114],[-125.6327,49.4981],[-125.553,49.4987],[-125.4998,49.4782],[-125.4688,49.5282],[-125.3796,49.5479],[-125.3959,49.594],[-125.4265,49.6427],[-125.5137,49.7102],[-125.4913,49.7408],[-125.5459,49.7554],[-125.5531,49.7852],[-125.5115,49.803],[-125.4857,49.8275],[-125.4231,49.8289],[-125.4034,49.8745],[-125.356,49.8745],[-125.3519,49.9105],[-125.3237,49.9197],[-125.28,49.884],[-125.2566,49.8969],[-125.1984,49.8869],[-125.1539,49.8655],[-125.116,49.8725],[-125.1332,49.8931],[-125.1838,49.9154],[-125.1861,49.943],[-125.2184,49.9728],[-125.2462,50.0391],[-125.3588,50.1301],[-125.3845,50.2087],[-125.4112,50.2698],[-125.4444,50.3217],[-125.5166,50.3406],[-125.5797,50.3682],[-125.7223,50.3565],[-125.7729,50.3626],[-125.8269,50.3845],[-125.8585,50.3801],[-125.9453,50.3907],[-126.0194,50.4275],[-126.11,50.4538]]]]},"properties":{"id":"5924042","name":"Strathcona D (Oyster Bay - Buttle Lake)"}},
{"type":"Feature","geometry":{"type":"MultiPolygon","coordinates":[[[[-125.1305,50.4215],[-125.1501,50.4017],[-125.1361,50.3614],[-125.0844,50.381],[-125.1305,50.4215]]],[[[-125.0043,50.3263],[-125.0335,50.2989],[-124.9974,50.2743],[-124.9665,50.3123],[-125.0043,50.3263]]],[[[-125.1036,50.25],[-125.0916,50.2925],[-125.1139,50.3218],[-125.1547,50.3231],[-125.2084,50.2994],[-125.1924,50.2676],[-125.1543,50.2353],[-125.1036,50.25]]],[[[-125.1008,50.2501],[-125.1314,50.2032],[-125.1273,50.1769],[-125.1472,50.147],[-125.128,50.1283],[-125.0912,50.1741],[-125.094,50.2014],[-125.0409,50.1905],[-125.0331,50.208],[-125.0541,50.2604],[-125.1008,50.2501]]],[[[-125.9659,50.4424],[-125.9383,50.4178],[-125.8639,50.4188],[-125.823,50.4083],[-125.7343,50.4256],[-125.7647,50.4583],[-125.8017,50.4734],[-125.9092,50.4584],[-125.9659,50.4424]]],[[[-125.7851,50.4011],[-125.7436,50.3767],[-125.6885,50.3848],[-125.6268,50.3809],[-125.4994,50.4071],[-125.5211,50.4459],[-125.5736,50.4416],[-125.697,50.4067],[-125.7243,50.4143],[-125.7851,50.4011]]],[[[-124.7408,50.308],[-124.7823,50.2873],[-124.814,50.2347],[-124.7552,50.2102],[-124.7099,50.162],[-124.6696,50.1844],[-124.6426,50.2341],[-124.6605,50.2693],[-124.6921,50.2919],[-124.7408,50.308]]],[[[-125.4867,50.4288],[-125.4892,50.3976],[-125.5094,50.3708],[-125.4521,50.3482],[-125.3854,50.3656],[-125.3254,50.4224],[-125.3261,50.4458],[-125.3556,50.461],[-125.3933,50.4604],[-125.4367,50.4387],[-125.4867,50.4288]]],[[[-125.0002,50.239],[-124.9737,50.1982],[-124.9868,50.171],[-125.0669,50.1164],[-125.051,50.0987],[-124.9868,50.0911],[-124.9978,50.0505],[-124.9535,50.0492],[-124.8823,50.0639],[-124.9042,50.096],[-124.8956,50.1409],[-124.9261,50.1785],[-125.0002,50.239]]],[[[-125.2817,50.4446],[-125.3322,50.3882],[-125.3219,50.3499],[-125.3926,50.3494],[-125.407,50.3084],[-125.3713,50.2892],[-125.3373,50.3069],[-125.2257,50.323],[-125.2117,50.2996],[-125.1329,50.3349],[-125.1821,50.3891],[-125.2817,50.4446]]],[[[-124.919,50.3049],[-124.9807,50.2478],[-124.9408,50.2019],[-124.8816,50.1666],[-124.8367,50.1128],[-124.7511,50.1593],[-124.7626,50.1907],[-124.8178,50.2137],[-124.8258,50.2462],[-124.7897,50.2833],[-124.8547,50.2856],[-124.919,50.3049]]],[[[-125.3804,50.2794],[-125.3451,50.2599],[-125.3666,50.225],[-125.3251,50.1777],[-125.3514,50.1415],[-125.2159,50.0818],[-125.2356,50.0581],[-125.1969,50.024],[-125.164,50.0308],[-125.1767,50.0817],[-125.2198,50.1154],[-125.1462,50.1838],[-125.1412,50.2023],[-125.1641,50.2321],[-125.2491,50.2628],[-125.2224,50.2905],[-125.2518,50.3085],[-125.3033,50.2914],[-125.3804,50.2794]]],[[[-123.7582,50.8835],[-123.7587,50.905],[-123.8046,50.9112],[-123.8819,50.9486],[-123.9367,50.9362],[-123.9958,50.9627],[-124.0277,50.9444],[-124.0599,50.9589],[-124.0871,51.0097],[-124.1552,51.0366],[-124.1853,51.1353],[-124.2453,51.1485],[-124.2973,51.1374],[-124.3509,51.1469],[-124.4025,51.1881],[-124.4338,51.1484],[-124.5448,51.1795],[-124.5808,51.1811],[-124.6558,51.2072],[-124.6866,51.2045],[-124.7147,51.2256],[-124.762,51.2382],[-124.7823,51.2891],[-124.7998,51.3054],[-124.8791,51.3209],[-124.8879,51.3304],[-124.9653,51.3282],[-125.009,51.3497],[-125.1312,51.3641],[-125.1771,51.3986],[-125.251,51.3937],[-125.2667,51.3769],[-125.2037,51.3232],[-125.2251,51.3019],[-125.284,51.283],[-125.3286,51.2497],[-125.3315,51.1997],[-125.3054,51.1969],[-125.2826,51.1688],[-125.2967,51.1035],[-125.253,51.0828],[-125.2429,51.0642],[-125.2836,51.0476],[-125.3251,51.0459],[-125.309,51.007],[-125.28,51.0107],[-125.2548,50.9882],[-125.2528,50.9627],[-125.4116,50.9438],[-125.497,50.9007],[-125.5049,50.8429],[-125.544,50.8329],[-125.5032,50.7942],[-125.5499,50.7741],[-125.5376,50.7351],[-125.5757,50.7095],[-125.5616,50.6846],[-125.6052,50.6094],[-125.6629,50.5963],[-125.7404,50.6051],[-125.8278,50.5737],[-125.8485,50.6212],[-125.8743,50.634],[-125.941,50.6327],[-125.9995,50.6131],[-126.0498,50.6104],[-126.1108,50.5906],[-126.1513,50.5882],[-126.1535,50.5875],[-126.1904,50.5691],[-126.2137,50.538],[-126.2744,50.5091],[-126.2033,50.5007],[-126.1315,50.4833],[-126.084,50.485],[-126.0359,50.4742],[-125.9304,50.4715],[-125.8427,50.4998],[-125.7783,50.534],[-125.7702,50.5159],[-125.8162,50.5004],[-125.7684,50.4735],[-125.7036,50.4221],[-125.6346,50.4379],[-125.5816,50.5013],[-125.6001,50.5184],[-125.5504,50.5496],[-125.5679,50.5818],[-125.5528,50.5954],[-125.5588,50.629],[-125.5279,50.6739],[-125.5266,50.5892],[-125.5397,50.5674],[-125.5288,50.5346],[-125.5937,50.4495],[-125.4362,50.4491],[-125.3802,50.4868],[-125.3051,50.4551],[-125.2585,50.458],[-125.2077,50.4223],[-125.1683,50.4091],[-125.1138,50.4305],[-125.1079,50.5004],[-125.0473,50.5126],[-124.9906,50.5396],[-124.9892,50.5685],[-124.93,50.5893],[-124.8982,50.6357],[-124.9292,50.6715],[-124.8896,50.7318],[-124.9481,50.7553],[-124.9817,50.7973],[-124.971,50.8222],[-124.916,50.8352],[-124.8819,50.886],[-124.8248,50.9314],[-124.7926,50.8906],[-124.8377,50.8725],[-124.864,50.8248],[-124.9167,50.8012],[-124.8952,50.7695],[-124.8647,50.7641],[-124.8322,50.7328],[-124.8629,50.6899],[-124.8536,50.6632],[-124.8749,50.6249],[-124.8609,50.5985],[-124.8861,50.5609],[-124.9221,50.5507],[-124.9685,50.5014],[-125.0502,50.4809],[-125.0431,50.452],[-125.0658,50.4102],[-125.0556,50.3692],[-125.0885,50.3557],[-125.0797,50.3255],[-125.054,50.3155],[-125.0031,50.3428],[-124.9653,50.3455],[-124.9384,50.3261],[-124.8984,50.3255],[-124.8305,50.3067],[-124.7121,50.3734],[-124.6616,50.437],[-124.6134,50.4193],[-124.5751,50.4196],[-124.5741,50.4626],[-124.5134,50.4987],[-124.5156,50.5261],[-124.5494,50.5409],[-124.5813,50.5741],[-124.5687,50.6046],[-124.6033,50.639],[-124.5913,50.6617],[-124.4979,50.7],[-124.4288,50.7225],[-124.387,50.7209],[-124.3484,50.7465],[-124.3822,50.773],[-124.3275,50.8184],[-124.3235,50.8536],[-124.2947,50.8635],[-124.2523,50.8477],[-124.2621,50.8244],[-124.2049,50.8165],[-124.1906,50.8008],[-124.1093,50.7875],[-124.0693,50.8405],[-124.0323,50.8114],[-123.9743,50.804],[-123.9304,50.7668],[-123.9192,50.7424],[-123.8643,50.7108],[-123.832,50.7139],[-123.8673,50.7478],[-123.8012,50.7972],[-123.7953,50.8337],[-123.7295,50.8429],[-123.7182,50.8713],[-123.7582,50.8835]]]]},"properties":{"id":"5924054","name":"Strathcona C"}},
{"type":"Feature","geometry":{"type":"MultiPolygon","coordinates":[[[[-124.6893,49.5496],[-124.7071,49.5141],[-124.6662,49.4911],[-124.5976,49.5251],[-124.6893,49.5496]]],[[[-124.8264,49.5995],[-124.8473,49.5556],[-124.7725,49.5067],[-124.7307,49.5024],[-124.777,49.5699],[-124.8264,49.5995]]],[[[-125.0085,49.6649],[-125.0259,49.6538],[-125.0888,49.6552],[-125.0667,49.6064],[-125.11,49.6077],[-125.1149,49.5731],[-125.1612,49.5634],[-125.1196,49.5363],[-125.1147,49.5148],[-125.0691,49.4776],[-125.0225,49.4924],[-125.0099,49.4591],[-124.9708,49.4335],[-124.9681,49.4334],[-124.9124,49.428],[-124.8593,49.4331],[-124.8231,49.4049],[-124.7336,49.4047],[-124.7334,49.4396],[-124.7567,49.4557],[-124.7937,49.4645],[-124.7973,49.4946],[-124.8336,49.5116],[-124.8724,49.5559],[-124.9096,49.626],[-124.9623,49.6574],[-125.0085,49.6649]]]]},"properties":{"id":"5926021","name":"Comox Valley A"}},
{"type":"Feature","geometry":{"type":"Polygon","coordinates":[[[-125.0068,49.794],[-125.0273,49.7609],[-124.9993,49.7026],[-125.0268,49.6875],[-125.0085,49.6649],[-124.9623,49.6574],[-124.9739,49.6812],[-124.9007,49.6665],[-124.8597,49.7014],[-124.9283,49.7402],[-125.0068,49.794]]]},"properties":{"id":"5926022","name":"Comox Valley B (Lazo North)"}},
{"type":"Feature","geometry":{"type":"Polygon","coordinates":[[[-125.116,49.8725],[-125.1539,49.8655],[-125.1984,49.8869],[-125.2566,49.8969],[-125.28,49.884],[-125.3237,49.9197],[-125.3519,49.9105],[-125.356,49.8745],[-125.4034,49.8745],[-125.4231,49.8289],[-125.4857,49.8275],[-125.5115,49.803],[-125.5531,49.7852],[-125.5459,49.7554],[-125.4913,49.7408],[-125.5137,49.7102],[-125.4265,49.6427],[-125.2339,49.491],[-125.1666,49.4917],[-125.1732,49.5102],[-125.1147,49.5148],[-125.1196,49.5363],[-125.1612,49.5634],[-125.1149,49.5731],[-125.11,49.6077],[-125.0667,49.6064],[-125.0888,49.6552],[-125.0259,49.6538],[-125.0085,49.6649],[-125.0268,49.6875],[-124.9993,49.7026],[-125.0273,49.7609],[-125.0068,49.794],[-125.0338,49.8201],[-125.1133,49.8614],[-125.116,49.8725]]]},"properties":{"id":"5926024","name":"Comox Valley C (Puntledge - Black Creek)"}},
{"type":"Feature","geometry":{"type":"Polygon","coordinates":[[[-123.832,50.7139],[-123.8643,50.7108],[-123.9192,50.7424],[-123.9304,50.7668],[-123.9743,50.804],[-124.0323,50.8114],[-124.0693,50.8405],[-124.1093,50.7875],[-124.1906,50.8008],[-124.2049,50.8165],[-124.2621,50.8244],[-124.2523,50.8477],[-124.2947,50.8635],[-124.3235,50.8536],[-124.3275,50.8184],[-124.3822,50.773],[-124.3484,50.7465],[-124.387,50.7209],[-124.4288,50.7225],[-124.4979,50.7],[-124.5913,50.6617],[-124.6033,50.639],[-124.5687,50.6046],[-124.5813,50.5741],[-124.5494,50.5409],[-124.5156,50.5261],[-124.5134,50.4987],[-124.5741,50.4626],[-124.5751,50.4196],[-124.5295,50.436],[-124.4297,50.4601],[-124.4111,50.4396],[-124.4986,50.4225],[-124.5267,50.3965],[-124.6364,50.4005],[-124.668,50.388],[-124.7088,50.3213],[-124.6329,50.293],[-124.6156,50.2581],[-124.612,50.1871],[-124.6311,50.1614],[-124.6996,50.1384],[-124.6983,50.1142],[-124.7263,50.086],[-124.8376,50.0517],[-124.803,50.008],[-124.7522,49.9635],[-124.5563,49.8719],[-124.5305,49.8463],[-124.5268,49.8048],[-124.467,49.7925],[-124.4321,49.7726],[-124.4098,49.8029],[-124.4084,49.8402],[-124.4423,49.8564],[-124.4198,49.9036],[-124.4158,49.9523],[-124.435,49.956],[-124.4431,50.0144],[-124.3811,50.0242],[-124.2511,50.025],[-124.1988,50.0075],[-124.1658,50.0229],[-124.1137,50.0247],[-124.1101,50.041],[-124.1508,50.061],[-124.1536,50.0949],[-124.1369,50.1355],[-124.0694,50.1506],[-124.0921,50.1937],[-124.1543,50.2191],[-124.1442,50.2558],[-124.169,50.27],[-124.1548,50.2977],[-124.1595,50.3334],[-124.1367,50.3526],[-124.0758,50.3664],[-124.0412,50.3464],[-123.9625,50.3394],[-123.91,50.3594],[-123.923,50.3989],[-123.9515,50.4219],[-123.9365,50.4514],[-123.9626,50.4736],[-123.9964,50.4739],[-123.9828,50.514],[-123.9251,50.5315],[-123.8421,50.5288],[-123.8017,50.5405],[-123.7441,50.5381],[-123.7612,50.6339],[-123.728,50.6946],[-123.7454,50.7136],[-123.7886,50.7225],[-123.832,50.7139]]]},"properties":{"id":"5927010","name":"qathet A"}},
{"type":"Feature","geometry":{"type":"Polygon","coordinates":[[[-124.1137,50.0247],[-124.1658,50.0229],[-124.1988,50.0075],[-124.2511,50.025],[-124.3811,50.0242],[-124.4431,50.0144],[-124.435,49.956],[-124.4158,49.9523],[-124.4198,49.9036],[-124.4423,49.8564],[-124.4084,49.8402],[-124.4098,49.8029],[-124.4321,49.7726],[-124.396,49.7665],[-124.3524,49.7767],[-124.2976,49.7628],[-124.2164,49.782],[-124.1303,49.7818],[-124.1018,49.7981],[-124.0915,49.8376],[-124.0399,49.929],[-124.0629,49.9333],[-124.0793,50.0002],[-124.1137,50.0247]]]},"properties":{"id":"5927016","name":"qathet C"}},
{"type":"Feature","geometry":{"type":"MultiPolygon","coordinates":[[[[-124.3638,49.5255],[-124.383,49.5076],[-124.3665,49.4764],[-124.2913,49.4564],[-124.2338,49.4619],[-124.1824,49.4397],[-124.1762,49.4714],[-124.2456,49.5068],[-124.3446,49.5124],[-124.3638,49.5255]]],[[[-124.633,49.8001],[-124.623,49.7674],[-124.6392,49.7464],[-124.6202,49.7217],[-124.521,49.691],[-124.4393,49.6396],[-124.4361,49.6202],[-124.1954,49.5221],[-124.1414,49.4887],[-124.1262,49.4992],[-124.1481,49.5371],[-124.2577,49.6088],[-124.3259,49.6676],[-124.3564,49.7081],[-124.3989,49.7223],[-124.4987,49.7375],[-124.555,49.7582],[-124.633,49.8001]]]]},"properties":{"id":"5927020","name":"qathet E"}},
{"type":"Feature","geometry":{"type":"MultiPolygon","coordinates":[[[[-123.4242,49.5271],[-123.4509,49.5023],[-123.457,49.4655],[-123.3905,49.4557],[-123.3706,49.4314],[-123.3165,49.4474],[-123.3292,49.4958],[-123.3673,49.528],[-123.4242,49.5271]]],[[[-124.1365,49.76],[-124.1719,49.72],[-124.2027,49.7121],[-124.198,49.6888],[-124.1623,49.6615],[-124.0864,49.6521],[-124.0809,49.7001],[-124.0508,49.7225],[-124.0604,49.7409],[-124.0244,49.7613],[-124.021,49.783],[-124.1365,49.76]]],[[[-123.91,50.3594],[-123.9625,50.3394],[-124.0412,50.3464],[-124.0758,50.3664],[-124.1367,50.3526],[-124.1595,50.3334],[-124.1548,50.2977],[-124.169,50.27],[-124.1442,50.2558],[-124.1543,50.2191],[-124.0921,50.1937],[-124.0694,50.1506],[-124.1369,50.1355],[-124.1536,50.0949],[-124.1508,50.061],[-124.1101,50.041],[-124.1137,50.0247],[-124.0793,50.0002],[-124.0629,49.9333],[-124.0399,49.929],[-124.0315,49.8932],[-123.9939,49.8363],[-124.0012,49.8126],[-123.9692,49.8047],[-123.9309,49.8377],[-123.9033,49.8784],[-123.9612,49.9052],[-124.0097,49.9685],[-124.0102,49.9979],[-123.9612,50.0214],[-123.9374,50.0193],[-123.846,50.0571],[-123.8033,50.0943],[-123.8322,50.1041],[-123.8518,50.1341],[-123.9204,50.1584],[-123.9675,50.1828],[-123.9889,50.2085],[-123.8143,50.1433],[-123.7936,50.1171],[-123.7428,50.0887],[-123.7801,50.0728],[-123.7879,50.0477],[-123.8655,50.0286],[-123.9071,50.004],[-123.9566,49.9976],[-123.9765,49.9614],[-123.9246,49.9171],[-123.8846,49.9085],[-123.8682,49.8796],[-123.873,49.8461],[-123.8952,49.8134],[-123.9231,49.7986],[-123.9364,49.7658],[-123.8925,49.7493],[-123.8637,49.7108],[-123.8228,49.6761],[-123.8403,49.6594],[-123.8061,49.6295],[-123.7667,49.642],[-123.6867,49.6534],[-123.6644,49.6493],[-123.5703,49.6834],[-123.5631,49.6714],[-123.6678,49.6368],[-123.7184,49.6369],[-123.7878,49.6026],[-123.7636,49.5349],[-123.7952,49.5477],[-123.8149,49.5936],[-123.8418,49.6202],[-123.8641,49.6758],[-123.8903,49.6997],[-123.8869,49.7263],[-123.9105,49.7478],[-123.9721,49.7669],[-124.0367,49.7386],[-124.0667,49.6944],[-124.0748,49.6421],[-124.0338,49.6342],[-124.0017,49.5553],[-123.9148,49.5129],[-123.9082,49.485],[-123.8711,49.4679],[-123.8447,49.4752],[-123.7883,49.4657],[-123.7513,49.4709],[-123.7232,49.4385],[-123.684,49.4361],[-123.6448,49.4186],[-123.5141,49.3877],[-123.4824,49.4165],[-123.4678,49.4495],[-123.4863,49.4689],[-123.4923,49.5188],[-123.3814,49.5624],[-123.3088,49.5837],[-123.2767,49.5837],[-123.2941,49.6101],[-123.3552,49.6711],[-123.3464,49.6962],[-123.303,49.7501],[-123.3007,49.778],[-123.3333,49.8273],[-123.3284,49.8514],[-123.3991,49.8812],[-123.4279,49.9009],[-123.4879,49.9114],[-123.5503,49.8711],[-123.565,49.9053],[-123.6027,49.9229],[-123.6049,50.0125],[-123.6307,50.0122],[-123.6491,50.0848],[-123.5916,50.1184],[-123.5813,50.174],[-123.6351,50.1756],[-123.6399,50.2125],[-123.6867,50.2025],[-123.6984,50.2295],[-123.7545,50.2443],[-123.768,50.262],[-123.8481,50.3007],[-123.91,50.3594]]]]},"properties":{"id":"5929018","name":"Sunshine Coast A"}},
{"type":"Feature","geometry":{"type":"Polygon","coordinates":[[[-123.7295,50.8429],[-123.7953,50.8337],[-123.8012,50.7972],[-123.8673,50.7478],[-123.832,50.7139],[-123.7886,50.7225],[-123.7454,50.7136],[-123.728,50.6946],[-123.7612,50.6339],[-123.7441,50.5381],[-123.8017,50.5405],[-123.8421,50.5288],[-123.9251,50.5315],[-123.9828,50.514],[-123.9964,50.4739],[-123.9626,50.4736],[-123.9365,50.4514],[-123.9515,50.4219],[-123.923,50.3989],[-123.91,50.3594],[-123.8481,50.3007],[-123.768,50.262],[-123.7545,50.2443],[-123.6984,50.2295],[-123.6867,50.2025],[-123.6399,50.2125],[-123.6351,50.1756],[-123.5813,50.174],[-123.5916,50.1184],[-123.6491,50.0848],[-123.6307,50.0122],[-123.6049,50.0125],[-123.6027,49.9229],[-123.565,49.9053],[-123.5503,49.8711],[-123.4879,49.9114],[-123.4279,49.9009],[-123.3991,49.8812],[-123.3284,49.8514],[-123.3333,49.8273],[-123.3007,49.778],[-123.303,49.7501],[-123.3464,49.6962],[-123.3552,49.6711],[-123.2941,49.6101],[-123.2767,49.5837],[-123.2555,49.6098],[-123.2567,49.6641],[-123.1833,49.6852],[-123.2372,49.5574],[-123.2612,49.5262],[-123.2444,49.4815],[-123.1028,49.4822],[-123.1023,49.5478],[-122.9242,49.5484],[-122.945,49.5705],[-122.8161,49.5724],[-122.8356,49.5997],[-122.8114,49.6192],[-122.8312,49.6581],[-122.8524,49.6715],[-122.8142,49.7112],[-122.8553,49.7435],[-122.8899,49.802],[-122.8737,49.8185],[-122.9646,49.835],[-122.9852,49.8575],[-122.962,49.9026],[-122.9365,49.9174],[-122.8966,49.8948],[-122.8506,49.9186],[-122.8006,49.9206],[-122.7678,49.9327],[-122.6803,49.9812],[-122.6794,50.0226],[-122.7458,50.0173],[-122.8021,50.0552],[-122.8058,50.0871],[-122.7883,50.1311],[-122.734,50.1513],[-122.6599,50.1432],[-122.6382,50.1233],[-122.2584,50.1234],[-122.3162,50.1871],[-122.2779,50.2033],[-122.3016,50.2298],[-122.3535,50.231],[-122.3737,50.2616],[-122.3576,50.2874],[-122.3664,50.3116],[-122.4387,50.3354],[-122.4706,50.3586],[-122.4769,50.3835],[-122.5171,50.3877],[-122.5252,50.4148],[-122.4854,50.4435],[-122.3965,50.4111],[-122.3359,50.4162],[-122.3044,50.4309],[-122.2873,50.4754],[-122.3378,50.5206],[-122.4553,50.5614],[-122.5041,50.5665],[-122.6099,50.5998],[-122.6089,50.6343],[-122.6292,50.6528],[-122.7039,50.6436],[-122.729,50.6561],[-122.8328,50.6462],[-122.8611,50.6195],[-122.9279,50.6012],[-122.9568,50.5487],[-123.0188,50.6011],[-123.0815,50.594],[-123.1325,50.6327],[-123.1637,50.6347],[-123.2,50.6885],[-123.2358,50.723],[-123.3213,50.7314],[-123.3583,50.7612],[-123.3607,50.7915],[-123.4077,50.7806],[-123.4391,50.7966],[-123.5028,50.7799],[-123.5251,50.7978],[-123.5628,50.7976],[-123.6071,50.7768],[-123.63,50.7926],[-123.7199,50.8013],[-123.7295,50.8429]]]},"properties":{"id":"5931017","name":"Squamish-Lillooet C"}},
{"type":"Feature","geometry":{"type":"Polygon","coordinates":[[[-122.5303,51.2092],[-122.558,51.1844],[-122.5898,51.1766],[-122.6025,51.1426],[-122.5794,51.1034],[-122.626,51.0799],[-122.6752,51.0987],[-122.743,51.1591],[-122.776,51.1376],[-122.8225,51.1448],[-122.9053,51.1839],[-123.0332,51.2007],[-123.0591,51.181],[-123.0503,51.1498],[-123.0881,51.1327],[-123.1467,51.1227],[-123.1823,51.0723],[-123.2493,51.044],[-123.2434,51.0004],[-123.4023,50.9882],[-123.4517,50.9808],[-123.5526,50.9281],[-123.5774,50.9313],[-123.6071,50.9016],[-123.6551,50.9015],[-123.6622,50.8804],[-123.7582,50.8835],[-123.7182,50.8713],[-123.7295,50.8429],[-123.7199,50.8013],[-123.63,50.7926],[-123.6071,50.7768],[-123.5628,50.7976],[-123.5251,50.7978],[-123.5028,50.7799],[-123.4391,50.7966],[-123.4077,50.7806],[-123.3607,50.7915],[-123.3583,50.7612],[-123.3213,50.7314],[-123.2358,50.723],[-123.2,50.6885],[-123.1637,50.6347],[-123.1325,50.6327],[-123.0815,50.594],[-123.0188,50.6011],[-122.9568,50.5487],[-122.9279,50.6012],[-122.8611,50.6195],[-122.8328,50.6462],[-122.729,50.6561],[-122.7039,50.6436],[-122.6292,50.6528],[-122.6089,50.6343],[-122.6099,50.5998],[-122.5041,50.5665],[-122.4553,50.5614],[-122.3378,50.5206],[-122.2873,50.4754],[-122.3044,50.4309],[-122.3359,50.4162],[-122.3965,50.4111],[-122.4854,50.4435],[-122.5252,50.4148],[-122.5171,50.3877],[-122.4769,50.3835],[-122.4706,50.3586],[-122.4387,50.3354],[-122.3664,50.3116],[-122.3576,50.2874],[-122.3737,50.2616],[-122.3535,50.231],[-122.3016,50.2298],[-122.2957,50.2539],[-122.263,50.259],[-122.2381,50.2877],[-122.2343,50.3247],[-122.1674,50.3465],[-122.1548,50.3762],[-122.118,50.4161],[-122.1191,50.4328],[-122.0151,50.4144],[-121.8831,50.4193],[-121.8624,50.4609],[-121.807,50.5173],[-121.7619,50.5464],[-121.7669,50.5753],[-121.766,50.7502],[-121.7436,50.7504],[-121.7429,50.7937],[-121.7207,50.7937],[-121.7199,50.8377],[-121.6724,50.8528],[-121.6728,50.8816],[-121.6253,50.896],[-121.6261,50.925],[-121.6275,50.9961],[-121.9146,50.9968],[-121.9136,50.9871],[-122.1653,50.9903],[-122.1605,51.0209],[-122.1971,51.0184],[-122.3064,51.0444],[-122.3584,51.0746],[-122.3763,51.107],[-122.4653,51.1142],[-122.4708,51.1567],[-122.5303,51.2092]]]},"properties":{"id":"5931034","name":"Squamish-Lillooet B"}},
{"type":"Feature","geometry":{"type":"Polygon","coordinates":[[[-120.3409,50.3859],[-120.4315,50.3857],[-120.4318,50.4002],[-120.5663,50.4015],[-120.5671,50.4159],[-120.6316,50.4158],[-120.6343,50.4303],[-120.7285,50.431],[-120.7972,50.4594],[-120.8637,50.4594],[-120.8882,50.4596],[-120.9028,50.3909],[-120.8901,50.3629],[-120.9144,50.3137],[-120.9661,50.273],[-120.9449,50.2526],[-120.9701,50.2279],[-120.9995,50.2277],[-121.0057,50.1387],[-120.9334,50.1376],[-120.9198,50.1466],[-120.8598,50.1366],[-120.716,50.1311],[-120.688,50.1543],[-120.6507,50.1315],[-120.5785,50.132],[-120.5782,49.9749],[-120.5555,49.9461],[-120.5618,49.9111],[-120.5717,49.7729],[-120.4857,49.7722],[-120.4453,49.8106],[-120.3886,49.8491],[-120.3901,49.8739],[-120.362,49.9039],[-120.3301,49.912],[-120.2684,49.8879],[-120.2287,49.8959],[-120.2134,49.8605],[-120.1611,49.8653],[-120.1302,49.8458],[-120.0548,49.8557],[-120.0295,49.9119],[-119.9775,49.9314],[-119.9509,49.9202],[-119.8931,49.9639],[-119.8323,49.9805],[-119.7691,50.0432],[-119.7411,50.1161],[-119.7772,50.12],[-119.8131,50.1769],[-119.7618,50.2328],[-119.7518,50.2596],[-119.6974,50.258],[-119.6981,50.2851],[-119.6661,50.3332],[-119.6642,50.3534],[-119.6335,50.3763],[-119.6445,50.4021],[-119.6514,50.4021],[-119.7204,50.3727],[-119.7887,50.3721],[-119.7893,50.3579],[-120.0918,50.3578],[-120.0906,50.3711],[-120.225,50.3714],[-120.2257,50.3858],[-120.3409,50.3859]]]},"properties":{"id":"5933008","name":"Thompson-Nicola M (Beautiful Nicola Valley - North)"}},
{"type":"Feature","geometry":{"type":"Polygon","coordinates":[[[-120.9995,50.2277],[-121.1403,50.2272],[-121.1456,50.1998],[-121.2203,50.189],[-121.2482,50.1454],[-121.2791,50.1565],[-121.3213,50.1269],[-121.3076,50.1033],[-121.3153,50.0525],[-121.3283,50.0378],[-121.2905,50.0111],[-121.2692,49.9623],[-121.2865,49.927],[-121.3243,49.8994],[-121.286,49.8723],[-121.2202,49.8945],[-121.1643,49.8813],[-121.147,49.8598],[-121.098,49.8733],[-121.1243,49.8256],[-121.1802,49.8219],[-121.2118,49.7793],[-121.1857,49.7266],[-121.1554,49.7161],[-121.1257,49.6805],[-121.1708,49.6484],[-121.1558,49.6172],[-121.12,49.6104],[-121.0995,49.6254],[-121.0188,49.637],[-121.0071,49.6585],[-120.9624,49.6735],[-120.9484,49.7606],[-120.7718,49.7634],[-120.7599,49.7497],[-120.6043,49.7496],[-120.5717,49.7729],[-120.5618,49.9111],[-120.5555,49.9461],[-120.5782,49.9749],[-120.5785,50.132],[-120.6507,50.1315],[-120.688,50.1543],[-120.716,50.1311],[-120.8598,50.1366],[-120.9198,50.1466],[-120.9334,50.1376],[-121.0057,50.1387],[-120.9995,50.2277]]]},"properties":{"id":"5933012","name":"Thompson-Nicola N (Beautiful Nicola Valley - South)"}},
{"type":"Feature","geometry":{"type":"Polygon","coordinates":[[[-122.179,51.5161],[-122.2823,51.5159],[-122.3304,51.5242],[-122.4025,51.5166],[-122.4692,51.4821],[-122.5597,51.4851],[-122.5594,51.4358],[-122.6245,51.417],[-122.6344,51.3948],[-122.6134,51.3725],[-122.6516,51.3185],[-122.6757,51.3023],[-122.6749,51.2744],[-122.6309,51.2488],[-122.5713,51.2476],[-122.5303,51.2092],[-122.4708,51.1567],[-122.4653,51.1142],[-122.3763,51.107],[-122.3584,51.0746],[-122.3064,51.0444],[-122.1971,51.0184],[-122.1605,51.0209],[-122.1653,50.9903],[-121.9136,50.9871],[-121.9146,50.9968],[-121.6275,50.9961],[-121.6261,50.925],[-121.0711,50.9249],[-121.0727,51.0722],[-121.0262,51.0709],[-120.9955,51.0825],[-120.9734,51.0595],[-120.9316,51.0689],[-120.938,51.0903],[-121.001,51.1358],[-120.9603,51.2041],[-120.9175,51.2145],[-120.8866,51.2447],[-120.804,51.2507],[-120.7751,51.2318],[-120.7352,51.2397],[-120.6811,51.2151],[-120.617,51.2165],[-120.5578,51.1936],[-120.5609,51.2497],[-120.5576,51.3802],[-120.5607,51.4346],[-120.8335,51.4352],[-120.9483,51.4451],[-121.0017,51.4291],[-121.1338,51.4396],[-121.1718,51.4309],[-121.2766,51.3799],[-121.4206,51.3776],[-121.4262,51.4367],[-121.5251,51.4511],[-121.5266,51.5477],[-121.6305,51.5474],[-121.6311,51.5641],[-121.8859,51.5661],[-121.8857,51.5179],[-121.9464,51.517],[-122.179,51.5161]]]},"properties":{"id":"5933032","name":"Thompson-Nicola E (Bonaparte Plateau)"}},
{"type":"Feature","geometry":{"type":"Polygon","coordinates":[[[-121.0711,50.9249],[-121.6261,50.925],[-121.6253,50.896],[-121.6728,50.8816],[-121.6724,50.8528],[-121.7199,50.8377],[-121.7207,50.7937],[-121.7429,50.7937],[-121.7436,50.7504],[-121.766,50.7502],[-121.7669,50.5753],[-121.7619,50.5464],[-121.807,50.5173],[-121.8624,50.4609],[-121.8831,50.4193],[-122.0151,50.4144],[-122.1191,50.4328],[-122.118,50.4161],[-122.1548,50.3762],[-122.1674,50.3465],[-122.2343,50.3247],[-122.2381,50.2877],[-122.263,50.259],[-122.2957,50.2539],[-122.3016,50.2298],[-122.2779,50.2033],[-122.3162,50.1871],[-122.2584,50.1234],[-122.2294,50.1117],[-122.1532,50.1144],[-122.1164,50.1073],[-122.0701,50.1264],[-122.0236,50.0858],[-121.9594,50.0847],[-121.9199,50.0718],[-121.8958,50.0497],[-121.8509,50.0528],[-121.8494,50.0753],[-121.7588,50.092],[-121.7146,50.0862],[-121.6097,50.0419],[-121.565,50.0522],[-121.3153,50.0525],[-121.3076,50.1033],[-121.3213,50.1269],[-121.2791,50.1565],[-121.2482,50.1454],[-121.2203,50.189],[-121.1456,50.1998],[-121.1403,50.2272],[-120.9995,50.2277],[-120.9701,50.2279],[-120.9449,50.2526],[-120.9661,50.273],[-120.9144,50.3137],[-120.8901,50.3629],[-120.9028,50.3909],[-120.8882,50.4596],[-120.8637,50.4594],[-120.8626,50.475],[-120.8,50.474],[-120.7843,50.5039],[-120.9129,50.5032],[-120.9596,50.548],[-121.0173,50.5485],[-121.0092,50.5758],[-121.0648,50.6007],[-121.0399,50.6375],[-121.0392,50.6656],[-121.011,50.6775],[-120.9096,50.662],[-120.9108,50.7437],[-120.9574,50.7689],[-121.0144,50.8376],[-121.0498,50.838],[-121.049,50.9249],[-121.0711,50.9249]]]},"properties":{"id":"5933037","name":"Thompson-Nicola I (Blue Sky Country)"}},
{"type":"Feature","geometry":{"type":"Polygon","coordinates":[[[-120.5578,51.1936],[-120.617,51.2165],[-120.6811,51.2151],[-120.7352,51.2397],[-120.7751,51.2318],[-120.804,51.2507],[-120.8866,51.2447],[-120.9175,51.2145],[-120.9603,51.2041],[-121.001,51.1358],[-120.938,51.0903],[-120.9316,51.0689],[-120.9734,51.0595],[-120.9955,51.0825],[-121.0262,51.0709],[-121.0727,51.0722],[-121.0711,50.9249],[-121.049,50.9249],[-121.0498,50.838],[-121.0144,50.8376],[-120.9574,50.7689],[-120.9108,50.7437],[-120.9096,50.662],[-121.011,50.6775],[-121.0392,50.6656],[-121.0399,50.6375],[-121.0648,50.6007],[-121.0092,50.5758],[-121.0173,50.5485],[-120.9596,50.548],[-120.9129,50.5032],[-120.7843,50.5039],[-120.8,50.474],[-120.8626,50.475],[-120.8637,50.4594],[-120.7972,50.4594],[-120.7285,50.431],[-120.6343,50.4303],[-120.6316,50.4158],[-120.5671,50.4159],[-120.5663,50.4015],[-120.4318,50.4002],[-120.4315,50.3857],[-120.3409,50.3859],[-120.3399,50.575],[-120.3579,50.6183],[-120.4739,50.6195],[-120.474,50.6867],[-120.5187,50.6931],[-120.5384,50.729],[-120.4723,50.7279],[-120.4724,50.742],[-120.3819,50.7421],[-120.3821,50.8228],[-120.3351,50.8229],[-120.3131,50.8448],[-120.3128,50.8814],[-120.3567,50.8949],[-120.4185,50.9387],[-120.5094,50.968],[-120.511,50.9944],[-120.5596,51.0286],[-120.5573,51.0887],[-120.5578,51.1936]]]},"properties":{"id":"5933039","name":"Thompson-Nicola J (Copper Desert Country)"}},
{"type":"Feature","geometry":{"type":"Polygon","coordinates":[[[-119.7045,50.9837],[-119.804,50.984],[-119.8044,50.9246],[-120.096,50.925],[-120.0954,51.0114],[-120.1142,51.0114],[-120.111,51.0678],[-120.1351,51.1021],[-120.2206,51.0942],[-120.5573,51.0887],[-120.5596,51.0286],[-120.511,50.9944],[-120.5094,50.968],[-120.4185,50.9387],[-120.3567,50.8949],[-120.3128,50.8814],[-120.3131,50.8448],[-120.3351,50.8229],[-120.3821,50.8228],[-120.3819,50.7421],[-120.4724,50.742],[-120.4723,50.7279],[-120.5384,50.729],[-120.5187,50.6931],[-120.474,50.6867],[-120.4739,50.6195],[-120.3579,50.6183],[-120.0816,50.6194],[-120.08,50.6487],[-119.9561,50.6531],[-119.9173,50.6451],[-119.8397,50.6736],[-119.7689,50.7263],[-119.7588,50.7498],[-119.7802,50.7701],[-119.7607,50.7913],[-119.7212,50.8055],[-119.708,50.8252],[-119.6445,50.8482],[-119.61,50.8701],[-119.6642,50.8677],[-119.6643,50.9254],[-119.6757,50.9701],[-119.7045,50.9837]]]},"properties":{"id":"5933044","name":"Thompson-Nicola P (Rivers and the Peaks)"}},
{"type":"Feature","geometry":{"type":"Polygon","coordinates":[[[-119.6054,50.8663],[-119.61,50.8701],[-119.6445,50.8482],[-119.708,50.8252],[-119.7212,50.8055],[-119.7607,50.7913],[-119.7802,50.7701],[-119.7588,50.7498],[-119.7689,50.7263],[-119.8397,50.6736],[-119.9173,50.6451],[-119.9561,50.6531],[-120.08,50.6487],[-120.0816,50.6194],[-120.3579,50.6183],[-120.3399,50.575],[-120.3409,50.3859],[-120.2257,50.3858],[-120.225,50.3714],[-120.0906,50.3711],[-120.0918,50.3578],[-119.7893,50.3579],[-119.7887,50.3721],[-119.7204,50.3727],[-119.6514,50.4021],[-119.6515,50.569],[-119.6288,50.5761],[-119.5255,50.5766],[-119.5247,50.7446],[-119.4621,50.7506],[-119.4608,50.8384],[-119.5165,50.8386],[-119.5168,50.8674],[-119.6054,50.8663]]]},"properties":{"id":"5933060","name":"Thompson-Nicola L (Grasslands)"}},
{"type":"Feature","geometry":{"type":"Polygon","coordinates":[[[-120.1425,52.8767],[-120.1772,52.86],[-120.2121,52.8763],[-120.2595,52.8596],[-120.3129,52.8587],[-120.3342,52.8331],[-120.3024,52.8151],[-120.3083,52.7801],[-120.2738,52.7459],[-120.2937,52.7256],[-120.2544,52.6774],[-120.2897,52.6578],[-120.2353,52.6347],[-120.2377,52.6208],[-120.2937,52.6076],[-120.2916,52.5874],[-120.3332,52.5668],[-120.363,52.5281],[-120.4077,52.5345],[-120.5094,52.4947],[-120.5421,52.4661],[-120.4592,52.4212],[-120.5211,52.3798],[-120.5348,52.3294],[-120.4665,52.3044],[-120.4915,52.2885],[-120.387,52.1786],[-120.3875,52.1375],[-120.3474,52.1558],[-120.3081,52.1403],[-120.3167,52.121],[-120.2937,52.0826],[-120.3168,52.0643],[-120.3058,52.0129],[-120.33,51.9951],[-120.2503,51.9403],[-120.248,51.9123],[-120.2732,51.8926],[-120.224,51.8666],[-120.2266,51.8254],[-120.2758,51.8322],[-120.3195,51.8199],[-120.3216,51.7837],[-120.3499,51.7527],[-120.3385,51.733],[-120.3913,51.704],[-120.4594,51.7099],[-120.5287,51.685],[-120.5442,51.6696],[-120.4939,51.6597],[-120.4527,51.6738],[-120.3301,51.6536],[-120.3217,51.637],[-120.261,51.6326],[-120.2354,51.5856],[-120.2022,51.5758],[-120.1859,51.5529],[-120.2028,51.5307],[-120.1986,51.4719],[-120.1498,51.4791],[-119.7001,51.4823],[-119.6981,51.5854],[-119.6749,51.6016],[-119.6839,51.6469],[-119.6546,51.6695],[-119.6701,51.6947],[-119.6297,51.7349],[-119.589,51.8025],[-119.5524,51.8047],[-119.4819,51.8343],[-119.4875,51.8773],[-119.4371,51.929],[-119.4737,51.9574],[-119.4466,51.9737],[-119.4313,52.0253],[-119.4818,52.0329],[-119.5565,52.0318],[-119.5532,52.0623],[-119.5279,52.092],[-119.4832,52.1106],[-119.5197,52.1337],[-119.4943,52.147],[-119.5078,52.1853],[-119.483,52.2046],[-119.5157,52.2222],[-119.5039,52.2632],[-119.4822,52.2788],[-119.5295,52.3099],[-119.464,52.3625],[-119.5665,52.4035],[-119.6208,52.4741],[-119.6539,52.4899],[-119.666,52.5337],[-119.7011,52.5375],[-119.6958,52.5727],[-119.7235,52.604],[-119.7635,52.6105],[-119.7684,52.6603],[-119.9203,52.7192],[-119.9512,52.7101],[-119.9738,52.7373],[-120.0247,52.7576],[-120.0614,52.8243],[-120.1115,52.8431],[-120.1425,52.8767]]]},"properties":{"id":"5933068","name":"Thompson-Nicola A (Wells Gray Country)"}},
{"type":"Feature","geometry":{"type":"Polygon","coordinates":[[[-118.8032,52.1772],[-118.8472,52.2068],[-118.8398,52.2328],[-118.8907,52.2457],[-118.8821,52.2641],[-118.788,52.3053],[-118.7921,52.3174],[-118.8684,52.3443],[-118.9264,52.3536],[-118.9479,52.3912],[-118.9216,52.4221],[-118.9417,52.4397],[-118.9243,52.4632],[-118.8863,52.4742],[-118.9276,52.5688],[-118.9933,52.5904],[-119.0336,52.5945],[-119.0561,52.6333],[-119.3644,52.6325],[-119.3695,52.6561],[-119.4426,52.6388],[-119.4649,52.6492],[-119.5311,52.6315],[-119.5779,52.648],[-119.6161,52.6891],[-119.6775,52.6956],[-119.708,52.6782],[-119.752,52.6793],[-119.7684,52.6603],[-119.7635,52.6105],[-119.7235,52.604],[-119.6958,52.5727],[-119.7011,52.5375],[-119.666,52.5337],[-119.6539,52.4899],[-119.6208,52.4741],[-119.5665,52.4035],[-119.464,52.3625],[-119.5295,52.3099],[-119.4822,52.2788],[-119.5039,52.2632],[-119.5157,52.2222],[-119.483,52.2046],[-119.5078,52.1853],[-119.4943,52.147],[-119.5197,52.1337],[-119.4832,52.1106],[-119.5279,52.092],[-119.5532,52.0623],[-119.5565,52.0318],[-119.4818,52.0329],[-119.4313,52.0253],[-119.4466,51.9737],[-119.4737,51.9574],[-119.4371,51.929],[-119.4875,51.8773],[-119.4819,51.8343],[-119.5524,51.8047],[-119.589,51.8025],[-119.6297,51.7349],[-119.6701,51.6947],[-119.6546,51.6695],[-119.6839,51.6469],[-119.6749,51.6016],[-119.6981,51.5854],[-119.7001,51.4823],[-119.6589,51.5038],[-119.6111,51.5093],[-119.5949,51.5533],[-119.5438,51.5997],[-119.5004,51.6026],[-119.4707,51.5681],[-119.3911,51.5762],[-119.3302,51.5901],[-119.3051,51.6337],[-119.2776,51.6481],[-118.978,51.6441],[-119.0099,51.6873],[-118.9378,51.7027],[-118.9239,51.6896],[-118.916,51.7192],[-118.8855,51.7331],[-118.8868,51.775],[-118.9614,51.8106],[-118.9503,51.8495],[-118.9901,51.8646],[-118.9659,51.8871],[-118.9877,51.9313],[-118.9085,51.9281],[-118.891,51.9541],[-118.9718,51.9772],[-118.9443,52.0262],[-118.8559,52.0456],[-118.8728,52.076],[-118.8337,52.1643],[-118.8032,52.1772]]]},"properties":{"id":"5933070","name":"Thompson-Nicola B (Thompson Headwaters)"}},
{"type":"Feature","geometry":{"type":"Polygon","coordinates":[[[-120.5442,51.6696],[-120.5584,51.6646],[-120.5615,51.5942],[-120.5607,51.4346],[-120.5576,51.3802],[-120.5609,51.2497],[-120.5578,51.1936],[-120.5573,51.0887],[-120.2206,51.0942],[-120.1351,51.1021],[-120.111,51.0678],[-120.1142,51.0114],[-120.0954,51.0114],[-120.096,50.925],[-119.8044,50.9246],[-119.804,50.984],[-119.7045,50.9837],[-119.5369,50.9836],[-119.5481,51.011],[-119.5217,51.0326],[-119.5071,51.0667],[-119.5257,51.1067],[-119.4839,51.1737],[-119.4397,51.1823],[-119.4407,51.2218],[-119.3709,51.2555],[-119.294,51.2463],[-119.2372,51.2681],[-119.221,51.3111],[-119.1924,51.3176],[-119.187,51.3545],[-119.0588,51.395],[-119.029,51.4229],[-118.9534,51.4613],[-118.9647,51.4906],[-118.9502,51.5074],[-118.9837,51.5424],[-118.9606,51.6095],[-118.978,51.6441],[-119.2776,51.6481],[-119.3051,51.6337],[-119.3302,51.5901],[-119.3911,51.5762],[-119.4707,51.5681],[-119.5004,51.6026],[-119.5438,51.5997],[-119.5949,51.5533],[-119.6111,51.5093],[-119.6589,51.5038],[-119.7001,51.4823],[-120.1498,51.4791],[-120.1986,51.4719],[-120.2028,51.5307],[-120.1859,51.5529],[-120.2022,51.5758],[-120.2354,51.5856],[-120.261,51.6326],[-120.3217,51.637],[-120.3301,51.6536],[-120.4527,51.6738],[-120.4939,51.6597],[-120.5442,51.6696]]]},"properties":{"id":"5933072","name":"Thompson-Nicola O (Lower North Thompson)"}},
{"type":"Feature","geometry":{"type":"Polygon","coordinates":[[[-119.0557,49.8123],[-119.0222,49.8522],[-118.9768,49.8787],[-118.9768,49.8929],[-118.8523,49.9579],[-118.808,49.9556],[-118.8021,49.981],[-118.8227,50],[-118.8099,50.0218],[-118.8591,50.0365],[-118.8689,50.0528],[-118.9469,50.057],[-119.0643,50.0371],[-119.1734,50.0497],[-119.1653,50.0933],[-119.141,50.1193],[-119.1461,50.1513],[-119.329,50.1511],[-119.4743,50.1499],[-119.464,49.9981],[-119.4845,49.9409],[-119.5183,49.904],[-119.5154,49.8509],[-119.5323,49.8285],[-119.5739,49.8059],[-119.6975,49.7752],[-119.6971,49.7607],[-119.5566,49.7602],[-119.4859,49.7464],[-119.4588,49.7255],[-119.427,49.6754],[-119.3759,49.679],[-119.2957,49.7152],[-119.2629,49.7448],[-119.2285,49.7352],[-119.2021,49.7533],[-119.1527,49.764],[-119.1538,49.7995],[-119.1157,49.791],[-119.0655,49.7982],[-119.0557,49.8123]]]},"properties":{"id":"5935012","name":"Central Okanagan"}},
{"type":"Feature","geometry":{"type":"Polygon","coordinates":[[[-119.4743,50.1499],[-119.4595,50.2312],[-119.4717,50.2349],[-119.7618,50.2328],[-119.8131,50.1769],[-119.7772,50.12],[-119.7411,50.1161],[-119.7691,50.0432],[-119.8323,49.9805],[-119.8931,49.9639],[-119.9509,49.9202],[-119.9775,49.9314],[-120.0295,49.9119],[-120.0548,49.8557],[-119.9916,49.8339],[-119.967,49.8122],[-119.9795,49.7663],[-119.837,49.7657],[-119.8359,49.7126],[-119.7287,49.7121],[-119.7416,49.7248],[-119.7195,49.7653],[-119.6975,49.7752],[-119.5739,49.8059],[-119.5323,49.8285],[-119.5154,49.8509],[-119.5183,49.904],[-119.4845,49.9409],[-119.464,49.9981],[-119.4743,50.1499]]]},"properties":{"id":"5935020","name":"Central Okanagan West"}},
{"type":"Feature","geometry":{"type":"Polygon","coordinates":[[[-119.3179,50.4162],[-119.4457,50.416],[-119.4464,50.4309],[-119.5249,50.431],[-119.5819,50.4457],[-119.6445,50.4021],[-119.6335,50.3763],[-119.6642,50.3534],[-119.6661,50.3332],[-119.6981,50.2851],[-119.6974,50.258],[-119.7518,50.2596],[-119.7618,50.2328],[-119.4717,50.2349],[-119.4595,50.2312],[-119.4743,50.1499],[-119.329,50.1511],[-119.2883,50.1837],[-119.2211,50.1802],[-119.1476,50.2104],[-119.114,50.2089],[-119.0688,50.2235],[-119.0792,50.2635],[-118.9988,50.2669],[-119.0031,50.306],[-119.0007,50.4737],[-119.0794,50.4447],[-119.1491,50.4418],[-119.1726,50.4127],[-119.1713,50.3398],[-119.2779,50.3404],[-119.306,50.3693],[-119.3179,50.4162]]]},"properties":{"id":"5937017","name":"North Okanagan B"}},
{"type":"Feature","geometry":{"type":"Polygon","coordinates":[[[-118.6719,49.8127],[-118.6713,50.2237],[-118.6951,50.2378],[-118.7936,50.2447],[-118.7918,50.2702],[-118.7407,50.2632],[-118.6928,50.268],[-118.6951,50.4882],[-119.0019,50.4884],[-119.0007,50.4737],[-119.0031,50.306],[-118.9988,50.2669],[-119.0792,50.2635],[-119.0688,50.2235],[-119.114,50.2089],[-119.1476,50.2104],[-119.2211,50.1802],[-119.2883,50.1837],[-119.329,50.1511],[-119.1461,50.1513],[-119.141,50.1193],[-119.1653,50.0933],[-119.1734,50.0497],[-119.0643,50.0371],[-118.9469,50.057],[-118.8689,50.0528],[-118.8591,50.0365],[-118.8099,50.0218],[-118.8227,50],[-118.8021,49.981],[-118.808,49.9556],[-118.8523,49.9579],[-118.9768,49.8929],[-118.9768,49.8787],[-119.0222,49.8522],[-119.0557,49.8123],[-118.6719,49.8127]]]},"properties":{"id":"5937022","name":"North Okanagan D"}},
{"type":"Feature","geometry":{"type":"Polygon","coordinates":[[[-118.2943,50.8644],[-118.3756,50.832],[-118.4336,50.8258],[-118.4314,50.7951],[-118.4563,50.7725],[-118.4315,50.7522],[-118.4174,50.6663],[-118.4887,50.6081],[-118.4817,50.5569],[-118.5845,50.5143],[-118.5784,50.4879],[-118.6951,50.4882],[-118.6928,50.268],[-118.7407,50.2632],[-118.7918,50.2702],[-118.7936,50.2447],[-118.6951,50.2378],[-118.6713,50.2237],[-118.6719,49.8127],[-118.5102,49.8126],[-118.3122,49.8123],[-118.3121,49.8235],[-118.3744,49.8246],[-118.3786,49.8591],[-118.3539,49.8918],[-118.3767,49.9091],[-118.4187,49.9136],[-118.4159,49.973],[-118.4487,49.9738],[-118.4735,49.9995],[-118.4481,50.0226],[-118.3998,50.0334],[-118.3983,50.0788],[-118.3382,50.1007],[-118.2935,50.0978],[-118.2914,50.1313],[-118.2637,50.1814],[-118.2391,50.1963],[-118.2761,50.2787],[-118.2755,50.3398],[-118.3269,50.352],[-118.2821,50.3924],[-118.2676,50.4362],[-118.212,50.4394],[-118.1761,50.4931],[-118.2153,50.5381],[-118.1797,50.5536],[-118.1627,50.6115],[-118.196,50.6342],[-118.2073,50.6903],[-118.2058,50.7389],[-118.2419,50.7552],[-118.2943,50.8644]]]},"properties":{"id":"5937023","name":"North Okanagan E"}},
{"type":"Feature","geometry":{"type":"Polygon","coordinates":[[[-119.0794,50.4447],[-119.084,50.5491],[-119.1253,50.5362],[-119.1379,50.4996],[-119.1835,50.5],[-119.1834,50.5278],[-119.3085,50.5286],[-119.2974,50.4714],[-119.3289,50.47],[-119.3179,50.4162],[-119.306,50.3693],[-119.2779,50.3404],[-119.1713,50.3398],[-119.1726,50.4127],[-119.1491,50.4418],[-119.0794,50.4447]]]},"properties":{"id":"5937024","name":"Spallumcheen"}},
{"type":"Feature","geometry":{"type":"Polygon","coordinates":[[[-118.2943,50.8644],[-118.3702,50.8881],[-118.4116,50.8827],[-118.4498,50.9034],[-118.4706,50.8946],[-118.5338,50.9346],[-118.6128,50.9246],[-118.6096,50.8941],[-118.6516,50.8532],[-118.6644,50.823],[-118.6994,50.8112],[-118.733,50.8258],[-118.7781,50.826],[-118.8126,50.7867],[-118.883,50.7504],[-119.178,50.7501],[-119.1834,50.5278],[-119.1835,50.5],[-119.1379,50.4996],[-119.1253,50.5362],[-119.084,50.5491],[-119.0794,50.4447],[-119.0007,50.4737],[-119.0019,50.4884],[-118.6951,50.4882],[-118.5784,50.4879],[-118.5845,50.5143],[-118.4817,50.5569],[-118.4887,50.6081],[-118.4174,50.6663],[-118.4315,50.7522],[-118.4563,50.7725],[-118.4314,50.7951],[-118.4336,50.8258],[-118.3756,50.832],[-118.2943,50.8644]]]},"properties":{"id":"5937041","name":"North Okanagan F"}},
{"type":"Feature","geometry":{"type":"Polygon","coordinates":[[[-116.2826,51.3315],[-116.2773,51.3547],[-116.3114,51.385],[-116.2825,51.4068],[-116.2924,51.4618],[-116.3606,51.4709],[-116.3938,51.5057],[-116.3909,51.5456],[-116.4529,51.5606],[-116.4714,51.6047],[-116.4996,51.6234],[-116.595,51.6618],[-116.5882,51.7159],[-116.6312,51.7314],[-116.6503,51.7537],[-116.6431,51.7867],[-116.6821,51.8122],[-116.7442,51.8066],[-116.8186,51.7356],[-116.8097,51.7054],[-116.8873,51.703],[-116.9206,51.7098],[-116.9764,51.7602],[-116.964,51.795],[-117.0343,51.8598],[-117.0195,51.8914],[-117.0976,51.9397],[-117.1032,51.9565],[-117.1972,51.9801],[-117.2684,52.0558],[-117.3051,52.0743],[-117.2986,52.0943],[-117.334,52.1486],[-117.3813,52.1377],[-117.5002,52.1443],[-117.5231,52.1583],[-117.6113,52.1443],[-117.6293,52.1748],[-117.6635,52.1979],[-117.7413,52.203],[-117.8183,52.2263],[-117.8396,52.2741],[-117.7529,52.3164],[-117.7058,52.3653],[-117.7665,52.4177],[-117.8869,52.4261],[-117.9668,52.4697],[-117.9878,52.5],[-118.0529,52.4496],[-118.0304,52.4381],[-118.0442,52.3985],[-118.138,52.4075],[-118.2128,52.3703],[-118.226,52.3803],[-118.2542,52.348],[-118.2898,52.3389],[-118.3171,52.3678],[-118.3536,52.3661],[-118.3952,52.3349],[-118.4931,52.3125],[-118.5016,52.2817],[-118.5405,52.273],[-118.4644,52.224],[-118.4535,52.1865],[-118.4403,52.075],[-118.4559,52.0632],[-118.3972,52.0294],[-118.3923,51.9799],[-118.3307,51.9925],[-118.2858,51.9827],[-118.2753,51.9647],[-118.2186,51.9752],[-118.1744,51.9372],[-118.175,51.9073],[-118.124,51.8891],[-118.1487,51.8635],[-118.1512,51.8275],[-118.1898,51.7915],[-118.1303,51.779],[-118.1255,51.7239],[-118.0245,51.7254],[-118.0137,51.7447],[-117.9268,51.7237],[-117.9411,51.6482],[-117.9737,51.6393],[-117.9865,51.6075],[-117.9814,51.5746],[-117.9394,51.5309],[-117.9886,51.4999],[-117.9709,51.4772],[-117.8921,51.4261],[-117.8397,51.3716],[-117.7685,51.3418],[-117.7221,51.2745],[-117.7284,51.2416],[-117.7077,51.1813],[-117.6711,51.1672],[-117.6793,51.1092],[-117.7152,51.0852],[-117.6482,51.0689],[-117.5455,51.0903],[-117.5215,51.0677],[-117.4781,51.0573],[-117.4527,51.0744],[-117.4574,51.1046],[-117.3802,51.1038],[-117.3838,51.0747],[-117.3475,51.0389],[-117.3043,51.0513],[-117.2243,51.0593],[-117.1627,51.0444],[-117.1379,51.028],[-117.1552,50.9759],[-117.0703,50.9703],[-117.0331,50.9581],[-117.069,50.9202],[-117.0836,50.8656],[-117.0381,50.815],[-116.9643,50.8103],[-116.9214,50.7736],[-116.837,50.7615],[-116.7965,50.7293],[-116.7719,50.7667],[-116.7453,50.7713],[-116.7459,50.8162],[-116.764,50.8473],[-116.7232,50.854],[-116.7335,50.8764],[-116.6722,50.8898],[-116.6287,50.9207],[-116.5357,50.921],[-116.5354,50.9351],[-116.4444,50.9498],[-116.3183,50.9491],[-116.337,50.9755],[-116.3808,50.9992],[-116.4185,51.0366],[-116.3911,51.0556],[-116.3398,51.0644],[-116.3185,51.0955],[-116.2622,51.1266],[-116.2975,51.18],[-116.3321,51.1806],[-116.3465,51.2078],[-116.3011,51.2087],[-116.2634,51.2218],[-116.2622,51.243],[-116.2966,51.2617],[-116.2902,51.2909],[-116.3049,51.3254],[-116.2826,51.3315]]]},"properties":{"id":"5939011","name":"Columbia-Shuswap A"}},
{"type":"Feature","geometry":{"type":"Polygon","coordinates":[[[-118.9928,51],[-119.0426,50.9999],[-119.094,50.9727],[-119.1532,50.9561],[-119.2906,50.9444],[-119.3825,50.9277],[-119.4018,50.9058],[-119.4565,50.8926],[-119.5362,50.8935],[-119.6054,50.8663],[-119.5168,50.8674],[-119.5165,50.8386],[-119.4608,50.8384],[-119.4621,50.7506],[-119.5247,50.7446],[-119.4826,50.7181],[-119.3874,50.7513],[-119.3237,50.7512],[-119.204,50.7682],[-119.1706,50.7871],[-119.0699,50.8136],[-119.0481,50.8253],[-119.0586,50.8647],[-119.0585,50.9215],[-119.0211,50.9488],[-118.9928,51]]]},"properties":{"id":"5939037","name":"Columbia-Shuswap C"}},
{"type":"Feature","geometry":{"type":"Polygon","coordinates":[[[-119.204,50.7682],[-119.3237,50.7512],[-119.3874,50.7513],[-119.4826,50.7181],[-119.5247,50.7446],[-119.5255,50.5766],[-119.6288,50.5761],[-119.6515,50.569],[-119.6514,50.4021],[-119.6445,50.4021],[-119.5819,50.4457],[-119.5249,50.431],[-119.4464,50.4309],[-119.4457,50.416],[-119.3179,50.4162],[-119.3289,50.47],[-119.2974,50.4714],[-119.3085,50.5286],[-119.1834,50.5278],[-119.178,50.7501],[-119.204,50.7682]]]},"properties":{"id":"5939039","name":"Columbia-Shuswap D"}},
{"type":"Feature","geometry":{"type":"Polygon","coordinates":[[[-117.3475,51.0389],[-117.3838,51.0747],[-117.3802,51.1038],[-117.4574,51.1046],[-117.4527,51.0744],[-117.4781,51.0573],[-117.5215,51.0677],[-117.5455,51.0903],[-117.6482,51.0689],[-117.7152,51.0852],[-117.6793,51.1092],[-117.6711,51.1672],[-117.7077,51.1813],[-117.7284,51.2416],[-117.7221,51.2745],[-117.7685,51.3418],[-117.8397,51.3716],[-117.8921,51.4261],[-117.9709,51.4772],[-117.9886,51.4999],[-117.9394,51.5309],[-117.9814,51.5746],[-117.9865,51.6075],[-117.9737,51.6393],[-117.9411,51.6482],[-117.9268,51.7237],[-118.0137,51.7447],[-118.0245,51.7254],[-118.1255,51.7239],[-118.1303,51.779],[-118.1898,51.7915],[-118.1512,51.8275],[-118.1487,51.8635],[-118.124,51.8891],[-118.175,51.9073],[-118.1744,51.9372],[-118.2186,51.9752],[-118.2753,51.9647],[-118.2858,51.9827],[-118.3307,51.9925],[-118.3923,51.9799],[-118.3972,52.0294],[-118.4559,52.0632],[-118.4403,52.075],[-118.4535,52.1865],[-118.4644,52.224],[-118.5405,52.273],[-118.5824,52.193],[-118.6401,52.1696],[-118.7161,52.1613],[-118.752,52.1852],[-118.8032,52.1772],[-118.8337,52.1643],[-118.8728,52.076],[-118.8559,52.0456],[-118.9443,52.0262],[-118.9718,51.9772],[-118.891,51.9541],[-118.9085,51.9281],[-118.9877,51.9313],[-118.9659,51.8871],[-118.9901,51.8646],[-118.9503,51.8495],[-118.9614,51.8106],[-118.8868,51.775],[-118.8855,51.7331],[-118.916,51.7192],[-118.9239,51.6896],[-118.9037,51.6567],[-118.8177,51.6266],[-118.8323,51.5311],[-118.7684,51.5214],[-118.7421,51.5287],[-118.6932,51.5042],[-118.7149,51.4902],[-118.6752,51.4609],[-118.6325,51.4638],[-118.6142,51.4416],[-118.6181,51.4116],[-118.5815,51.3901],[-118.6166,51.363],[-118.6002,51.3102],[-118.6283,51.301],[-118.7069,51.3054],[-118.7294,51.2876],[-118.6997,51.2587],[-118.7369,51.2162],[-118.7177,51.1695],[-118.7395,51.1266],[-118.7726,51.1118],[-118.7581,51.0706],[-118.8271,51.0468],[-118.9678,51.0308],[-118.9928,51],[-119.0211,50.9488],[-119.0585,50.9215],[-119.0586,50.8647],[-119.0481,50.8253],[-119.0699,50.8136],[-119.1706,50.7871],[-119.204,50.7682],[-119.178,50.7501],[-118.883,50.7504],[-118.8126,50.7867],[-118.7781,50.826],[-118.733,50.8258],[-118.6994,50.8112],[-118.6644,50.823],[-118.6516,50.8532],[-118.6096,50.8941],[-118.6128,50.9246],[-118.5338,50.9346],[-118.4706,50.8946],[-118.4498,50.9034],[-118.4116,50.8827],[-118.3702,50.8881],[-118.2943,50.8644],[-118.2419,50.7552],[-118.2058,50.7389],[-118.2073,50.6903],[-118.1233,50.6812],[-118.0766,50.6933],[-118.0684,50.6665],[-118.0138,50.6531],[-117.9943,50.5481],[-117.9779,50.5329],[-117.857,50.5279],[-117.8499,50.5424],[-117.7407,50.5544],[-117.6711,50.5324],[-117.6159,50.5437],[-117.582,50.503],[-117.4997,50.4571],[-117.4943,50.489],[-117.4359,50.4844],[-117.3212,50.4873],[-117.2438,50.5195],[-117.245,50.5351],[-117.3068,50.5775],[-117.2298,50.6483],[-117.2737,50.6708],[-117.2634,50.6926],[-117.2758,50.7442],[-117.3231,50.7242],[-117.3929,50.7091],[-117.382,50.7462],[-117.4057,50.7793],[-117.4668,50.8112],[-117.4536,50.8291],[-117.4902,50.8812],[-117.4673,50.9024],[-117.4261,50.904],[-117.4378,50.9482],[-117.3978,50.9612],[-117.3902,50.9998],[-117.3475,51.0389]]]},"properties":{"id":"5939043","name":"Columbia-Shuswap E"}},
{"type":"Feature","geometry":{"type":"Polygon","coordinates":[[[-118.9239,51.6896],[-118.9378,51.7027],[-119.0099,51.6873],[-118.978,51.6441],[-118.9606,51.6095],[-118.9837,51.5424],[-118.9502,51.5074],[-118.9647,51.4906],[-118.9534,51.4613],[-119.029,51.4229],[-119.0588,51.395],[-119.187,51.3545],[-119.1924,51.3176],[-119.221,51.3111],[-119.2372,51.2681],[-119.294,51.2463],[-119.3709,51.2555],[-119.4407,51.2218],[-119.4397,51.1823],[-119.4839,51.1737],[-119.5257,51.1067],[-119.5071,51.0667],[-119.5217,51.0326],[-119.5481,51.011],[-119.5369,50.9836],[-119.7045,50.9837],[-119.6757,50.9701],[-119.6643,50.9254],[-119.6642,50.8677],[-119.61,50.8701],[-119.6054,50.8663],[-119.5362,50.8935],[-119.4565,50.8926],[-119.4018,50.9058],[-119.3825,50.9277],[-119.2906,50.9444],[-119.1532,50.9561],[-119.094,50.9727],[-119.0426,50.9999],[-118.9928,51],[-118.9678,51.0308],[-118.8271,51.0468],[-118.7581,51.0706],[-118.7726,51.1118],[-118.7395,51.1266],[-118.7177,51.1695],[-118.7369,51.2162],[-118.6997,51.2587],[-118.7294,51.2876],[-118.7069,51.3054],[-118.6283,51.301],[-118.6002,51.3102],[-118.6166,51.363],[-118.5815,51.3901],[-118.6181,51.4116],[-118.6142,51.4416],[-118.6325,51.4638],[-118.6752,51.4609],[-118.7149,51.4902],[-118.6932,51.5042],[-118.7421,51.5287],[-118.7684,51.5214],[-118.8323,51.5311],[-118.8177,51.6266],[-118.9037,51.6567],[-118.9239,51.6896]]]},"properties":{"id":"5939044","name":"Columbia-Shuswap F"}},
{"type":"Feature","geometry":{"type":"Polygon","coordinates":[[[-122.2338,52.5417],[-122.3874,52.543],[-122.4527,52.5394],[-122.4358,52.5031],[-122.4346,52.4779],[-122.4102,52.4476],[-122.3745,52.3623],[-122.2894,52.3411],[-122.2756,52.3188],[-122.2878,52.2953],[-122.264,52.2539],[-122.2798,52.2195],[-122.2724,52.1577],[-122.192,52.1516],[-122.1705,52.1145],[-122.1176,52.0998],[-122.0648,52.1154],[-122.0446,52.1415],[-122.0437,52.1803],[-122.0701,52.2147],[-122.0158,52.2628],[-122.0116,52.3898],[-122.0392,52.4268],[-122.0399,52.5005],[-122.0854,52.5035],[-122.0861,52.5404],[-122.2338,52.5417]]]},"properties":{"id":"5941010","name":"Cariboo D"}},
{"type":"Feature","geometry":{"type":"Polygon","coordinates":[[[-122.0648,52.1154],[-122.1176,52.0998],[-122.1705,52.1145],[-122.192,52.1516],[-122.2724,52.1577],[-122.2844,52.1064],[-122.2801,52.0529],[-122.2651,52.0143],[-122.2788,51.9218],[-122.3289,51.885],[-122.396,51.8802],[-122.4058,51.793],[-122.3934,51.7838],[-122.3935,51.7288],[-122.363,51.7203],[-122.3599,51.6916],[-122.2937,51.5841],[-122.2916,51.5529],[-122.1791,51.5445],[-122.179,51.5161],[-121.9464,51.517],[-121.9487,51.5725],[-121.941,51.6398],[-121.955,51.7319],[-121.9788,51.7322],[-121.9781,51.8756],[-121.8358,51.8758],[-121.839,51.9856],[-121.8839,51.9921],[-121.8761,52.014],[-121.9523,52.0669],[-122.0292,52.1106],[-122.0648,52.1154]]]},"properties":{"id":"5941012","name":"Cariboo E"}},
{"type":"Feature","geometry":{"type":"Polygon","coordinates":[[[-122.1192,52.7148],[-122.188,52.7141],[-122.2481,52.6883],[-122.2255,52.6143],[-122.2499,52.6061],[-122.2056,52.5682],[-122.2338,52.5417],[-122.0861,52.5404],[-122.0854,52.5035],[-122.0399,52.5005],[-122.0392,52.4268],[-122.0116,52.3898],[-122.0158,52.2628],[-122.0701,52.2147],[-122.0437,52.1803],[-122.0446,52.1415],[-122.0648,52.1154],[-122.0292,52.1106],[-121.9523,52.0669],[-121.8761,52.014],[-121.8839,51.9921],[-121.839,51.9856],[-121.8295,51.9923],[-121.5549,51.9919],[-121.5555,52.0804],[-121.2103,52.0709],[-121.204,51.9923],[-120.8837,51.9916],[-120.8862,52.1359],[-120.3875,52.1375],[-120.387,52.1786],[-120.4915,52.2885],[-120.4665,52.3044],[-120.5348,52.3294],[-120.5211,52.3798],[-120.4592,52.4212],[-120.5421,52.4661],[-120.5094,52.4947],[-120.4077,52.5345],[-120.363,52.5281],[-120.3332,52.5668],[-120.2916,52.5874],[-120.2937,52.6076],[-120.2377,52.6208],[-120.2353,52.6347],[-120.2897,52.6578],[-120.2544,52.6774],[-120.2937,52.7256],[-120.2738,52.7459],[-120.3083,52.7801],[-120.3024,52.8151],[-120.3342,52.8331],[-120.3129,52.8587],[-120.2595,52.8596],[-120.2121,52.8763],[-120.1772,52.86],[-120.1425,52.8767],[-120.1704,52.925],[-120.2271,52.9183],[-120.2693,52.9289],[-120.3384,52.9274],[-120.3768,52.9648],[-120.4342,52.9726],[-120.4531,52.9933],[-120.5023,52.9911],[-120.5449,52.9761],[-120.5352,52.9559],[-120.5926,52.9463],[-120.5698,52.9202],[-120.6112,52.9137],[-120.6634,52.9322],[-120.7018,52.9055],[-120.7896,52.9085],[-120.8872,52.8868],[-120.9346,52.8577],[-120.9953,52.8804],[-121.0572,52.8831],[-121.1204,52.8698],[-121.1428,52.9395],[-121.1905,52.9242],[-121.242,52.9262],[-121.2818,52.8991],[-121.3438,52.8712],[-121.4227,52.8756],[-121.4678,52.8488],[-121.5296,52.8694],[-121.6045,52.8605],[-121.6204,52.824],[-121.5911,52.8072],[-121.6165,52.7852],[-121.582,52.7394],[-121.5993,52.7251],[-121.6554,52.7384],[-121.694,52.7198],[-121.7589,52.742],[-121.9382,52.7431],[-121.9407,52.7145],[-122.1192,52.7148]]]},"properties":{"id":"5941014","name":"Cariboo F"}},
{"type":"Feature","geometry":{"type":"Polygon","coordinates":[[[-121.204,51.9923],[-121.2103,52.0709],[-121.5555,52.0804],[-121.5549,51.9919],[-121.8295,51.9923],[-121.839,51.9856],[-121.8358,51.8758],[-121.9781,51.8756],[-121.9788,51.7322],[-121.955,51.7319],[-121.941,51.6398],[-121.9487,51.5725],[-121.9464,51.517],[-121.8857,51.5179],[-121.8859,51.5661],[-121.6311,51.5641],[-121.6305,51.5474],[-121.5266,51.5477],[-121.5251,51.4511],[-121.4262,51.4367],[-121.4206,51.3776],[-121.2766,51.3799],[-121.2781,51.5682],[-121.291,51.6115],[-121.3602,51.6114],[-121.3591,51.6391],[-121.3979,51.6437],[-121.3963,51.665],[-121.3038,51.6657],[-121.2804,51.6759],[-121.2802,51.699],[-121.2328,51.7007],[-121.2351,51.763],[-121.2094,51.763],[-121.2121,51.8616],[-121.2101,51.9886],[-121.204,51.9923]]]},"properties":{"id":"5941015","name":"Cariboo G"}},
{"type":"Feature","geometry":{"type":"Polygon","coordinates":[[[-120.3875,52.1375],[-120.8862,52.1359],[-120.8837,51.9916],[-121.204,51.9923],[-121.2101,51.9886],[-121.2121,51.8616],[-121.2094,51.763],[-121.2351,51.763],[-121.2328,51.7007],[-121.2802,51.699],[-121.2804,51.6759],[-121.2798,51.6619],[-121.0745,51.6617],[-121.0453,51.6891],[-120.7809,51.6922],[-120.7792,51.7329],[-120.6801,51.7341],[-120.6608,51.7172],[-120.6573,51.6646],[-120.5584,51.6646],[-120.5442,51.6696],[-120.5287,51.685],[-120.4594,51.7099],[-120.3913,51.704],[-120.3385,51.733],[-120.3499,51.7527],[-120.3216,51.7837],[-120.3195,51.8199],[-120.2758,51.8322],[-120.2266,51.8254],[-120.224,51.8666],[-120.2732,51.8926],[-120.248,51.9123],[-120.2503,51.9403],[-120.33,51.9951],[-120.3058,52.0129],[-120.3168,52.0643],[-120.2937,52.0826],[-120.3167,52.121],[-120.3081,52.1403],[-120.3474,52.1558],[-120.3875,52.1375]]]},"properties":{"id":"5941016","name":"Cariboo H"}},
{"type":"Feature","geometry":{"type":"Polygon","coordinates":[[[-121.2804,51.6759],[-121.3038,51.6657],[-121.3963,51.665],[-121.3979,51.6437],[-121.3591,51.6391],[-121.3602,51.6114],[-121.291,51.6115],[-121.2781,51.5682],[-121.2766,51.3799],[-121.1718,51.4309],[-121.1338,51.4396],[-121.0017,51.4291],[-120.9483,51.4451],[-120.8335,51.4352],[-120.5607,51.4346],[-120.5615,51.5942],[-120.5584,51.6646],[-120.6573,51.6646],[-120.6608,51.7172],[-120.6801,51.7341],[-120.7792,51.7329],[-120.7809,51.6922],[-121.0453,51.6891],[-121.0745,51.6617],[-121.2798,51.6619],[-121.2804,51.6759]]]},"properties":{"id":"5941017","name":"Cariboo L"}},
{"type":"Feature","geometry":{"type":"Polygon","coordinates":[[[-122.4816,53.0067],[-122.5394,52.9783],[-122.4897,52.9419],[-122.4746,52.9002],[-122.4473,52.871],[-122.4593,52.7793],[-122.4808,52.7627],[-122.4857,52.7073],[-122.4568,52.6788],[-122.4937,52.6466],[-122.467,52.6289],[-122.4757,52.6026],[-122.5073,52.578],[-122.5064,52.558],[-122.4527,52.5394],[-122.3874,52.543],[-122.2338,52.5417],[-122.2056,52.5682],[-122.2499,52.6061],[-122.2255,52.6143],[-122.2481,52.6883],[-122.188,52.7141],[-122.1192,52.7148],[-122.1512,52.7534],[-122.1721,52.8109],[-122.2531,52.858],[-122.293,52.9245],[-122.3216,52.9532],[-122.3216,52.9749],[-122.3678,53.0007],[-122.4409,52.9964],[-122.4816,53.0067]]]},"properties":{"id":"5941019","name":"Cariboo A"}},
{"type":"Feature","geometry":{"type":"Polygon","coordinates":[[[-122.646,53.3869],[-122.6982,53.3917],[-122.8368,53.3736],[-122.8848,53.3252],[-122.8849,53.3046],[-122.8807,53.1386],[-122.8721,53.0886],[-122.9097,53.0107],[-122.9104,52.9561],[-122.7825,52.9586],[-122.6889,52.9537],[-122.5424,52.9567],[-122.5394,52.9783],[-122.4816,53.0067],[-122.4449,53.0266],[-122.4396,53.0553],[-122.4139,53.0694],[-122.352,53.0695],[-122.3318,53.0816],[-122.328,53.2114],[-122.4112,53.2121],[-122.446,53.2608],[-122.4471,53.293],[-122.4896,53.3726],[-122.6125,53.3724],[-122.646,53.3869]]]},"properties":{"id":"5941021","name":"Cariboo B"}},
{"type":"Feature","geometry":{"type":"Polygon","coordinates":[[[-122.1629,53.4568],[-122.2754,53.456],[-122.3363,53.4501],[-122.3264,53.4117],[-122.3486,53.3735],[-122.4896,53.3726],[-122.4471,53.293],[-122.446,53.2608],[-122.4112,53.2121],[-122.328,53.2114],[-122.3318,53.0816],[-122.352,53.0695],[-122.4139,53.0694],[-122.4396,53.0553],[-122.4449,53.0266],[-122.4816,53.0067],[-122.4409,52.9964],[-122.3678,53.0007],[-122.3216,52.9749],[-122.3216,52.9532],[-122.293,52.9245],[-122.2531,52.858],[-122.1721,52.8109],[-122.1512,52.7534],[-122.1192,52.7148],[-121.9407,52.7145],[-121.9382,52.7431],[-121.7589,52.742],[-121.694,52.7198],[-121.6554,52.7384],[-121.5993,52.7251],[-121.582,52.7394],[-121.6165,52.7852],[-121.5911,52.8072],[-121.6204,52.824],[-121.6045,52.8605],[-121.5296,52.8694],[-121.4678,52.8488],[-121.4227,52.8756],[-121.3438,52.8712],[-121.2818,52.8991],[-121.242,52.9262],[-121.1905,52.9242],[-121.1428,52.9395],[-121.1204,52.8698],[-121.0572,52.8831],[-120.9953,52.8804],[-120.9346,52.8577],[-120.8872,52.8868],[-120.7896,52.9085],[-120.7018,52.9055],[-120.6634,52.9322],[-120.6112,52.9137],[-120.5698,52.9202],[-120.5926,52.9463],[-120.5352,52.9559],[-120.5449,52.9761],[-120.5023,52.9911],[-120.4531,52.9933],[-120.4884,53.0546],[-120.4253,53.0678],[-120.4171,53.1002],[-120.4626,53.1247],[-120.4667,53.1491],[-120.6272,53.214],[-120.715,53.2645],[-120.7875,53.2566],[-120.8112,53.2879],[-120.853,53.2816],[-120.9228,53.3071],[-120.972,53.2788],[-120.9802,53.3136],[-121.0182,53.3298],[-120.9983,53.383],[-121.0083,53.4304],[-121.0735,53.3932],[-121.135,53.3946],[-121.16,53.3813],[-121.2282,53.3847],[-121.264,53.4032],[-121.2883,53.4457],[-121.5554,53.4394],[-121.5713,53.4526],[-121.814,53.4569],[-122.1629,53.4568]]]},"properties":{"id":"5941026","name":"Cariboo C"}},
{"type":"Feature","geometry":{"type":"Polygon","coordinates":[[[-124.5006,53.5275],[-124.5185,53.477],[-124.5521,53.4624],[-124.5233,53.4024],[-124.6288,53.386],[-124.6473,53.4076],[-124.7366,53.3546],[-124.8059,53.3691],[-124.8551,53.3965],[-124.8988,53.4353],[-124.9838,53.4315],[-125.0017,53.4468],[-124.9963,53.2418],[-125.0006,53.1904],[-125.0003,53.0003],[-124.5,52.9999],[-124.0007,53.0007],[-123.9952,52.8776],[-124.0032,52.864],[-124.0028,52.7125],[-123.9968,52.6663],[-123.9974,52.5014],[-123.3063,52.501],[-122.6827,52.5074],[-122.4781,52.5066],[-122.4358,52.5031],[-122.4527,52.5394],[-122.5064,52.558],[-122.5073,52.578],[-122.4757,52.6026],[-122.467,52.6289],[-122.4937,52.6466],[-122.4568,52.6788],[-122.4857,52.7073],[-122.4808,52.7627],[-122.4593,52.7793],[-122.4473,52.871],[-122.4746,52.9002],[-122.4897,52.9419],[-122.5394,52.9783],[-122.5424,52.9567],[-122.6889,52.9537],[-122.7825,52.9586],[-122.9104,52.9561],[-122.9097,53.0107],[-122.8721,53.0886],[-122.8807,53.1386],[-122.8849,53.3046],[-123.0042,53.2753],[-123.0578,53.2995],[-123.1427,53.2873],[-123.2085,53.3012],[-123.3051,53.2836],[-123.3017,53.4702],[-123.419,53.4702],[-123.4199,53.4835],[-123.9976,53.4843],[-123.9976,53.444],[-124.0466,53.4322],[-124.0859,53.435],[-124.1366,53.4082],[-124.2154,53.4207],[-124.2157,53.4437],[-124.2538,53.4665],[-124.3056,53.4554],[-124.381,53.4548],[-124.3862,53.4853],[-124.5006,53.5275]]]},"properties":{"id":"5941027","name":"Cariboo I"}},
{"type":"Feature","geometry":{"type":"Polygon","coordinates":[[[-125.0003,53.0003],[-125.7508,53.0004],[-126.2497,53.0001],[-126.6091,53.0003],[-126.6461,52.9419],[-126.5978,52.9135],[-126.5873,52.8794],[-126.6392,52.846],[-126.6011,52.813],[-126.5535,52.8153],[-126.5303,52.7752],[-126.4162,52.7942],[-126.3702,52.8229],[-126.3357,52.8295],[-126.3335,52.7516],[-126.3611,52.7069],[-126.4114,52.6889],[-126.4166,52.6615],[-126.4457,52.6542],[-126.4131,52.6148],[-126.4105,52.5932],[-126.3588,52.5351],[-126.318,52.5183],[-126.3008,52.5453],[-126.2704,52.5412],[-126.2201,52.4963],[-126.134,52.5552],[-126.136,52.5769],[-126.0842,52.5917],[-126.0468,52.5816],[-125.988,52.6193],[-125.8849,52.6282],[-125.8506,52.5768],[-125.7994,52.5252],[-125.7541,52.508],[-125.7352,52.4798],[-125.6205,52.5112],[-125.5301,52.497],[-125.456,52.4715],[-125.4894,52.432],[-125.4664,52.3988],[-125.4297,52.4045],[-125.3586,52.3807],[-125.3437,52.3449],[-125.3828,52.3296],[-125.4394,52.2762],[-125.4775,52.2801],[-125.5027,52.2293],[-125.4514,52.2046],[-125.4827,52.1775],[-125.5992,52.1585],[-125.6688,52.122],[-125.6591,52.0606],[-125.6234,52.0488],[-125.5796,52.0556],[-125.6163,51.9879],[-125.5858,51.9517],[-125.5753,51.9134],[-125.544,51.9105],[-125.5155,51.9339],[-125.4875,51.9158],[-125.5013,51.8784],[-125.4278,51.8418],[-125.3795,51.7893],[-125.2547,51.7651],[-125.2377,51.7486],[-125.2565,51.7232],[-125.2351,51.7],[-125.2471,51.6797],[-125.2329,51.6405],[-125.292,51.6093],[-125.296,51.5894],[-125.2379,51.5721],[-125.2632,51.5521],[-125.2523,51.5269],[-125.289,51.5048],[-125.2896,51.4756],[-125.3269,51.4537],[-125.3386,51.4091],[-125.3146,51.3899],[-125.2667,51.3769],[-125.251,51.3937],[-125.1771,51.3986],[-125.1312,51.3641],[-125.009,51.3497],[-124.9653,51.3282],[-124.8879,51.3304],[-124.8791,51.3209],[-124.7998,51.3054],[-124.7823,51.2891],[-124.762,51.2382],[-124.7147,51.2256],[-124.6866,51.2045],[-124.6558,51.2072],[-124.5808,51.1811],[-124.5448,51.1795],[-124.4338,51.1484],[-124.4025,51.1881],[-124.3509,51.1469],[-124.2973,51.1374],[-124.2453,51.1485],[-124.1853,51.1353],[-124.1552,51.0366],[-124.0871,51.0097],[-124.0599,50.9589],[-124.0277,50.9444],[-123.9958,50.9627],[-123.9367,50.9362],[-123.8819,50.9486],[-123.8046,50.9112],[-123.7587,50.905],[-123.7582,50.8835],[-123.6622,50.8804],[-123.6551,50.9015],[-123.6071,50.9016],[-123.5774,50.9313],[-123.5526,50.9281],[-123.4517,50.9808],[-123.4023,50.9882],[-123.2434,51.0004],[-123.2493,51.044],[-123.2703,51.0808],[-123.3882,51.1096],[-123.548,51.1604],[-123.5866,51.2023],[-123.5948,51.2276],[-123.5864,51.2778],[-123.6099,51.3096],[-123.6339,51.3868],[-123.6714,51.4404],[-123.7082,51.4698],[-123.6743,51.5211],[-123.7331,51.6001],[-123.7496,51.6691],[-123.7213,51.6813],[-123.6969,51.7226],[-123.6533,51.746],[-123.6579,51.8047],[-123.6893,51.8528],[-123.6973,51.8936],[-123.6627,51.9536],[-123.6923,51.9933],[-123.6097,52.0285],[-123.5505,52.0682],[-123.5686,52.0809],[-123.6164,52.077],[-123.6759,52.1041],[-123.6936,52.1407],[-123.7207,52.1598],[-123.7625,52.1665],[-123.7901,52.1852],[-123.8264,52.1815],[-123.8617,52.2319],[-123.8855,52.243],[-123.9397,52.3011],[-123.9964,52.3156],[-123.9974,52.5014],[-123.9968,52.6663],[-124.0028,52.7125],[-124.0032,52.864],[-123.9952,52.8776],[-124.0007,53.0007],[-124.5,52.9999],[-125.0003,53.0003]]]},"properties":{"id":"5941039","name":"Cariboo J"}},
{"type":"Feature","geometry":{"type":"Polygon","coordinates":[[[-122.4358,52.5031],[-122.4781,52.5066],[-122.6827,52.5074],[-123.3063,52.501],[-123.9974,52.5014],[-123.9964,52.3156],[-123.9397,52.3011],[-123.8855,52.243],[-123.8617,52.2319],[-123.8264,52.1815],[-123.7901,52.1852],[-123.7625,52.1665],[-123.7207,52.1598],[-123.6936,52.1407],[-123.6759,52.1041],[-123.6164,52.077],[-123.5686,52.0809],[-123.5505,52.0682],[-123.6097,52.0285],[-123.6923,51.9933],[-123.6627,51.9536],[-123.6973,51.8936],[-123.6893,51.8528],[-123.6579,51.8047],[-123.6533,51.746],[-123.6969,51.7226],[-123.7213,51.6813],[-123.7496,51.6691],[-123.7331,51.6001],[-123.6743,51.5211],[-123.7082,51.4698],[-123.6714,51.4404],[-123.6339,51.3868],[-123.6099,51.3096],[-123.5864,51.2778],[-123.5948,51.2276],[-123.5866,51.2023],[-123.548,51.1604],[-123.3882,51.1096],[-123.2703,51.0808],[-123.2493,51.044],[-123.1823,51.0723],[-123.1467,51.1227],[-123.0881,51.1327],[-123.0503,51.1498],[-123.0591,51.181],[-123.0332,51.2007],[-122.9053,51.1839],[-122.8225,51.1448],[-122.776,51.1376],[-122.743,51.1591],[-122.6752,51.0987],[-122.626,51.0799],[-122.5794,51.1034],[-122.6025,51.1426],[-122.5898,51.1766],[-122.558,51.1844],[-122.5303,51.2092],[-122.5713,51.2476],[-122.6309,51.2488],[-122.6749,51.2744],[-122.6757,51.3023],[-122.6516,51.3185],[-122.6134,51.3725],[-122.6344,51.3948],[-122.6245,51.417],[-122.5594,51.4358],[-122.5597,51.4851],[-122.4692,51.4821],[-122.4025,51.5166],[-122.3304,51.5242],[-122.2823,51.5159],[-122.179,51.5161],[-122.1791,51.5445],[-122.2916,51.5529],[-122.2937,51.5841],[-122.3599,51.6916],[-122.363,51.7203],[-122.3935,51.7288],[-122.3934,51.7838],[-122.4058,51.793],[-122.396,51.8802],[-122.3289,51.885],[-122.2788,51.9218],[-122.2651,52.0143],[-122.2801,52.0529],[-122.2844,52.1064],[-122.2724,52.1577],[-122.2798,52.2195],[-122.264,52.2539],[-122.2878,52.2953],[-122.2756,52.3188],[-122.2894,52.3411],[-122.3745,52.3623],[-122.4102,52.4476],[-122.4346,52.4779],[-122.4358,52.5031]]]},"properties":{"id":"5941041","name":"Cariboo K"}},
{"type":"Feature","geometry":{"type":"MultiPolygon","coordinates":[[[[-126.8527,50.9458],[-126.8542,50.9199],[-126.8017,50.9215],[-126.8151,50.9456],[-126.8527,50.9458]]],[[[-126.6405,50.7188],[-126.6755,50.7048],[-126.6565,50.6805],[-126.611,50.7051],[-126.6405,50.7188]]],[[[-126.7151,50.7582],[-126.7069,50.7403],[-126.6597,50.7401],[-126.6702,50.7686],[-126.7151,50.7582]]],[[[-126.7679,50.5888],[-126.7874,50.5714],[-126.7445,50.5577],[-126.7165,50.5806],[-126.7679,50.5888]]],[[[-127.5914,51.0837],[-127.6072,51.0643],[-127.583,51.0461],[-127.525,51.0561],[-127.5194,51.0878],[-127.5914,51.0837]]],[[[-126.6768,50.5915],[-126.6398,50.5526],[-126.5301,50.5579],[-126.5209,50.5789],[-126.5818,50.5939],[-126.6511,50.586],[-126.6768,50.5915]]],[[[-127.9803,50.9199],[-127.9862,50.905],[-127.8737,50.8889],[-127.8325,50.9048],[-127.8669,50.9336],[-127.9043,50.9432],[-127.9433,50.9222],[-127.9803,50.9199]]],[[[-126.8599,50.8824],[-126.8872,50.8661],[-126.8867,50.8404],[-126.8139,50.8395],[-126.7356,50.8648],[-126.7626,50.8834],[-126.8062,50.8912],[-126.8599,50.8824]]],[[[-126.5585,50.6096],[-126.4893,50.5753],[-126.4014,50.5947],[-126.344,50.6277],[-126.4747,50.6286],[-126.5585,50.6096]]],[[[-127.834,50.8903],[-127.8394,50.8765],[-127.76,50.8613],[-127.6701,50.8357],[-127.6592,50.8704],[-127.7239,50.9155],[-127.834,50.8903]]],[[[-127.1039,50.6731],[-127.1623,50.642],[-127.1325,50.6285],[-127.0292,50.6381],[-126.9854,50.6283],[-126.8871,50.62],[-126.8584,50.634],[-126.8701,50.656],[-126.9303,50.6545],[-126.9684,50.6639],[-127.0265,50.6566],[-127.1039,50.6731]]],[[[-126.919,50.8326],[-126.8361,50.7783],[-126.7959,50.7674],[-126.7073,50.7759],[-126.6694,50.7906],[-126.5938,50.7882],[-126.5637,50.8039],[-126.5806,50.8316],[-126.7092,50.8478],[-126.7334,50.8399],[-126.9064,50.8365],[-126.919,50.8326]]],[[[-126.6776,50.5501],[-126.6094,50.5239],[-126.5451,50.5266],[-126.5061,50.5169],[-126.4171,50.5156],[-126.3143,50.526],[-126.2914,50.5402],[-126.2217,50.5471],[-126.2075,50.5771],[-126.2406,50.5795],[-126.2953,50.6116],[-126.3163,50.5907],[-126.3956,50.5867],[-126.472,50.5547],[-126.5848,50.5457],[-126.6776,50.5501]]],[[[-126.4182,50.8078],[-126.4258,50.7842],[-126.4577,50.7803],[-126.5098,50.7451],[-126.5559,50.7411],[-126.5643,50.7162],[-126.6034,50.6997],[-126.5934,50.6602],[-126.559,50.6446],[-126.4525,50.6443],[-126.4149,50.6596],[-126.325,50.645],[-126.2684,50.6552],[-126.2583,50.6986],[-126.228,50.7256],[-126.1962,50.7272],[-126.1578,50.7474],[-126.2129,50.7702],[-126.2289,50.8223],[-126.2779,50.8328],[-126.4182,50.8078]]],[[[-126.11,50.4538],[-126.1595,50.455],[-126.2534,50.4733],[-126.4028,50.4832],[-126.4349,50.4772],[-126.5393,50.4887],[-126.5882,50.4807],[-126.6613,50.5098],[-126.8216,50.5502],[-126.9033,50.5607],[-126.9681,50.5601],[-126.98,50.5805],[-127.1342,50.5918],[-127.1298,50.6128],[-127.1927,50.61],[-127.2151,50.6284],[-127.2817,50.6584],[-127.3055,50.6601],[-127.4253,50.7042],[-127.4068,50.7433],[-127.4411,50.747],[-127.4964,50.7329],[-127.488,50.767],[-127.5973,50.7907],[-127.6686,50.8148],[-127.7808,50.8414],[-127.8672,50.8545],[-127.9061,50.8748],[-127.9604,50.872],[-128.0091,50.8591],[-128.097,50.8683],[-128.1327,50.8379],[-128.1772,50.8433],[-128.2115,50.834],[-128.2489,50.8034],[-128.3152,50.7951],[-128.4142,50.7679],[-128.4091,50.7419],[-128.3734,50.7167],[-128.3777,50.6911],[-128.3096,50.6653],[-128.3276,50.6369],[-128.3035,50.6087],[-128.2396,50.5909],[-128.2406,50.5673],[-128.2069,50.5291],[-128.1373,50.503],[-128.1101,50.4726],[-128.0816,50.4792],[-128.0587,50.4521],[-128.0097,50.4698],[-127.798,50.4924],[-127.6451,50.5369],[-127.5701,50.5344],[-127.5592,50.5543],[-127.6154,50.5805],[-127.7463,50.5883],[-127.707,50.6036],[-127.6511,50.6073],[-127.58,50.5915],[-127.5542,50.5687],[-127.5692,50.502],[-127.5011,50.4447],[-127.4818,50.4187],[-127.4974,50.3947],[-127.5664,50.4777],[-127.6855,50.4906],[-127.732,50.4785],[-127.7699,50.4828],[-127.8098,50.4571],[-127.8433,50.4705],[-127.8909,50.454],[-127.9327,50.4654],[-127.9751,50.329],[-127.9501,50.3192],[-127.8741,50.344],[-127.8544,50.2843],[-127.7965,50.2465],[-127.7871,50.2235],[-127.8358,50.1702],[-127.9191,50.1284],[-127.8954,50.1154],[-127.8608,50.1422],[-127.8034,50.1416],[-127.7362,50.1638],[-127.7347,50.1897],[-127.6619,50.2398],[-127.5981,50.2671],[-127.5991,50.2811],[-127.5421,50.2921],[-127.5262,50.2789],[-127.4104,50.2505],[-127.3823,50.2605],[-127.3339,50.232],[-127.2911,50.2401],[-127.2969,50.2768],[-127.2656,50.2843],[-127.2255,50.2645],[-127.1615,50.2875],[-127.0948,50.3403],[-127.0468,50.3232],[-127.0245,50.2883],[-126.9984,50.2779],[-126.9885,50.2249],[-126.9905,50.1816],[-126.9037,50.1902],[-126.8396,50.1388],[-126.8219,50.1697],[-126.7813,50.1567],[-126.791,50.1248],[-126.7471,50.1035],[-126.7141,50.1148],[-126.647,50.0911],[-126.6516,50.0736],[-126.6954,50.0618],[-126.6932,50.0326],[-126.659,50.0184],[-126.6279,50.0282],[-126.5587,50.0295],[-126.5472,50.0136],[-126.5716,49.9902],[-126.494,49.9639],[-126.4695,49.929],[-126.3888,49.9068],[-126.3488,49.9201],[-126.3566,49.9426],[-126.326,49.9538],[-126.2631,50.0001],[-126.2263,50.0162],[-126.2341,50.0518],[-126.2542,50.069],[-126.2257,50.1232],[-126.1603,50.1214],[-126.1008,50.1595],[-126.0932,50.1781],[-126.0446,50.1806],[-126.0277,50.2592],[-125.9954,50.2822],[-126.0423,50.3127],[-126.0548,50.3396],[-125.9949,50.3404],[-126.056,50.4046],[-126.1111,50.3976],[-126.11,50.4538]]],[[[-125.5753,51.9134],[-125.6116,51.9033],[-125.6786,51.9432],[-125.7208,52.0085],[-125.7771,52.0009],[-125.8146,51.9754],[-125.8559,51.9774],[-125.8808,51.9634],[-125.8706,51.9109],[-125.9144,51.8902],[-125.9271,51.8178],[-125.9716,51.7888],[-125.9502,51.7756],[-125.9622,51.7474],[-125.9973,51.7284],[-125.9912,51.6883],[-125.9552,51.6922],[-125.9507,51.6484],[-125.9103,51.6143],[-125.9324,51.5956],[-125.9818,51.5807],[-126.0281,51.5999],[-126.053,51.5656],[-126.118,51.5183],[-126.099,51.4751],[-126.1497,51.4606],[-126.1724,51.4359],[-126.2171,51.454],[-126.2927,51.4542],[-126.3456,51.4621],[-126.389,51.4817],[-126.4511,51.4764],[-126.4818,51.4425],[-126.5284,51.4182],[-126.5854,51.4063],[-126.6199,51.4434],[-126.7074,51.4603],[-126.7236,51.4349],[-126.6991,51.4097],[-126.7255,51.3452],[-126.7502,51.3333],[-126.764,51.3013],[-126.8102,51.2991],[-126.8406,51.323],[-126.8921,51.3067],[-126.9238,51.2779],[-126.9225,51.242],[-126.9973,51.2407],[-127.0735,51.2296],[-127.1551,51.2072],[-127.1945,51.204],[-127.235,51.2194],[-127.3234,51.2093],[-127.391,51.2285],[-127.4529,51.2245],[-127.4568,51.2043],[-127.6108,51.1915],[-127.7382,51.1887],[-127.7491,51.1587],[-127.7218,51.1352],[-127.6797,51.1309],[-127.6572,51.087],[-127.5947,51.09],[-127.5411,51.1029],[-127.5494,51.1319],[-127.482,51.1414],[-127.4319,51.1345],[-127.2717,51.1383],[-127.1307,51.1292],[-127.1318,51.1194],[-127.3132,51.1283],[-127.3971,51.1239],[-127.4729,51.1284],[-127.5375,51.1161],[-127.4057,51.0835],[-127.4042,51.066],[-127.3482,51.041],[-127.3002,51.0601],[-127.2777,51.0544],[-127.1558,51.0532],[-127.1011,51.0609],[-127.0157,51.0838],[-126.947,51.0755],[-126.9174,51.086],[-126.8281,51.0758],[-126.7925,51.0818],[-126.7501,51.1182],[-126.6743,51.1546],[-126.6604,51.14],[-126.7162,51.1202],[-126.7668,51.0682],[-126.9688,51.0559],[-127.0167,51.0599],[-127.1422,51.0381],[-127.3035,51.0437],[-127.3182,51.0318],[-127.3681,51.043],[-127.4906,51.096],[-127.5064,51.0929],[-127.5249,51.0147],[-127.512,50.9928],[-127.4689,50.9754],[-127.405,50.9276],[-127.3468,50.9242],[-127.3363,50.9054],[-127.2707,50.9132],[-127.2188,50.8854],[-127.1598,50.873],[-127.0466,50.8216],[-126.9442,50.8504],[-126.9072,50.8738],[-126.9112,50.8934],[-127.0281,50.8868],[-127.0518,50.9068],[-126.9091,50.8948],[-126.8676,50.9428],[-126.8645,50.9581],[-126.8525,50.947],[-126.8361,50.9483],[-126.8291,50.9586],[-126.8075,50.9541],[-126.794,50.9618],[-126.8003,50.9788],[-126.7972,51.0018],[-126.7849,50.9997],[-126.7912,50.9696],[-126.7818,50.9582],[-126.8101,50.9537],[-126.7695,50.927],[-126.7582,50.8992],[-126.7167,50.8726],[-126.6255,50.886],[-126.5114,50.9417],[-126.5499,51.0029],[-126.5157,51.0379],[-126.4839,50.9622],[-126.3906,50.9317],[-126.3093,50.9339],[-126.229,50.9239],[-126.2562,50.9059],[-126.3114,50.9171],[-126.4041,50.9163],[-126.4636,50.9235],[-126.5485,50.8977],[-126.539,50.8818],[-126.5664,50.8335],[-126.5092,50.8293],[-126.4844,50.8137],[-126.3744,50.8326],[-126.3277,50.8507],[-126.2165,50.8325],[-126.1874,50.782],[-126.1106,50.7551],[-126.1284,50.7343],[-126.1931,50.7132],[-126.1824,50.6683],[-126.0992,50.6742],[-126.022,50.6961],[-125.9582,50.6852],[-125.8514,50.7024],[-125.7317,50.7074],[-125.7103,50.7233],[-125.7226,50.7452],[-125.6519,50.8085],[-125.6815,50.8178],[-125.6828,50.876],[-125.6396,50.9001],[-125.5707,50.9025],[-125.5499,50.9497],[-125.5915,50.9657],[-125.5784,50.9864],[-125.5909,51.0364],[-125.6344,51.0665],[-125.5892,51.082],[-125.5384,51.0436],[-125.5365,50.977],[-125.5051,50.9552],[-125.5048,50.9313],[-125.5628,50.8649],[-125.6149,50.8745],[-125.647,50.852],[-125.634,50.8247],[-125.5909,50.796],[-125.6159,50.7589],[-125.6658,50.7504],[-125.6954,50.6917],[-125.8507,50.6785],[-125.8654,50.6682],[-126.0032,50.6678],[-126.1148,50.6432],[-126.1751,50.6476],[-126.2109,50.6375],[-126.2939,50.632],[-126.2623,50.5923],[-126.1896,50.5802],[-126.0774,50.6173],[-126.0403,50.619],[-125.9746,50.6424],[-125.941,50.6327],[-125.8743,50.634],[-125.8485,50.6212],[-125.8278,50.5737],[-125.7404,50.6051],[-125.6629,50.5963],[-125.6052,50.6094],[-125.5616,50.6846],[-125.5757,50.7095],[-125.5376,50.7351],[-125.5499,50.7741],[-125.5032,50.7942],[-125.544,50.8329],[-125.5049,50.8429],[-125.497,50.9007],[-125.4116,50.9438],[-125.2528,50.9627],[-125.2548,50.9882],[-125.28,51.0107],[-125.309,51.007],[-125.3251,51.0459],[-125.2836,51.0476],[-125.2429,51.0642],[-125.253,51.0828],[-125.2967,51.1035],[-125.2826,51.1688],[-125.3054,51.1969],[-125.3315,51.1997],[-125.3286,51.2497],[-125.284,51.283],[-125.2251,51.3019],[-125.2037,51.3232],[-125.2667,51.3769],[-125.3146,51.3899],[-125.3386,51.4091],[-125.3269,51.4537],[-125.2896,51.4756],[-125.289,51.5048],[-125.2523,51.5269],[-125.2632,51.5521],[-125.2379,51.5721],[-125.296,51.5894],[-125.292,51.6093],[-125.2329,51.6405],[-125.2471,51.6797],[-125.2351,51.7],[-125.2565,51.7232],[-125.2377,51.7486],[-125.2547,51.7651],[-125.3795,51.7893],[-125.4278,51.8418],[-125.5013,51.8784],[-125.4875,51.9158],[-125.5155,51.9339],[-125.544,51.9105],[-125.5753,51.9134]]]]},"properties":{"id":"5943031","name":"Mount Waddington C"}},
{"type":"Feature","geometry":{"type":"MultiPolygon","coordinates":[[[[-127.7308,51.5101],[-127.7631,51.4939],[-127.7219,51.4664],[-127.701,51.5078],[-127.7308,51.5101]]],[[[-128.1126,51.7837],[-128.1276,51.7634],[-128.085,51.7499],[-128.0768,51.7825],[-128.1126,51.7837]]],[[[-128.4564,52.3505],[-128.4455,52.3184],[-128.3963,52.3229],[-128.3835,52.3603],[-128.4564,52.3505]]],[[[-128.4302,52.0027],[-128.4772,51.9545],[-128.4247,51.9423],[-128.4095,51.9952],[-128.4302,52.0027]]],[[[-127.5792,51.574],[-127.6267,51.538],[-127.6429,51.5099],[-127.6154,51.4836],[-127.5844,51.5272],[-127.5639,51.5335],[-127.5792,51.574]]],[[[-128.2738,52.2154],[-128.3031,52.1987],[-128.3283,52.1557],[-128.3065,52.1285],[-128.2249,52.2217],[-128.2738,52.2154]]],[[[-127.5957,51.3035],[-127.5736,51.2707],[-127.4879,51.2747],[-127.474,51.3006],[-127.5149,51.3082],[-127.5957,51.3035]]],[[[-128.3679,52.2374],[-128.3771,52.1525],[-128.2658,52.2247],[-128.3679,52.2374]]],[[[-128.4344,52.2372],[-128.4704,52.2045],[-128.4981,52.164],[-128.3936,52.1617],[-128.399,52.1946],[-128.377,52.2357],[-128.4344,52.2372]]],[[[-128.01,51.732],[-128.0808,51.6831],[-128.0751,51.6594],[-127.9663,51.6545],[-127.9939,51.7278],[-128.01,51.732]]],[[[-128.0968,52.2925],[-128.0999,52.2712],[-128.1512,52.2608],[-128.154,52.2417],[-128.1073,52.2256],[-128.0799,52.2312],[-128.0344,52.2724],[-128.0029,52.2871],[-128.0462,52.3092],[-128.0968,52.2925]]],[[[-128.3992,52.4582],[-128.431,52.4038],[-128.4787,52.396],[-128.4592,52.364],[-128.3769,52.3645],[-128.3309,52.41],[-128.2866,52.4249],[-128.2868,52.4763],[-128.3992,52.4582]]],[[[-128.1725,52.2832],[-128.1279,52.2822],[-128.0774,52.3157],[-128.0466,52.3207],[-128.0798,52.4106],[-128.1191,52.407],[-128.155,52.3683],[-128.1736,52.3285],[-128.2052,52.2995],[-128.1725,52.2832]]],[[[-127.9823,52.3018],[-128.0049,52.2782],[-128.0167,52.235],[-128.0629,52.2281],[-128.0957,52.2039],[-128.0367,52.1754],[-127.989,52.177],[-127.9162,52.165],[-127.9066,52.1987],[-127.9157,52.2456],[-127.9546,52.2954],[-127.9823,52.3018]]],[[[-128.1158,52.1594],[-128.1352,52.148],[-128.1021,52.0905],[-128.0424,52.079],[-127.9961,52.0858],[-127.9425,52.0758],[-127.9184,52.1198],[-127.8903,52.1265],[-127.884,52.1553],[-128.0035,52.1697],[-128.0438,52.1576],[-128.1158,52.1594]]],[[[-128.1857,52.2111],[-128.235,52.1854],[-128.2656,52.1446],[-128.2721,52.0986],[-128.247,52.0791],[-128.252,52.0309],[-128.1874,52.0099],[-128.1853,52.0521],[-128.134,52.0883],[-128.1435,52.1754],[-128.1341,52.1968],[-128.1857,52.2111]]],[[[-128.0997,51.6879],[-128.1509,51.6445],[-128.1512,51.5995],[-128.1229,51.579],[-128.0876,51.4836],[-128.0375,51.4631],[-128.0044,51.4767],[-127.9511,51.4518],[-127.9384,51.4269],[-127.8986,51.4203],[-127.8764,51.4494],[-127.8863,51.4954],[-127.9124,51.5257],[-127.8952,51.5699],[-127.9214,51.6148],[-127.9598,51.645],[-128.0981,51.6562],[-128.0997,51.6879]]],[[[-128.1094,52.071],[-128.1559,52.0388],[-128.1632,52.0039],[-128.2045,51.9644],[-128.1923,51.9131],[-128.2444,51.8795],[-128.2013,51.8601],[-128.1154,51.8793],[-128.1274,51.8573],[-128.0758,51.7875],[-128.0282,51.8281],[-128.0107,51.8828],[-127.9729,51.9174],[-127.9465,52.0025],[-127.9597,52.0249],[-127.9507,52.0639],[-127.9871,52.0751],[-128.0885,52.0473],[-128.1094,52.071]]],[[[-127.3699,52.4045],[-127.3898,52.3867],[-127.4419,52.3774],[-127.4505,52.3332],[-127.493,52.311],[-127.5318,52.3087],[-127.6143,52.2671],[-127.6677,52.2672],[-127.7536,52.2435],[-127.8167,52.1953],[-127.8477,52.1626],[-127.8782,52.0976],[-127.8453,52.0543],[-127.89,52.0465],[-127.9027,52.0121],[-127.89,51.9706],[-127.892,51.9317],[-127.8441,51.9378],[-127.7717,51.9667],[-127.7139,51.9645],[-127.6959,51.9882],[-127.6962,52.0381],[-127.668,52.0742],[-127.6677,52.0967],[-127.6401,52.14],[-127.5721,52.1531],[-127.5662,52.1858],[-127.5175,52.1844],[-127.4928,52.213],[-127.457,52.2166],[-127.4382,52.2416],[-127.3594,52.2626],[-127.3185,52.2622],[-127.2816,52.2902],[-127.2419,52.3035],[-127.1963,52.3541],[-127.2363,52.3675],[-127.2497,52.3912],[-127.2306,52.4186],[-127.2757,52.4383],[-127.2958,52.412],[-127.3699,52.4045]]],[[[-126.6091,53.0003],[-126.6555,53.0312],[-126.7239,52.9926],[-126.7899,53.0005],[-126.8003,53.0743],[-126.8412,53.1104],[-126.8827,53.0839],[-126.9481,53.0935],[-126.9857,53.0722],[-127.0328,53.1142],[-127.0037,53.1588],[-127.0133,53.1892],[-127.0507,53.2066],[-126.9821,53.2785],[-127.0155,53.309],[-127.0698,53.2842],[-127.0745,53.2508],[-127.121,53.2397],[-127.1509,53.2812],[-127.2249,53.2503],[-127.2669,53.2775],[-127.3068,53.2155],[-127.3642,53.2212],[-127.3532,53.1867],[-127.4058,53.1843],[-127.4417,53.1609],[-127.4728,53.1243],[-127.4347,53.1179],[-127.4341,53.0885],[-127.3758,53.0864],[-127.3222,53.0676],[-127.2435,53.0164],[-127.2564,52.9789],[-127.2369,52.9618],[-127.2861,52.937],[-127.2977,52.9077],[-127.2494,52.8627],[-127.223,52.8508],[-127.2222,52.8224],[-127.3528,52.8083],[-127.3797,52.7837],[-127.3688,52.7557],[-127.4904,52.6926],[-127.5627,52.691],[-127.5883,52.7221],[-127.6164,52.7328],[-127.5972,52.7793],[-127.6792,52.7913],[-127.7188,52.771],[-127.72,52.7188],[-127.7822,52.6966],[-127.8098,52.6645],[-127.8902,52.6796],[-127.9125,52.676],[-127.9285,52.7171],[-127.9679,52.7082],[-128.0117,52.7195],[-128.1093,52.6792],[-128.1462,52.6251],[-128.1896,52.6074],[-128.1748,52.5755],[-128.1966,52.4837],[-128.2185,52.4788],[-128.251,52.4098],[-128.3115,52.399],[-128.3395,52.3718],[-128.3356,52.3303],[-128.3695,52.2897],[-128.2949,52.2559],[-128.2491,52.2982],[-128.2239,52.3354],[-128.1517,52.4093],[-128.1498,52.4307],[-128.0666,52.5111],[-128.0143,52.5293],[-128.0081,52.5054],[-128.0747,52.4594],[-128.0796,52.4216],[-128.0351,52.3279],[-127.9777,52.3144],[-127.9324,52.3174],[-127.9258,52.2808],[-127.9008,52.2589],[-127.8985,52.2246],[-127.8759,52.1984],[-127.7796,52.2761],[-127.7168,52.272],[-127.6741,52.2938],[-127.6313,52.2833],[-127.6063,52.3152],[-127.4886,52.3382],[-127.4822,52.3756],[-127.4342,52.4133],[-127.3253,52.4271],[-127.307,52.4534],[-127.2722,52.4627],[-127.2553,52.5428],[-127.2174,52.5678],[-127.1341,52.5938],[-127.1171,52.617],[-127.0373,52.6434],[-127.0335,52.6623],[-126.9683,52.7169],[-127.0023,52.7638],[-126.9954,52.8119],[-126.954,52.8039],[-126.9577,52.7622],[-126.9158,52.7222],[-126.9756,52.6778],[-126.9765,52.6431],[-127.0024,52.6255],[-127.0379,52.6285],[-127.0997,52.6057],[-127.1173,52.578],[-127.1567,52.5714],[-127.2268,52.5368],[-127.2377,52.5138],[-127.2183,52.4756],[-127.2323,52.4465],[-127.1879,52.4156],[-127.21,52.3951],[-127.1582,52.3419],[-127.0943,52.3337],[-126.9809,52.3355],[-126.9564,52.3666],[-126.8942,52.3737],[-126.7968,52.4001],[-126.7807,52.3753],[-126.8796,52.3629],[-126.9277,52.3494],[-126.9654,52.3121],[-126.9161,52.2525],[-126.9006,52.1968],[-126.8154,52.1611],[-126.7507,52.1143],[-126.7198,52.0754],[-126.6728,52.0426],[-126.6867,52.019],[-126.759,52.0848],[-126.8382,52.149],[-126.9271,52.1886],[-126.9576,52.2627],[-127.0061,52.3013],[-127.0325,52.3106],[-127.0823,52.2984],[-127.1529,52.317],[-127.2054,52.2932],[-127.2125,52.2733],[-127.2579,52.261],[-127.2976,52.2324],[-127.3395,52.2334],[-127.3997,52.2175],[-127.4266,52.1886],[-127.4581,52.1917],[-127.4324,52.1017],[-127.4914,52.1573],[-127.5264,52.1562],[-127.5442,52.1306],[-127.6109,52.1142],[-127.613,52.0964],[-127.6553,52.0296],[-127.6525,51.9887],[-127.7041,51.9411],[-127.7474,51.951],[-127.8089,51.9348],[-127.8774,51.9019],[-127.8681,51.8446],[-127.892,51.8282],[-127.8925,51.7971],[-127.8732,51.7616],[-127.8915,51.7152],[-127.8716,51.664],[-127.8249,51.6438],[-127.8109,51.624],[-127.7561,51.6429],[-127.721,51.6153],[-127.7888,51.5858],[-127.7996,51.5359],[-127.7343,51.5225],[-127.683,51.5357],[-127.6617,51.5168],[-127.5954,51.5661],[-127.5604,51.6069],[-127.5481,51.6381],[-127.4845,51.6464],[-127.458,51.6852],[-127.5139,51.6923],[-127.5487,51.6836],[-127.6091,51.7109],[-127.4853,51.6966],[-127.4353,51.6972],[-127.452,51.6705],[-127.3354,51.6927],[-127.2622,51.685],[-127.2657,51.6667],[-127.3838,51.6563],[-127.5077,51.6202],[-127.5241,51.5694],[-127.5211,51.5135],[-127.559,51.5033],[-127.5612,51.4732],[-127.6339,51.4304],[-127.6552,51.3948],[-127.7222,51.4006],[-127.7547,51.3695],[-127.7814,51.3678],[-127.7845,51.3343],[-127.7389,51.3192],[-127.658,51.3346],[-127.5245,51.3424],[-127.4939,51.3154],[-127.4398,51.3167],[-127.3305,51.3006],[-127.4544,51.2829],[-127.4687,51.2648],[-127.5953,51.2665],[-127.6023,51.2837],[-127.677,51.2724],[-127.7116,51.2556],[-127.7701,51.2469],[-127.7869,51.1631],[-127.7491,51.1587],[-127.7382,51.1887],[-127.6108,51.1915],[-127.4568,51.2043],[-127.4529,51.2245],[-127.391,51.2285],[-127.3234,51.2093],[-127.235,51.2194],[-127.1945,51.204],[-127.1551,51.2072],[-127.0735,51.2296],[-126.9973,51.2407],[-126.9225,51.242],[-126.9238,51.2779],[-126.8921,51.3067],[-126.8406,51.323],[-126.8102,51.2991],[-126.764,51.3013],[-126.7502,51.3333],[-126.7255,51.3452],[-126.6991,51.4097],[-126.7236,51.4349],[-126.7074,51.4603],[-126.6199,51.4434],[-126.5854,51.4063],[-126.5284,51.4182],[-126.4818,51.4425],[-126.4511,51.4764],[-126.389,51.4817],[-126.3456,51.4621],[-126.2927,51.4542],[-126.2171,51.454],[-126.1724,51.4359],[-126.1497,51.4606],[-126.099,51.4751],[-126.118,51.5183],[-126.053,51.5656],[-126.0281,51.5999],[-125.9818,51.5807],[-125.9324,51.5956],[-125.9103,51.6143],[-125.9507,51.6484],[-125.9552,51.6922],[-125.9912,51.6883],[-125.9973,51.7284],[-125.9622,51.7474],[-125.9502,51.7756],[-125.9716,51.7888],[-125.9271,51.8178],[-125.9144,51.8902],[-125.8706,51.9109],[-125.8808,51.9634],[-125.8559,51.9774],[-125.8146,51.9754],[-125.7771,52.0009],[-125.7208,52.0085],[-125.6786,51.9432],[-125.6116,51.9033],[-125.5753,51.9134],[-125.5858,51.9517],[-125.6163,51.9879],[-125.5796,52.0556],[-125.6234,52.0488],[-125.6591,52.0606],[-125.6688,52.122],[-125.5992,52.1585],[-125.4827,52.1775],[-125.4514,52.2046],[-125.5027,52.2293],[-125.4775,52.2801],[-125.4394,52.2762],[-125.3828,52.3296],[-125.3437,52.3449],[-125.3586,52.3807],[-125.4297,52.4045],[-125.4664,52.3988],[-125.4894,52.432],[-125.456,52.4715],[-125.5301,52.497],[-125.6205,52.5112],[-125.7352,52.4798],[-125.7541,52.508],[-125.7994,52.5252],[-125.8506,52.5768],[-125.8849,52.6282],[-125.988,52.6193],[-126.0468,52.5816],[-126.0842,52.5917],[-126.136,52.5769],[-126.134,52.5552],[-126.2201,52.4963],[-126.2704,52.5412],[-126.3008,52.5453],[-126.318,52.5183],[-126.3588,52.5351],[-126.4105,52.5932],[-126.4131,52.6148],[-126.4457,52.6542],[-126.4166,52.6615],[-126.4114,52.6889],[-126.3611,52.7069],[-126.3335,52.7516],[-126.3357,52.8295],[-126.3702,52.8229],[-126.4162,52.7942],[-126.5303,52.7752],[-126.5535,52.8153],[-126.6011,52.813],[-126.6392,52.846],[-126.5873,52.8794],[-126.5978,52.9135],[-126.6461,52.9419],[-126.6091,53.0003]]]]},"properties":{"id":"5945006","name":"Central Coast A"}},
{"type":"Feature","geometry":{"type":"MultiPolygon","coordinates":[[[[-129.2704,53.4011],[-129.261,53.3705],[-129.2232,53.3717],[-129.232,53.4086],[-129.2704,53.4011]]],[[[-130.6327,53.9206],[-130.6625,53.8997],[-130.6204,53.8748],[-130.5864,53.8918],[-130.6327,53.9206]]],[[[-130.4592,53.792],[-130.4726,53.777],[-130.4461,53.7497],[-130.4002,53.7791],[-130.4592,53.792]]],[[[-130.6431,54.1204],[-130.6523,54.1025],[-130.6177,54.0756],[-130.5714,54.0809],[-130.6029,54.1072],[-130.6431,54.1204]]],[[[-130.5771,53.8473],[-130.641,53.8124],[-130.5898,53.7882],[-130.5487,53.7877],[-130.5281,53.8141],[-130.5771,53.8473]]],[[[-129.9407,53.5474],[-129.9769,53.5211],[-130.0262,53.51],[-129.9747,53.4761],[-129.9277,53.4695],[-129.8922,53.5333],[-129.9407,53.5474]]],[[[-130.1862,54.0792],[-130.2242,54.0543],[-130.2063,54.0033],[-130.1473,53.9879],[-130.1296,54.0204],[-130.1612,54.0678],[-130.1862,54.0792]]],[[[-130.259,54.1946],[-130.2894,54.1518],[-130.2456,54.1168],[-130.1747,54.1242],[-130.1548,54.1506],[-130.223,54.1898],[-130.259,54.1946]]],[[[-129.4086,53.4087],[-129.4578,53.3752],[-129.4516,53.3605],[-129.3999,53.3407],[-129.3855,53.2954],[-129.3379,53.3013],[-129.3347,53.3627],[-129.4086,53.4087]]],[[[-130.7933,54.2161],[-130.8179,54.1655],[-130.7495,54.1438],[-130.6871,54.1075],[-130.6495,54.1146],[-130.6427,54.1409],[-130.7571,54.2073],[-130.7933,54.2161]]],[[[-130.3116,53.7968],[-130.298,53.7518],[-130.375,53.7168],[-130.4076,53.6867],[-130.3563,53.6293],[-130.2652,53.6015],[-130.1102,53.562],[-130.0942,53.5803],[-130.1207,53.6202],[-130.122,53.6929],[-130.1583,53.7097],[-130.2079,53.7109],[-130.2312,53.7256],[-130.2212,53.7503],[-130.2421,53.7925],[-130.3116,53.7968]]],[[[-130.5497,54.0566],[-130.5623,54.0318],[-130.6022,54.0329],[-130.6642,53.9941],[-130.6899,53.955],[-130.7226,53.9399],[-130.7321,53.9102],[-130.7112,53.8978],[-130.7217,53.8686],[-130.6904,53.8422],[-130.6447,53.8352],[-130.6115,53.8583],[-130.699,53.8928],[-130.7024,53.9107],[-130.6726,53.9435],[-130.6112,53.9489],[-130.5514,53.8978],[-130.4724,53.8922],[-130.5107,53.865],[-130.4692,53.842],[-130.3804,53.8236],[-130.3406,53.8297],[-130.335,53.8794],[-130.2795,53.9018],[-130.231,53.9521],[-130.2353,53.9787],[-130.3383,54.0633],[-130.3828,54.0893],[-130.4156,54.0895],[-130.5003,54.0643],[-130.5497,54.0566]]],[[[-130.5399,53.6274],[-130.5481,53.5514],[-130.4918,53.5352],[-130.488,53.5155],[-130.3876,53.505],[-130.4147,53.4668],[-130.2911,53.3798],[-130.2246,53.3758],[-130.1188,53.3242],[-130.0987,53.2731],[-130.048,53.2446],[-129.9618,53.1702],[-129.8766,53.1734],[-129.8678,53.1872],[-129.7824,53.166],[-129.7546,53.2177],[-129.7946,53.255],[-129.8047,53.2923],[-129.8674,53.335],[-129.9055,53.3918],[-129.9951,53.4538],[-130.1272,53.5186],[-130.2469,53.5699],[-130.3595,53.6014],[-130.4658,53.6378],[-130.5399,53.6274]]],[[[-130.2204,53.9067],[-130.2875,53.8686],[-130.2901,53.8236],[-130.2107,53.8104],[-130.2059,53.7214],[-130.1019,53.6982],[-130.099,53.6683],[-130.0618,53.5979],[-130.0086,53.5648],[-129.9562,53.5785],[-129.915,53.5694],[-129.879,53.5459],[-129.9054,53.4597],[-129.8337,53.4473],[-129.85,53.4179],[-129.8326,53.3874],[-129.7796,53.3711],[-129.7322,53.3304],[-129.6855,53.3077],[-129.6028,53.2206],[-129.4994,53.2171],[-129.5123,53.2583],[-129.4693,53.2937],[-129.4807,53.3518],[-129.4358,53.399],[-129.4402,53.427],[-129.5654,53.512],[-129.7062,53.5997],[-129.7397,53.6388],[-129.8446,53.7229],[-129.9331,53.7649],[-129.9485,53.7832],[-130.0268,53.8256],[-130.0343,53.8395],[-130.0951,53.8614],[-130.1278,53.8895],[-130.2204,53.9067]]],[[[-129.5813,54.1991],[-129.6275,54.1735],[-129.7201,54.206],[-129.7764,54.1984],[-129.8462,54.2152],[-129.9534,54.1782],[-129.9883,54.1431],[-130.0521,54.1475],[-130.0841,54.113],[-130.1025,54.0662],[-130.0853,54.0237],[-130.1092,53.9497],[-130.0724,53.8917],[-129.8952,53.7676],[-129.8282,53.7394],[-129.7857,53.7059],[-129.7386,53.6987],[-129.7138,53.6669],[-129.7575,53.6647],[-129.6879,53.5976],[-129.6469,53.5668],[-129.4739,53.4699],[-129.3553,53.3916],[-129.2817,53.3627],[-129.291,53.3965],[-129.2387,53.4238],[-129.2342,53.4496],[-129.2397,53.5667],[-129.2499,53.5747],[-129.2312,53.6311],[-129.2947,53.6981],[-129.2943,53.7092],[-129.3735,53.7965],[-129.3748,53.9407],[-129.3721,54.292],[-129.4491,54.2471],[-129.5,54.2369],[-129.545,54.2169],[-129.5641,54.2168],[-129.5813,54.1991]]]]},"properties":{"id":"5947021","name":"North Coast C"}},
{"type":"Feature","geometry":{"type":"MultiPolygon","coordinates":[[[[-130.8078,54.4922],[-130.8562,54.4561],[-130.8193,54.4507],[-130.7889,54.4731],[-130.8078,54.4922]]],[[[-132.1307,53.201],[-132.1105,53.189],[-132.0337,53.2042],[-132.0683,53.2201],[-132.1307,53.201]]],[[[-130.7862,54.4692],[-130.808,54.4485],[-130.7658,54.4141],[-130.731,54.4264],[-130.7862,54.4692]]],[[[-130.7767,54.3993],[-130.7738,54.3619],[-130.7093,54.3677],[-130.7214,54.4086],[-130.7767,54.3993]]],[[[-133.0595,54.2564],[-133.0432,54.2248],[-132.9788,54.1874],[-132.9687,54.2234],[-132.9815,54.2501],[-133.0595,54.2564]]],[[[-130.4472,54.3282],[-130.4731,54.3045],[-130.4081,54.2488],[-130.3675,54.2602],[-130.3882,54.3067],[-130.4472,54.3282]]],[[[-132.1411,53.8235],[-132.2035,53.7907],[-132.2154,53.7715],[-132.184,53.7144],[-132.1411,53.7496],[-132.1411,53.8235]]],[[[-130.2919,54.332],[-130.3529,54.3005],[-130.3606,54.2848],[-130.3359,54.2413],[-130.297,54.2576],[-130.26,54.255],[-130.2545,54.3103],[-130.2919,54.332]]],[[[-130.8949,54.6348],[-130.9328,54.6165],[-130.9359,54.5907],[-130.9714,54.5507],[-130.9646,54.4905],[-130.9467,54.4679],[-130.8456,54.5116],[-130.7588,54.5702],[-130.7523,54.6047],[-130.8866,54.6232],[-130.8949,54.6348]]],[[[-130.2175,54.7261],[-130.2679,54.7066],[-130.3693,54.6807],[-130.3925,54.6314],[-130.2916,54.5734],[-130.3029,54.5629],[-130.2152,54.4849],[-130.1505,54.4446],[-130.0556,54.3597],[-130.0754,54.3577],[-130.1727,54.4366],[-130.237,54.4758],[-130.3491,54.5863],[-130.4328,54.6373],[-130.4563,54.613],[-130.384,54.5613],[-130.4364,54.5569],[-130.4507,54.5295],[-130.4443,54.4901],[-130.3932,54.4599],[-130.4478,54.4571],[-130.4838,54.4388],[-130.4743,54.3901],[-130.4844,54.3743],[-130.4445,54.3365],[-130.3725,54.3194],[-130.2881,54.3471],[-130.2426,54.3016],[-130.2317,54.268],[-130.2727,54.2422],[-130.2879,54.2119],[-130.1777,54.1785],[-130.1296,54.1484],[-130.0611,54.174],[-130.0226,54.17],[-129.9848,54.1967],[-129.9539,54.2006],[-129.8628,54.2355],[-129.6789,54.2075],[-129.6212,54.1871],[-129.5881,54.2039],[-129.5829,54.218],[-129.5493,54.2212],[-129.5196,54.2378],[-129.5061,54.2384],[-129.5,54.2369],[-129.4491,54.2471],[-129.3721,54.292],[-129.3711,54.3565],[-129.4757,54.3682],[-129.4967,54.3849],[-129.525,54.4386],[-129.5651,54.4607],[-129.6537,54.4872],[-129.6923,54.5273],[-129.6586,54.5569],[-129.6582,54.5809],[-129.6872,54.5948],[-129.646,54.6291],[-129.5685,54.6356],[-129.546,54.6026],[-129.5012,54.6033],[-129.4746,54.6187],[-129.4639,54.6603],[-129.513,54.6584],[-129.567,54.6803],[-129.6843,54.6954],[-129.7011,54.7364],[-129.7539,54.7236],[-129.7954,54.7458],[-129.9656,54.6989],[-130.0588,54.7032],[-130.1399,54.7307],[-130.2175,54.7261]]],[[[-133.076,54.1819],[-133.043,54.1762],[-133.0829,54.1294],[-133.0695,54.0559],[-133.0503,54.0454],[-133.0788,54.0084],[-133.1188,54.0005],[-133.1135,53.9616],[-133.1503,53.8874],[-133.1096,53.8359],[-133.0841,53.8203],[-133.1283,53.7979],[-133.1126,53.7774],[-133.0607,53.7639],[-133.0207,53.7667],[-132.994,53.747],[-132.9822,53.6943],[-133.0078,53.6684],[-132.9523,53.6627],[-132.9337,53.6239],[-133.0031,53.5899],[-132.9338,53.5546],[-132.9379,53.5163],[-132.8891,53.499],[-132.886,53.4669],[-132.7297,53.4909],[-132.759,53.4559],[-132.689,53.449],[-132.6426,53.4251],[-132.5861,53.4245],[-132.522,53.4059],[-132.5225,53.3785],[-132.4326,53.3479],[-132.412,53.3208],[-132.4833,53.3223],[-132.5409,53.3657],[-132.6923,53.3653],[-132.7167,53.3767],[-132.7451,53.3339],[-132.6374,53.3154],[-132.6283,53.2912],[-132.7001,53.2855],[-132.6692,53.2592],[-132.6178,53.2461],[-132.567,53.2192],[-132.594,53.2034],[-132.5637,53.1759],[-132.4724,53.1353],[-132.3976,53.1378],[-132.3605,53.1534],[-132.3078,53.1582],[-132.2333,53.1454],[-132.1336,53.1776],[-132.1369,53.1953],[-132.214,53.2032],[-132.2461,53.2179],[-132.1251,53.252],[-131.9915,53.253],[-131.9659,53.3031],[-131.9261,53.3584],[-131.9339,53.3799],[-131.912,53.4318],[-131.9558,53.5125],[-131.9249,53.563],[-131.935,53.6156],[-131.8744,53.7088],[-131.8847,53.7702],[-131.8626,53.8069],[-131.7594,53.9121],[-131.708,53.9773],[-131.678,54.053],[-131.6596,54.1457],[-131.7907,54.0739],[-131.837,54.0689],[-131.8843,54.0505],[-131.9947,54.0285],[-132.1127,54.0312],[-132.1663,54.0405],[-132.1232,53.9685],[-132.1239,53.9284],[-132.097,53.9089],[-132.0908,53.8817],[-132.1292,53.8157],[-132.1403,53.7489],[-132.1592,53.712],[-132.2251,53.6674],[-132.3184,53.6763],[-132.3462,53.6643],[-132.3538,53.6244],[-132.4062,53.6066],[-132.462,53.6158],[-132.4085,53.6413],[-132.363,53.6752],[-132.4783,53.6552],[-132.5787,53.6611],[-132.5661,53.6887],[-132.4829,53.7026],[-132.4318,53.7222],[-132.4089,53.7456],[-132.3595,53.7587],[-132.2596,53.7647],[-132.223,53.7844],[-132.2035,53.8152],[-132.1279,53.8437],[-132.1076,53.8752],[-132.121,53.9059],[-132.1527,53.9306],[-132.153,53.9858],[-132.1881,54.0198],[-132.2505,54.0396],[-132.2383,54.0695],[-132.2918,54.1067],[-132.3532,54.1093],[-132.4337,54.1004],[-132.4843,54.0657],[-132.5228,54.0615],[-132.5639,54.0389],[-132.5894,53.9796],[-132.661,53.9656],[-132.683,53.9824],[-132.591,54.0246],[-132.5667,54.053],[-132.5828,54.1179],[-132.6613,54.1534],[-132.815,54.127],[-132.9178,54.1483],[-132.9459,54.1691],[-132.979,54.1656],[-133.0262,54.1844],[-133.076,54.1819]]]]},"properties":{"id":"5947027","name":"North Coast D"}},
{"type":"Feature","geometry":{"type":"MultiPolygon","coordinates":[[[[-131.4365,52.5637],[-131.3735,52.5436],[-131.3493,52.5682],[-131.4365,52.5637]]],[[[-131.7555,52.7693],[-131.7111,52.7457],[-131.6096,52.7518],[-131.6415,52.7783],[-131.6888,52.7689],[-131.7555,52.7693]]],[[[-132.3784,53.0052],[-132.3207,52.9773],[-132.3274,52.9635],[-132.1978,52.9769],[-132.216,52.9933],[-132.3345,53.008],[-132.3784,53.0052]]],[[[-132.5841,53.1521],[-132.5955,53.1296],[-132.5459,53.106],[-132.3932,53.1079],[-132.4077,53.1287],[-132.4915,53.1247],[-132.5841,53.1521]]],[[[-131.8409,52.8466],[-131.8138,52.8145],[-131.7398,52.8072],[-131.6939,52.8169],[-131.6971,52.8434],[-131.7613,52.8584],[-131.8409,52.8466]]],[[[-131.3493,52.4284],[-131.3681,52.4061],[-131.3502,52.3576],[-131.3088,52.355],[-131.3036,52.3835],[-131.2478,52.4207],[-131.2422,52.447],[-131.2837,52.4492],[-131.3493,52.4284]]],[[[-131.1145,52.1517],[-131.1314,52.1192],[-131.1125,52.0888],[-131.1145,52.0557],[-131.0778,52.0164],[-131.084,51.9784],[-131.0525,51.9555],[-131.0095,51.9828],[-131.0575,52.0202],[-131.0728,52.0637],[-131.0637,52.0795],[-130.9923,52.0584],[-130.9397,52.0775],[-130.9547,52.1047],[-131.0142,52.1043],[-131.0465,52.1183],[-131.0524,52.1495],[-131.1145,52.1517]]],[[[-131.6898,52.7327],[-131.7299,52.7076],[-131.6595,52.6628],[-131.6627,52.639],[-131.6065,52.5836],[-131.5463,52.5987],[-131.5963,52.6411],[-131.5659,52.6474],[-131.5199,52.6164],[-131.4635,52.6252],[-131.4634,52.6748],[-131.4454,52.7121],[-131.4949,52.7381],[-131.5319,52.725],[-131.555,52.7003],[-131.6277,52.7256],[-131.6898,52.7327]]],[[[-131.9269,53.0156],[-131.8934,52.9335],[-131.8179,52.8668],[-131.7946,52.8865],[-131.6952,52.8738],[-131.6598,52.8895],[-131.6203,52.9291],[-131.6423,52.944],[-131.6057,52.963],[-131.6616,52.9988],[-131.7547,53.0098],[-131.7832,53.0293],[-131.8781,53.0384],[-131.9269,53.0156]]],[[[-132.3222,53.1483],[-132.3938,53.1263],[-132.393,53.1039],[-132.4566,53.0958],[-132.575,53.0952],[-132.5331,53.0457],[-132.4981,53.0282],[-132.4469,53.0378],[-132.4069,53.0253],[-132.344,53.0453],[-132.308,53.0188],[-132.272,53.0207],[-132.1751,52.993],[-132.1794,52.9693],[-132.3566,52.9475],[-132.3643,52.9321],[-132.3261,52.8945],[-132.2614,52.8652],[-132.2642,52.8397],[-132.2335,52.8008],[-132.1757,52.7814],[-132.1352,52.7442],[-132.1084,52.7436],[-132.1002,52.7846],[-132.0396,52.8052],[-131.9705,52.7953],[-131.9574,52.7516],[-132.0034,52.7383],[-132.0358,52.7674],[-132.1063,52.7381],[-132.0455,52.6845],[-131.9774,52.6517],[-131.9329,52.6425],[-131.894,52.5781],[-131.8343,52.5604],[-131.7829,52.5117],[-131.6551,52.4734],[-131.6131,52.4178],[-131.5997,52.3775],[-131.5399,52.3392],[-131.5327,52.3175],[-131.4463,52.259],[-131.4298,52.2218],[-131.374,52.1968],[-131.3497,52.2068],[-131.2966,52.1552],[-131.2536,52.1294],[-131.2324,52.1577],[-131.1933,52.1235],[-131.1555,52.1264],[-131.1207,52.1663],[-131.0451,52.1633],[-131.0149,52.1815],[-131.0099,52.217],[-131.0683,52.218],[-131.087,52.2462],[-131.0954,52.2896],[-131.1363,52.2855],[-131.1372,52.3151],[-131.1735,52.3206],[-131.2991,52.2858],[-131.3419,52.3043],[-131.3619,52.375],[-131.3928,52.3997],[-131.427,52.3963],[-131.4183,52.4395],[-131.4803,52.4908],[-131.4786,52.5062],[-131.5753,52.5369],[-131.602,52.5205],[-131.6526,52.5408],[-131.6184,52.5671],[-131.6749,52.5808],[-131.6878,52.6217],[-131.7438,52.6939],[-131.7932,52.7151],[-131.8079,52.7564],[-131.7588,52.7878],[-131.8135,52.7965],[-131.8512,52.8333],[-131.8472,52.8633],[-131.8889,52.8919],[-131.9158,52.9735],[-131.9626,53.0157],[-131.9552,53.0372],[-131.8877,53.0642],[-131.8057,53.068],[-131.6558,53.0334],[-131.6314,53.0457],[-131.6453,53.1089],[-131.6878,53.1099],[-131.7082,53.1485],[-131.7771,53.1585],[-131.7731,53.1976],[-131.7886,53.2246],[-131.8366,53.2395],[-131.9118,53.2377],[-131.9869,53.1993],[-132.014,53.1984],[-132.0807,53.1484],[-132.161,53.1567],[-132.2005,53.1472],[-132.2023,53.1466],[-132.2089,53.145],[-132.2092,53.1449],[-132.2323,53.1393],[-132.2833,53.1518],[-132.2849,53.152],[-132.3133,53.1507],[-132.3222,53.1483]]]]},"properties":{"id":"5947032","name":"North Coast E"}},
{"type":"Feature","geometry":{"type":"MultiPolygon","coordinates":[[[[-129.3711,53.2815],[-129.3722,53.2368],[-129.3111,53.2822],[-129.3711,53.2815]]],[[[-129.6945,53.0661],[-129.6906,53.0494],[-129.631,53.0214],[-129.6223,53.0465],[-129.6945,53.0661]]],[[[-129.5752,53.0519],[-129.5986,53.0256],[-129.5701,53.0065],[-129.5311,53.026],[-129.5752,53.0519]]],[[[-129.3556,52.8574],[-129.3729,52.8206],[-129.326,52.7983],[-129.3136,52.8354],[-129.3556,52.8574]]],[[[-129.6707,53.014],[-129.6595,52.9806],[-129.6092,52.9553],[-129.578,53.0004],[-129.6321,53.021],[-129.6707,53.014]]],[[[-128.8917,53.775],[-128.9424,53.7496],[-129.0644,53.7082],[-129.0557,53.6802],[-128.9851,53.7169],[-128.9378,53.7105],[-128.898,53.7343],[-128.8917,53.775]]],[[[-128.4374,52.5447],[-128.4105,52.5105],[-128.4127,52.4657],[-128.3489,52.4831],[-128.2814,52.4867],[-128.2776,52.5176],[-128.3523,52.5242],[-128.4374,52.5447]]],[[[-129.7502,53.1322],[-129.7294,53.075],[-129.6248,53.0503],[-129.6023,53.0826],[-129.6787,53.1349],[-129.7502,53.1322]]],[[[-128.5101,52.8833],[-128.5269,52.7913],[-128.5374,52.7789],[-128.5447,52.7101],[-128.5255,52.645],[-128.5059,52.642],[-128.4756,52.7056],[-128.4846,52.7569],[-128.4563,52.7899],[-128.4659,52.8435],[-128.5101,52.8833]]],[[[-128.3436,52.7843],[-128.334,52.7351],[-128.31,52.7151],[-128.2711,52.6726],[-128.2886,52.6341],[-128.2912,52.5892],[-128.2498,52.6007],[-128.2085,52.6856],[-128.1747,52.7219],[-128.1572,52.7586],[-128.1456,52.8258],[-128.1753,52.831],[-128.2202,52.7877],[-128.3163,52.7798],[-128.3436,52.7843]]],[[[-129.5338,53.1849],[-129.5601,53.1713],[-129.5604,53.1315],[-129.5307,53.1326],[-129.472,53.0603],[-129.4356,53.0403],[-129.431,53.0123],[-129.3707,52.9753],[-129.3307,52.9604],[-129.2992,52.9714],[-129.3154,53.0457],[-129.3958,53.0896],[-129.4178,53.1267],[-129.4515,53.1463],[-129.4864,53.1905],[-129.5338,53.1849]]],[[[-128.7645,52.4726],[-128.7718,52.4157],[-128.739,52.335],[-128.6876,52.2848],[-128.6364,52.3093],[-128.6179,52.3298],[-128.6161,52.3648],[-128.6312,52.4153],[-128.6262,52.4596],[-128.6872,52.4865],[-128.718,52.4708],[-128.7645,52.4726]]],[[[-129.0226,53.5303],[-129.0656,53.492],[-129.0535,53.4484],[-129.1112,53.4041],[-129.1505,53.3471],[-129.1251,53.3125],[-129.0581,53.3329],[-128.9959,53.3365],[-128.9574,53.3128],[-128.9287,53.3267],[-128.9205,53.3974],[-128.9896,53.4687],[-129.0056,53.5301],[-129.0226,53.5303]]],[[[-129.2734,53.3263],[-129.2872,53.3197],[-129.2562,53.2694],[-129.344,53.2086],[-129.3492,53.1751],[-129.3265,53.1122],[-129.2635,53.0901],[-129.226,53.0907],[-129.1403,53.1186],[-129.1725,53.1553],[-129.1676,53.1998],[-129.1723,53.2844],[-129.2251,53.3158],[-129.2734,53.3263]]],[[[-128.3898,52.8051],[-128.4275,52.7794],[-128.452,52.7461],[-128.4294,52.7231],[-128.4493,52.6298],[-128.4358,52.5626],[-128.4237,52.5465],[-128.3524,52.5296],[-128.2921,52.5253],[-128.2934,52.6174],[-128.3028,52.6346],[-128.2878,52.6785],[-128.3136,52.7165],[-128.3465,52.7388],[-128.3526,52.7854],[-128.3898,52.8051]]],[[[-128.549,52.6774],[-128.5799,52.6275],[-128.5828,52.5988],[-128.6689,52.6071],[-128.7502,52.5955],[-128.7544,52.5679],[-128.7131,52.5328],[-128.7412,52.5144],[-128.8075,52.5525],[-128.8125,52.5173],[-128.7659,52.4861],[-128.7088,52.4822],[-128.6733,52.4925],[-128.626,52.4691],[-128.5213,52.4316],[-128.4808,52.4469],[-128.4663,52.4737],[-128.5179,52.5717],[-128.5151,52.5814],[-128.549,52.6774]]],[[[-129.0878,53.6731],[-129.176,53.6268],[-129.1832,53.5978],[-129.1686,53.5506],[-129.1789,53.5024],[-129.1736,53.4441],[-129.1492,53.4151],[-129.0807,53.4548],[-129.103,53.4925],[-129.0209,53.5578],[-128.9684,53.5737],[-128.9055,53.5592],[-128.8717,53.6347],[-128.8851,53.6623],[-128.8364,53.6882],[-128.8366,53.712],[-128.8772,53.7167],[-128.938,53.6945],[-128.9684,53.7069],[-129.0658,53.6707],[-129.0878,53.6731]]],[[[-129.2903,52.8219],[-129.2788,52.7925],[-129.3032,52.7558],[-129.2757,52.7355],[-129.2694,52.7094],[-129.2325,52.6958],[-129.2279,52.6498],[-129.1473,52.5847],[-129.1364,52.5576],[-129.0972,52.5473],[-129.0823,52.5229],[-129.0163,52.5136],[-128.997,52.4961],[-128.9994,52.4582],[-128.9743,52.4539],[-128.9428,52.4782],[-128.9355,52.5188],[-128.9423,52.5625],[-128.9274,52.606],[-129.0045,52.6688],[-129.0399,52.6806],[-129.1133,52.7431],[-129.1451,52.7544],[-129.2149,52.7999],[-129.2903,52.8219]]],[[[-129.0859,53.293],[-129.0897,53.2693],[-129.0485,53.2088],[-129.0925,53.1907],[-129.0822,53.097],[-129.1246,53.0781],[-129.173,53.0721],[-129.1681,53.053],[-129.2009,52.9985],[-129.1981,52.9516],[-129.1612,52.9241],[-129.1279,52.9221],[-129.137,52.8481],[-129.1134,52.7985],[-129.0668,52.7573],[-129.0626,52.7385],[-129.0024,52.699],[-128.8944,52.6551],[-128.8417,52.6768],[-128.7969,52.6842],[-128.765,52.7042],[-128.7913,52.7337],[-128.7492,52.8366],[-128.721,52.8822],[-128.6773,52.9083],[-128.6884,52.961],[-128.6611,52.9705],[-128.6558,52.9006],[-128.7137,52.8546],[-128.7319,52.7929],[-128.7599,52.7501],[-128.7383,52.673],[-128.7534,52.6543],[-128.755,52.6004],[-128.7155,52.6094],[-128.5932,52.6084],[-128.5698,52.686],[-128.5879,52.7304],[-128.5665,52.7333],[-128.5454,52.8008],[-128.5422,52.8773],[-128.5263,52.8911],[-128.5236,52.965],[-128.5395,53.0279],[-128.5757,53.0937],[-128.6376,53.1569],[-128.6981,53.1655],[-128.8869,53.2719],[-128.898,53.2913],[-128.9792,53.2874],[-129.0363,53.308],[-129.0859,53.293]]],[[[-127.801,54.9995],[-128.2483,55],[-128.9273,55.0002],[-128.9089,54.9768],[-128.9447,54.9498],[-128.9871,54.9368],[-129.1366,54.9121],[-129.1743,54.8869],[-129.2975,54.8828],[-129.3739,54.9074],[-129.4518,54.8762],[-129.4795,54.8208],[-129.4075,54.8101],[-129.3843,54.7791],[-129.4528,54.71],[-129.4639,54.6603],[-129.4746,54.6187],[-129.5012,54.6033],[-129.546,54.6026],[-129.5685,54.6356],[-129.646,54.6291],[-129.6872,54.5948],[-129.6582,54.5809],[-129.6586,54.5569],[-129.6923,54.5273],[-129.6537,54.4872],[-129.5651,54.4607],[-129.525,54.4386],[-129.4967,54.3849],[-129.4757,54.3682],[-129.3711,54.3565],[-129.3721,54.292],[-129.3748,53.9407],[-129.3735,53.7965],[-129.2943,53.7092],[-129.2947,53.6981],[-129.2312,53.6311],[-129.1538,53.6736],[-129.1273,53.7097],[-129.0311,53.7535],[-129.1009,53.7892],[-129.0664,53.8029],[-129.0467,53.7666],[-129.0099,53.7587],[-128.9627,53.7836],[-128.9805,53.8239],[-128.9427,53.8206],[-128.9276,53.7868],[-128.8683,53.8178],[-128.8471,53.8586],[-128.8112,53.8631],[-128.7895,53.9016],[-128.7228,53.9284],[-128.6937,54.0008],[-128.6493,54.0045],[-128.6612,53.9438],[-128.7156,53.9009],[-128.6782,53.8528],[-128.7236,53.8139],[-128.785,53.79],[-128.8082,53.7699],[-128.7808,53.7119],[-128.8009,53.6739],[-128.8354,53.6495],[-128.8183,53.6109],[-128.7698,53.5698],[-128.763,53.5468],[-128.7113,53.536],[-128.6868,53.502],[-128.6441,53.5022],[-128.5865,53.4768],[-128.5929,53.456],[-128.545,53.4299],[-128.4779,53.4448],[-128.4444,53.4385],[-128.3842,53.4557],[-128.396,53.4828],[-128.3757,53.4989],[-128.3084,53.4751],[-128.2413,53.4683],[-128.1858,53.4791],[-128.1313,53.4721],[-128.0841,53.4347],[-128.0534,53.3855],[-128,53.3509],[-127.9277,53.33],[-127.932,53.2751],[-127.8773,53.2506],[-127.9024,53.2395],[-127.9536,53.2679],[-127.9416,53.3209],[-128.0092,53.3407],[-128.0747,53.3784],[-128.0983,53.4266],[-128.1769,53.4588],[-128.2795,53.4473],[-128.3414,53.4723],[-128.3791,53.4391],[-128.5393,53.4071],[-128.6382,53.4557],[-128.6572,53.4752],[-128.7682,53.4903],[-128.7786,53.5256],[-128.8144,53.5684],[-128.8719,53.5293],[-128.9267,53.5335],[-128.9669,53.5502],[-128.9729,53.4963],[-128.9521,53.4655],[-128.9141,53.4464],[-128.8854,53.4111],[-128.8901,53.3127],[-128.8471,53.2677],[-128.7549,53.215],[-128.6962,53.1897],[-128.6426,53.1832],[-128.5922,53.1493],[-128.5503,53.0657],[-128.5124,53.0071],[-128.501,52.8904],[-128.4288,52.8152],[-128.3918,52.8189],[-128.3312,52.7979],[-128.2729,52.7969],[-128.2254,52.8066],[-128.1976,52.8413],[-128.1599,52.8604],[-128.1252,52.8338],[-128.1306,52.7697],[-128.113,52.7597],[-128.1352,52.7132],[-128.1629,52.6879],[-128.1844,52.6263],[-128.1974,52.6208],[-128.248,52.5358],[-128.2239,52.4847],[-128.1966,52.4837],[-128.1748,52.5755],[-128.1896,52.6074],[-128.1462,52.6251],[-128.1093,52.6792],[-128.0117,52.7195],[-127.9679,52.7082],[-127.9285,52.7171],[-127.9125,52.676],[-127.8902,52.6796],[-127.8098,52.6645],[-127.7822,52.6966],[-127.72,52.7188],[-127.7188,52.771],[-127.6792,52.7913],[-127.5972,52.7793],[-127.6164,52.7328],[-127.5883,52.7221],[-127.5627,52.691],[-127.4904,52.6926],[-127.3688,52.7557],[-127.3797,52.7837],[-127.3528,52.8083],[-127.2222,52.8224],[-127.223,52.8508],[-127.2494,52.8627],[-127.2977,52.9077],[-127.2861,52.937],[-127.2369,52.9618],[-127.2564,52.9789],[-127.2435,53.0164],[-127.3222,53.0676],[-127.3758,53.0864],[-127.4341,53.0885],[-127.4347,53.1179],[-127.4728,53.1243],[-127.4417,53.1609],[-127.4058,53.1843],[-127.3532,53.1867],[-127.3642,53.2212],[-127.3068,53.2155],[-127.2669,53.2775],[-127.2587,53.3022],[-127.3148,53.3284],[-127.3267,53.3581],[-127.355,53.3729],[-127.3705,53.4278],[-127.3927,53.4266],[-127.435,53.4909],[-127.4792,53.488],[-127.5187,53.4611],[-127.5654,53.4929],[-127.5543,53.5251],[-127.6035,53.5484],[-127.6493,53.5336],[-127.6775,53.5495],[-127.7591,53.5529],[-127.7678,53.566],[-127.7493,53.6081],[-127.7808,53.6369],[-127.7859,53.6619],[-127.8141,53.6623],[-127.8275,53.6967],[-127.8201,53.7277],[-127.9011,53.7451],[-127.8992,53.7779],[-127.9367,53.8262],[-127.9981,53.8564],[-128.0002,53.995],[-127.8925,54.0221],[-127.8537,54.0731],[-127.8048,54.111],[-127.7217,54.124],[-127.7579,54.173],[-127.75,54.2041],[-127.7056,54.2065],[-127.6552,54.2459],[-127.6749,54.2612],[-127.6412,54.3045],[-127.5938,54.313],[-127.568,54.3596],[-127.5356,54.387],[-127.5618,54.3978],[-127.5378,54.4352],[-127.5804,54.4515],[-127.6214,54.4446],[-127.6939,54.4636],[-127.7577,54.4431],[-127.7796,54.4674],[-127.7717,54.495],[-127.7572,54.5378],[-127.7003,54.5472],[-127.6873,54.5784],[-127.7777,54.6044],[-127.7996,54.6325],[-127.801,54.9995]]]]},"properties":{"id":"5949013","name":"Kitimat-Stikine C (Part 1)"}},
{"type":"Feature","geometry":{"type":"MultiPolygon","coordinates":[[[[-130.3769,54.6936],[-130.2603,54.7155],[-130.2186,54.7358],[-130.2131,54.7612],[-130.2612,54.7669],[-130.3267,54.7469],[-130.371,54.7186],[-130.3797,54.6932],[-130.3769,54.6936]]],[[[-130.6288,54.7746],[-130.6434,54.7633],[-130.5935,54.7238],[-130.5312,54.7014],[-130.4992,54.7183],[-130.4646,54.7151],[-130.436,54.7571],[-130.4444,54.7774],[-130.495,54.8254],[-130.5871,54.7709],[-130.6288,54.7746]]],[[[-130.2008,55.0303],[-130.2298,55.0103],[-130.2739,54.9548],[-130.3617,54.8954],[-130.3909,54.8866],[-130.4888,54.8293],[-130.4151,54.7686],[-130.2759,54.8337],[-130.225,54.8897],[-130.1537,54.9565],[-130.158,54.986],[-130.2008,55.0303]]],[[[-128.3646,56.0032],[-128.3915,56.0278],[-128.5114,56.0768],[-128.4921,56.1022],[-128.4093,56.1092],[-128.3216,56.0921],[-128.2787,56.1103],[-128.2956,56.1905],[-128.2755,56.2142],[-128.2841,56.2466],[-128.2412,56.2655],[-128.2021,56.3009],[-128.1058,56.3094],[-128.1093,56.3482],[-128.2272,56.3689],[-128.2732,56.3834],[-128.2652,56.419],[-128.1635,56.4535],[-128.1365,56.4276],[-128.0801,56.4141],[-127.9786,56.4354],[-127.9638,56.4512],[-127.9887,56.5104],[-127.9668,56.5286],[-127.8545,56.5429],[-127.8476,56.5592],[-127.8974,56.5847],[-127.9162,56.6151],[-127.9895,56.6113],[-128.0711,56.6666],[-128.1106,56.6394],[-128.1765,56.6435],[-128.161,56.694],[-128.1702,56.7197],[-128.2593,56.7482],[-128.3585,56.753],[-128.4183,56.7719],[-128.449,56.7947],[-128.5627,56.8434],[-128.6345,56.8836],[-128.6933,56.8784],[-128.6641,56.9263],[-128.6615,56.9723],[-128.6866,56.9854],[-128.7263,57.0422],[-128.7807,57.0529],[-128.7861,57.0757],[-128.85,57.1167],[-128.9306,57.1476],[-128.9777,57.1439],[-129.002,57.1644],[-129.0025,57.6284],[-129.0022,57.9988],[-128.9587,58.7478],[-128.9432,59.0023],[-129.4895,59.0011],[-129.7978,59.0006],[-130.2399,59.0012],[-131.0098,59.0021],[-131.0046,58.6098],[-131.0042,58.0675],[-131.0017,58.0006],[-131.319,57.9999],[-132.0008,57.9999],[-132.5006,57.9999],[-133.0695,58.0001],[-132.989,57.943],[-132.918,57.8795],[-132.8681,57.8446],[-132.7594,57.7075],[-132.6867,57.643],[-132.5636,57.5068],[-132.3696,57.3514],[-132.2446,57.212],[-132.3693,57.0914],[-132.0459,57.044],[-132.1211,56.8669],[-131.8708,56.8063],[-131.9018,56.7544],[-131.8575,56.7018],[-131.8336,56.5988],[-131.5817,56.6124],[-131.4674,56.5511],[-131.1642,56.4473],[-131.0872,56.4064],[-130.7814,56.3681],[-130.6562,56.2834],[-130.5855,56.2555],[-130.4651,56.2415],[-130.4197,56.1389],[-130.3315,56.1226],[-130.2412,56.0958],[-130.1037,56.122],[-130.0021,56.0066],[-130.0201,55.9117],[-129.9957,55.8991],[-130.0685,55.8182],[-130.1088,55.7976],[-130.1379,55.7513],[-130.1325,55.7174],[-130.0881,55.6885],[-130.0916,55.6293],[-130.1104,55.5663],[-130.075,55.5047],[-130.0242,55.4612],[-130.0051,55.3409],[-129.9437,55.2879],[-130.0755,55.2015],[-130.1313,55.1439],[-130.1659,55.0797],[-130.1353,55.0498],[-130.1141,54.9906],[-130.0937,54.9849],[-130.0341,55.03],[-130.0078,55.0828],[-129.901,55.1665],[-129.8878,55.2133],[-129.8159,55.2886],[-129.8401,55.3718],[-129.8315,55.4071],[-129.7779,55.4417],[-129.7674,55.4732],[-129.7234,55.4684],[-129.7206,55.4342],[-129.6356,55.4577],[-129.5169,55.4512],[-129.5253,55.4378],[-129.6285,55.4454],[-129.6645,55.432],[-129.6844,55.3749],[-129.7171,55.3517],[-129.7548,55.2811],[-129.8067,55.2687],[-129.8577,55.2094],[-129.8598,55.1775],[-129.8878,55.1462],[-129.9568,55.0963],[-129.9894,55.0553],[-130.004,55.013],[-129.937,54.9869],[-129.8744,55.0036],[-129.7399,54.9994],[-129.6907,54.97],[-129.8396,54.982],[-129.8823,54.9444],[-129.9184,54.9344],[-129.9881,54.9749],[-130.0583,54.9532],[-130.1067,54.9052],[-130.1611,54.8665],[-130.1075,54.8385],[-130.1694,54.8152],[-130.1956,54.7508],[-130.2175,54.7261],[-130.1399,54.7307],[-130.0588,54.7032],[-129.9656,54.6989],[-129.7954,54.7458],[-129.7539,54.7236],[-129.7011,54.7364],[-129.6843,54.6954],[-129.567,54.6803],[-129.513,54.6584],[-129.4639,54.6603],[-129.4528,54.71],[-129.3843,54.7791],[-129.4075,54.8101],[-129.4795,54.8208],[-129.4518,54.8762],[-129.3739,54.9074],[-129.2975,54.8828],[-129.1743,54.8869],[-129.1366,54.9121],[-128.9871,54.9368],[-128.9447,54.9498],[-128.9089,54.9768],[-128.9273,55.0002],[-128.2483,55],[-127.801,54.9995],[-127.0004,55.0002],[-126.9372,55],[-126.9429,55.0071],[-126.943,55.0071],[-126.9128,55.0253],[-126.8735,55.035],[-126.88,55.0599],[-126.8434,55.075],[-126.7161,55.0641],[-126.6476,55.1008],[-126.7349,55.1603],[-126.742,55.2072],[-126.7855,55.227],[-126.8381,55.2219],[-126.88,55.269],[-126.9283,55.2683],[-126.9536,55.2885],[-126.881,55.304],[-126.8712,55.352],[-126.9374,55.3862],[-126.9611,55.3784],[-127.0318,55.3859],[-127.0897,55.4053],[-127.1726,55.4626],[-127.2572,55.4739],[-127.3002,55.5121],[-127.395,55.5109],[-127.4156,55.494],[-127.4584,55.5093],[-127.4577,55.5376],[-127.5334,55.55],[-127.5909,55.6016],[-127.6528,55.6385],[-127.6641,55.6855],[-127.7133,55.7108],[-127.7854,55.705],[-127.9151,55.717],[-127.9629,55.6885],[-127.9962,55.7267],[-128.0717,55.7596],[-128.1151,55.7214],[-128.1802,55.7277],[-128.2406,55.768],[-128.1895,55.8224],[-128.1429,55.8465],[-128.1885,55.8709],[-128.189,55.9108],[-128.2243,55.9325],[-128.2754,55.9361],[-128.3309,55.9142],[-128.3869,55.9143],[-128.4552,55.9288],[-128.4855,55.9448],[-128.4393,56.003],[-128.3646,56.0032]]]]},"properties":{"id":"5949028","name":"Kitimat-Stikine B"}},
{"type":"Feature","geometry":{"type":"Polygon","coordinates":[[[-124.4407,55.9989],[-124.7509,55.9995],[-125.5003,55.9999],[-125.9398,55.9995],[-126.5002,56],[-127.0243,56.0001],[-126.969,55.9936],[-126.901,55.9641],[-126.881,55.9328],[-126.9195,55.9202],[-126.8849,55.8965],[-126.8366,55.829],[-126.7439,55.7832],[-126.7493,55.7425],[-126.6568,55.7093],[-126.6092,55.675],[-126.4809,55.6379],[-126.467,55.5995],[-126.4023,55.582],[-126.3858,55.532],[-126.4072,55.4984],[-126.3657,55.4769],[-126.32,55.3958],[-126.2718,55.3945],[-126.2359,55.3676],[-126.2601,55.3465],[-126.1679,55.2898],[-126.1298,55.2336],[-126.0572,55.1776],[-125.9992,55.167],[-126.0036,55.0956],[-125.9941,54.9707],[-126.0001,54.9337],[-126.003,54.8171],[-125.9754,54.8054],[-125.9562,54.7513],[-125.9483,54.7186],[-125.9045,54.6722],[-125.755,54.5795],[-125.7073,54.5392],[-125.6035,54.4913],[-125.4845,54.4511],[-125.4491,54.4592],[-125.3147,54.4724],[-125.1893,54.497],[-125.0625,54.4651],[-125.0515,54.435],[-124.9987,54.4202],[-124.9999,54.25],[-124.4662,54.25],[-124.466,54.2326],[-124.4236,54.2327],[-124.4003,54.2695],[-124.3487,54.2649],[-124.2726,54.2927],[-124.1987,54.2936],[-123.9645,54.2096],[-123.843,54.198],[-123.822,54.2044],[-123.7431,54.1803],[-123.6991,54.1814],[-123.6377,54.167],[-123.5204,54.1544],[-123.5202,54.1734],[-123.5205,54.2525],[-123.5527,54.2702],[-123.5544,54.3062],[-123.6443,54.3301],[-123.7412,54.3218],[-123.8194,54.3365],[-123.853,54.3756],[-123.9334,54.3798],[-123.9865,54.4295],[-123.9524,54.4588],[-123.848,54.5125],[-123.8217,54.5442],[-123.8197,54.5808],[-123.7801,54.5926],[-123.7785,54.6591],[-123.7959,54.6927],[-123.8422,54.6962],[-123.8804,54.7197],[-123.8805,54.7382],[-123.9482,54.7675],[-123.9196,54.8317],[-123.9267,54.8621],[-124.0231,54.8679],[-123.995,54.893],[-124.0341,54.903],[-124.0513,54.9508],[-124.0215,54.9531],[-124.012,54.9816],[-123.9801,55.0122],[-123.9045,55.0196],[-123.863,55.0471],[-123.8105,55.0376],[-123.7942,54.9954],[-123.7273,54.9552],[-123.6906,54.9231],[-123.6583,54.9203],[-123.6198,54.955],[-123.5505,54.9582],[-123.5154,55.0171],[-123.4542,55.0144],[-123.4156,55.0329],[-123.4134,55.0859],[-123.3963,55.103],[-123.4187,55.148],[-123.3923,55.1711],[-123.4139,55.2019],[-123.4133,55.2349],[-123.4573,55.2702],[-123.4942,55.314],[-123.5346,55.3275],[-123.5685,55.3128],[-123.6459,55.3065],[-123.7421,55.2875],[-123.7972,55.3245],[-123.8518,55.3395],[-123.875,55.4002],[-123.9068,55.4291],[-123.8845,55.5037],[-123.9284,55.5544],[-124.0503,55.5413],[-124.0926,55.5688],[-124.123,55.6397],[-124.1531,55.6491],[-124.1923,55.6832],[-124.2671,55.6866],[-124.3083,55.7059],[-124.3278,55.7538],[-124.3573,55.7867],[-124.3336,55.8322],[-124.374,55.879],[-124.3991,55.9506],[-124.4316,55.9548],[-124.4407,55.9989]]]},"properties":{"id":"5951015","name":"Bulkley-Nechako C"}},
{"type":"Feature","geometry":{"type":"Polygon","coordinates":[[[-124.466,54.2326],[-124.4662,54.25],[-124.9999,54.25],[-125.2412,54.2489],[-125.2405,54.1078],[-125.2396,54.0216],[-125.299,54.024],[-125.292,54.0034],[-125.2353,53.999],[-125.2472,53.894],[-125.237,53.8273],[-125.2378,53.4489],[-125.1541,53.4332],[-125.1021,53.4314],[-125.0017,53.4468],[-124.9838,53.4315],[-124.8988,53.4353],[-124.8551,53.3965],[-124.8059,53.3691],[-124.7366,53.3546],[-124.6473,53.4076],[-124.6288,53.386],[-124.5233,53.4024],[-124.5521,53.4624],[-124.5185,53.477],[-124.5006,53.5275],[-124.5029,53.7069],[-124.5002,53.8947],[-124.4363,53.8965],[-124.4365,53.9984],[-124.3662,53.9981],[-124.3677,54.0346],[-124.3533,54.0706],[-124.3672,54.1281],[-124.4667,54.1281],[-124.466,54.2326]]]},"properties":{"id":"5951017","name":"Bulkley-Nechako D"}},
{"type":"Feature","geometry":{"type":"Polygon","coordinates":[[[-123.5204,54.1544],[-123.6377,54.167],[-123.6991,54.1814],[-123.7431,54.1803],[-123.822,54.2044],[-123.843,54.198],[-123.9645,54.2096],[-124.1987,54.2936],[-124.2726,54.2927],[-124.3487,54.2649],[-124.4003,54.2695],[-124.4236,54.2327],[-124.466,54.2326],[-124.4667,54.1281],[-124.3672,54.1281],[-124.3533,54.0706],[-124.3677,54.0346],[-124.3662,53.9981],[-124.4365,53.9984],[-124.4363,53.8965],[-124.5002,53.8947],[-124.5029,53.7069],[-124.5006,53.5275],[-124.3862,53.4853],[-124.381,53.4548],[-124.3056,53.4554],[-124.2538,53.4665],[-124.2157,53.4437],[-124.2154,53.4207],[-124.1366,53.4082],[-124.0859,53.435],[-124.0466,53.4322],[-123.9976,53.444],[-123.9976,53.4843],[-123.4199,53.4835],[-123.419,53.4702],[-123.3017,53.4702],[-123.3047,53.6276],[-123.4054,53.6766],[-123.4473,53.7088],[-123.4994,53.7285],[-123.5181,53.759],[-123.5007,53.7875],[-123.4252,53.7926],[-123.4224,53.9746],[-123.4914,54.0029],[-123.5348,53.9873],[-123.5845,54.0238],[-123.5868,54.0581],[-123.4845,54.0714],[-123.4839,54.0839],[-123.566,54.1056],[-123.5204,54.1544]]]},"properties":{"id":"5951019","name":"Bulkley-Nechako F"}},
{"type":"Feature","geometry":{"type":"Polygon","coordinates":[[[-125.9562,54.7513],[-126.0432,54.7572],[-126.1072,54.7487],[-126.2499,54.749],[-126.244,54.5353],[-126.2519,54.4099],[-126.2799,54.4058],[-126.4562,54.4049],[-126.5021,54.3523],[-126.4774,54.3322],[-126.4132,54.3427],[-126.3407,54.3141],[-126.2846,54.2725],[-126.262,54.2392],[-126.3374,54.2382],[-126.3637,54.2176],[-126.2337,54.1832],[-126.1798,54.2135],[-126.1328,54.1687],[-126.1305,54.1475],[-126.0793,54.1269],[-126.0026,54.1217],[-125.9569,54.1656],[-125.8365,54.182],[-125.7492,54.1717],[-125.7389,54.1571],[-125.6833,54.1529],[-125.6668,54.1355],[-125.613,54.1259],[-125.5745,54.1461],[-125.4894,54.1246],[-125.3958,54.1134],[-125.2405,54.1078],[-125.2412,54.2489],[-124.9999,54.25],[-124.9987,54.4202],[-125.0515,54.435],[-125.0625,54.4651],[-125.1893,54.497],[-125.3147,54.4724],[-125.4491,54.4592],[-125.4845,54.4511],[-125.6035,54.4913],[-125.7073,54.5392],[-125.755,54.5795],[-125.9045,54.6722],[-125.9483,54.7186],[-125.9562,54.7513]]]},"properties":{"id":"5951028","name":"Bulkley-Nechako B"}},
{"type":"Feature","geometry":{"type":"Polygon","coordinates":[[[-126.2337,54.1832],[-126.1721,54.1149],[-126.316,54.1013],[-126.3396,54.1418],[-126.4175,54.1632],[-126.5287,54.1685],[-126.6379,54.1966],[-126.6356,54.0576],[-126.8,54.0552],[-126.866,54.0958],[-126.9221,54.1084],[-126.9497,54.057],[-127.0795,54.078],[-127.1108,54.052],[-127.0971,54.0232],[-127.1311,53.9868],[-127.1594,54.0186],[-127.2387,53.9896],[-127.273,53.9581],[-127.2659,53.9158],[-127.282,53.8913],[-127.2673,53.8619],[-127.2989,53.8206],[-127.2767,53.7966],[-127.2956,53.7555],[-127.3583,53.7407],[-127.4278,53.7703],[-127.5112,53.7593],[-127.5372,53.7352],[-127.6497,53.7106],[-127.6382,53.6851],[-127.6941,53.6829],[-127.7348,53.6658],[-127.7859,53.6619],[-127.7808,53.6369],[-127.7493,53.6081],[-127.7678,53.566],[-127.7591,53.5529],[-127.6775,53.5495],[-127.6493,53.5336],[-127.6035,53.5484],[-127.5543,53.5251],[-127.5654,53.4929],[-127.5187,53.4611],[-127.4792,53.488],[-127.435,53.4909],[-127.3927,53.4266],[-127.3705,53.4278],[-127.355,53.3729],[-127.3267,53.3581],[-127.3148,53.3284],[-127.2587,53.3022],[-127.2669,53.2775],[-127.2249,53.2503],[-127.1509,53.2812],[-127.121,53.2397],[-127.0745,53.2508],[-127.0698,53.2842],[-127.0155,53.309],[-126.9821,53.2785],[-127.0507,53.2066],[-127.0133,53.1892],[-127.0037,53.1588],[-127.0328,53.1142],[-126.9857,53.0722],[-126.9481,53.0935],[-126.8827,53.0839],[-126.8412,53.1104],[-126.8003,53.0743],[-126.7899,53.0005],[-126.7239,52.9926],[-126.6555,53.0312],[-126.6091,53.0003],[-126.2497,53.0001],[-125.7508,53.0004],[-125.0003,53.0003],[-125.0006,53.1904],[-124.9963,53.2418],[-125.0017,53.4468],[-125.1021,53.4314],[-125.1541,53.4332],[-125.2378,53.4489],[-125.237,53.8273],[-125.2472,53.894],[-125.2353,53.999],[-125.292,54.0034],[-125.299,54.024],[-125.2396,54.0216],[-125.2405,54.1078],[-125.3958,54.1134],[-125.4894,54.1246],[-125.5745,54.1461],[-125.613,54.1259],[-125.6668,54.1355],[-125.6833,54.1529],[-125.7389,54.1571],[-125.7492,54.1717],[-125.8365,54.182],[-125.9569,54.1656],[-126.0026,54.1217],[-126.0793,54.1269],[-126.1305,54.1475],[-126.1328,54.1687],[-126.1798,54.2135],[-126.2337,54.1832]]]},"properties":{"id":"5951031","name":"Bulkley-Nechako E"}},
{"type":"Feature","geometry":{"type":"Polygon","coordinates":[[[-127.0004,55.0002],[-127.801,54.9995],[-127.7996,54.6325],[-127.7777,54.6044],[-127.6873,54.5784],[-127.7003,54.5472],[-127.7572,54.5378],[-127.7717,54.495],[-127.5004,54.4962],[-126.7944,54.494],[-126.727,54.5063],[-126.623,54.5075],[-126.6273,54.6255],[-126.6643,54.6488],[-126.685,54.6787],[-126.7491,54.6927],[-126.7434,54.7194],[-126.7717,54.7496],[-126.7073,54.7612],[-126.7006,54.794],[-126.761,54.7947],[-126.8574,54.8481],[-126.8618,54.9375],[-126.8936,54.9555],[-126.9372,55],[-127.0004,55.0002]]]},"properties":{"id":"5951051","name":"Bulkley-Nechako A"}},
{"type":"Feature","geometry":{"type":"Polygon","coordinates":[[[-127.0243,56.0001],[-127.5004,56.0015],[-127.9182,56.0028],[-127.9415,55.9999],[-128.3646,56.0032],[-128.4393,56.003],[-128.4855,55.9448],[-128.4552,55.9288],[-128.3869,55.9143],[-128.3309,55.9142],[-128.2754,55.9361],[-128.2243,55.9325],[-128.189,55.9108],[-128.1885,55.8709],[-128.1429,55.8465],[-128.1895,55.8224],[-128.2406,55.768],[-128.1802,55.7277],[-128.1151,55.7214],[-128.0717,55.7596],[-127.9962,55.7267],[-127.9629,55.6885],[-127.9151,55.717],[-127.7854,55.705],[-127.7133,55.7108],[-127.6641,55.6855],[-127.6528,55.6385],[-127.5909,55.6016],[-127.5334,55.55],[-127.4577,55.5376],[-127.4584,55.5093],[-127.4156,55.494],[-127.395,55.5109],[-127.3002,55.5121],[-127.2572,55.4739],[-127.1726,55.4626],[-127.0897,55.4053],[-127.0318,55.3859],[-126.9611,55.3784],[-126.9374,55.3862],[-126.8712,55.352],[-126.881,55.304],[-126.9536,55.2885],[-126.9283,55.2683],[-126.88,55.269],[-126.8381,55.2219],[-126.7855,55.227],[-126.742,55.2072],[-126.7349,55.1603],[-126.6476,55.1008],[-126.7161,55.0641],[-126.8434,55.075],[-126.88,55.0599],[-126.8735,55.035],[-126.9128,55.0253],[-126.943,55.0071],[-126.9429,55.0071],[-126.9372,55],[-126.8936,54.9555],[-126.8618,54.9375],[-126.8574,54.8481],[-126.761,54.7947],[-126.7006,54.794],[-126.7073,54.7612],[-126.7717,54.7496],[-126.7434,54.7194],[-126.7491,54.6927],[-126.685,54.6787],[-126.6643,54.6488],[-126.6273,54.6255],[-126.623,54.5075],[-126.727,54.5063],[-126.7944,54.494],[-127.5004,54.4962],[-127.7717,54.495],[-127.7796,54.4674],[-127.7577,54.4431],[-127.6939,54.4636],[-127.6214,54.4446],[-127.5804,54.4515],[-127.5378,54.4352],[-127.5618,54.3978],[-127.5356,54.387],[-127.568,54.3596],[-127.5938,54.313],[-127.6412,54.3045],[-127.6749,54.2612],[-127.6552,54.2459],[-127.7056,54.2065],[-127.75,54.2041],[-127.7579,54.173],[-127.7217,54.124],[-127.8048,54.111],[-127.8537,54.0731],[-127.8925,54.0221],[-128.0002,53.995],[-127.9981,53.8564],[-127.9367,53.8262],[-127.8992,53.7779],[-127.9011,53.7451],[-127.8201,53.7277],[-127.8275,53.6967],[-127.8141,53.6623],[-127.7859,53.6619],[-127.7348,53.6658],[-127.6941,53.6829],[-127.6382,53.6851],[-127.6497,53.7106],[-127.5372,53.7352],[-127.5112,53.7593],[-127.4278,53.7703],[-127.3583,53.7407],[-127.2956,53.7555],[-127.2767,53.7966],[-127.2989,53.8206],[-127.2673,53.8619],[-127.282,53.8913],[-127.2659,53.9158],[-127.273,53.9581],[-127.2387,53.9896],[-127.1594,54.0186],[-127.1311,53.9868],[-127.0971,54.0232],[-127.1108,54.052],[-127.0795,54.078],[-126.9497,54.057],[-126.9221,54.1084],[-126.866,54.0958],[-126.8,54.0552],[-126.6356,54.0576],[-126.6379,54.1966],[-126.5287,54.1685],[-126.4175,54.1632],[-126.3396,54.1418],[-126.316,54.1013],[-126.1721,54.1149],[-126.2337,54.1832],[-126.3637,54.2176],[-126.3374,54.2382],[-126.262,54.2392],[-126.2846,54.2725],[-126.3407,54.3141],[-126.4132,54.3427],[-126.4774,54.3322],[-126.5021,54.3523],[-126.4562,54.4049],[-126.2799,54.4058],[-126.2519,54.4099],[-126.244,54.5353],[-126.2499,54.749],[-126.1072,54.7487],[-126.0432,54.7572],[-125.9562,54.7513],[-125.9754,54.8054],[-126.003,54.8171],[-126.0001,54.9337],[-125.9941,54.9707],[-126.0036,55.0956],[-125.9992,55.167],[-126.0572,55.1776],[-126.1298,55.2336],[-126.1679,55.2898],[-126.2601,55.3465],[-126.2359,55.3676],[-126.2718,55.3945],[-126.32,55.3958],[-126.3657,55.4769],[-126.4072,55.4984],[-126.3858,55.532],[-126.4023,55.582],[-126.467,55.5995],[-126.4809,55.6379],[-126.6092,55.675],[-126.6568,55.7093],[-126.7493,55.7425],[-126.7439,55.7832],[-126.8366,55.829],[-126.8849,55.8965],[-126.9195,55.9202],[-126.881,55.9328],[-126.901,55.9641],[-126.969,55.9936],[-127.0243,56.0001]]]},"properties":{"id":"5951053","name":"Bulkley-Nechako G"}},
{"type":"Feature","geometry":{"type":"Polygon","coordinates":[[[-120.0371,53.8047],[-120.1505,53.773],[-120.1811,53.7769],[-120.2317,53.7571],[-120.295,53.7819],[-120.387,53.7775],[-120.4064,53.7911],[-120.4701,53.7952],[-120.5133,53.8115],[-120.5674,53.8182],[-120.583,53.8629],[-120.6255,53.8698],[-120.6797,53.9009],[-120.759,53.9037],[-120.7904,53.8816],[-120.8563,53.9283],[-120.9331,53.8942],[-121.0117,53.9103],[-120.9926,53.9451],[-121.0287,53.9777],[-121.1126,54.0008],[-121.1038,53.847],[-121.096,53.7885],[-121.1323,53.767],[-121.1301,53.7257],[-121.1448,53.6524],[-121.17,53.6365],[-121.2122,53.5677],[-121.1804,53.5632],[-121.12,53.5352],[-121.1073,53.5158],[-121.0439,53.5335],[-121.0098,53.5192],[-121.0264,53.4523],[-121.0083,53.4304],[-120.9983,53.383],[-121.0182,53.3298],[-120.9802,53.3136],[-120.972,53.2788],[-120.9228,53.3071],[-120.853,53.2816],[-120.8112,53.2879],[-120.7875,53.2566],[-120.715,53.2645],[-120.6272,53.214],[-120.4667,53.1491],[-120.4626,53.1247],[-120.4171,53.1002],[-120.4253,53.0678],[-120.4884,53.0546],[-120.4531,52.9933],[-120.4342,52.9726],[-120.3768,52.9648],[-120.3384,52.9274],[-120.2693,52.9289],[-120.2271,52.9183],[-120.1704,52.925],[-120.1425,52.8767],[-120.1115,52.8431],[-120.0614,52.8243],[-120.0247,52.7576],[-119.9738,52.7373],[-119.9512,52.7101],[-119.9203,52.7192],[-119.7684,52.6603],[-119.752,52.6793],[-119.708,52.6782],[-119.6775,52.6956],[-119.6161,52.6891],[-119.5779,52.648],[-119.5311,52.6315],[-119.4649,52.6492],[-119.4426,52.6388],[-119.3695,52.6561],[-119.3644,52.6325],[-119.0561,52.6333],[-119.0336,52.5945],[-118.9933,52.5904],[-118.9276,52.5688],[-118.8863,52.4742],[-118.9243,52.4632],[-118.9417,52.4397],[-118.9216,52.4221],[-118.9479,52.3912],[-118.9264,52.3536],[-118.8684,52.3443],[-118.7921,52.3174],[-118.788,52.3053],[-118.8821,52.2641],[-118.8907,52.2457],[-118.8398,52.2328],[-118.8472,52.2068],[-118.8032,52.1772],[-118.752,52.1852],[-118.7161,52.1613],[-118.6401,52.1696],[-118.5824,52.193],[-118.5405,52.273],[-118.5016,52.2817],[-118.4931,52.3125],[-118.3952,52.3349],[-118.3536,52.3661],[-118.3171,52.3678],[-118.2898,52.3389],[-118.2542,52.348],[-118.226,52.3803],[-118.2553,52.4495],[-118.1933,52.4778],[-118.2355,52.4902],[-118.2891,52.5385],[-118.2728,52.566],[-118.3326,52.5802],[-118.3545,52.6337],[-118.301,52.6541],[-118.2901,52.6777],[-118.3433,52.7089],[-118.3428,52.7386],[-118.4224,52.7758],[-118.3996,52.8245],[-118.4032,52.8508],[-118.4445,52.8522],[-118.4483,52.8853],[-118.5001,52.9064],[-118.5438,52.9085],[-118.5872,52.8823],[-118.6138,52.8837],[-118.6134,52.936],[-118.6602,52.9639],[-118.6408,52.9993],[-118.6553,53.0348],[-118.7591,53.0658],[-118.7323,53.1193],[-118.7725,53.133],[-118.7865,53.1592],[-118.916,53.2118],[-118.9474,53.2389],[-119.0238,53.232],[-118.9994,53.1928],[-119.0469,53.1449],[-119.0885,53.1655],[-119.1195,53.1618],[-119.146,53.1912],[-119.2327,53.1818],[-119.3405,53.2871],[-119.3559,53.3401],[-119.4061,53.3681],[-119.4592,53.3572],[-119.5175,53.3701],[-119.6689,53.3678],[-119.6954,53.3906],[-119.7254,53.3888],[-119.7906,53.4793],[-119.8302,53.5147],[-119.8539,53.4999],[-119.8995,53.5191],[-119.8623,53.5485],[-119.9107,53.6013],[-119.8541,53.6077],[-119.7487,53.5934],[-119.7134,53.6146],[-119.7974,53.7078],[-119.8443,53.7147],[-119.908,53.7106],[-119.8874,53.75],[-119.8882,53.7795],[-119.9423,53.7759],[-120,53.8062],[-120.0371,53.8047]]]},"properties":{"id":"5953019","name":"Fraser-Fort George H"}},
{"type":"Feature","geometry":{"type":"Polygon","coordinates":[[[-122.6246,54.0063],[-122.5383,54.0784],[-122.5103,54.0861],[-122.5726,54.1293],[-122.5756,54.1614],[-122.6392,54.167],[-122.8129,54.1639],[-122.9461,54.1569],[-123.0226,54.1655],[-123.021,54.1799],[-123.2161,54.1798],[-123.2162,54.1707],[-123.5202,54.1734],[-123.5204,54.1544],[-123.566,54.1056],[-123.4839,54.0839],[-123.4845,54.0714],[-123.5868,54.0581],[-123.5845,54.0238],[-123.5348,53.9873],[-123.4914,54.0029],[-123.4224,53.9746],[-123.371,53.9674],[-123.2735,53.9873],[-123.2366,53.9571],[-123.2591,53.9276],[-123.1602,53.9015],[-123.1249,53.9029],[-123.0865,53.8595],[-123.002,53.8761],[-122.9631,53.9003],[-122.9403,53.9322],[-122.969,53.9382],[-122.9005,53.9812],[-122.8502,53.9812],[-122.8512,54.0397],[-122.7272,54.0394],[-122.7271,54.0123],[-122.6268,54.006],[-122.6246,54.0063]]]},"properties":{"id":"5953038","name":"Fraser-Fort George A"}},
{"type":"Feature","geometry":{"type":"Polygon","coordinates":[[[-122.6268,54.006],[-122.7271,54.0123],[-122.7272,54.0394],[-122.8512,54.0397],[-122.8502,53.9812],[-122.9005,53.9812],[-122.969,53.9382],[-122.9403,53.9322],[-122.9631,53.9003],[-123.002,53.8761],[-123.0865,53.8595],[-123.1249,53.9029],[-123.1602,53.9015],[-123.2591,53.9276],[-123.2366,53.9571],[-123.2735,53.9873],[-123.371,53.9674],[-123.4224,53.9746],[-123.4252,53.7926],[-123.5007,53.7875],[-123.5181,53.759],[-123.4994,53.7285],[-123.4473,53.7088],[-123.4054,53.6766],[-123.3047,53.6276],[-123.3017,53.4702],[-123.3051,53.2836],[-123.2085,53.3012],[-123.1427,53.2873],[-123.0578,53.2995],[-123.0042,53.2753],[-122.8849,53.3046],[-122.8848,53.3252],[-122.8368,53.3736],[-122.6982,53.3917],[-122.646,53.3869],[-122.6354,53.3968],[-122.683,53.4572],[-122.6698,53.4925],[-122.6854,53.5205],[-122.7151,53.528],[-122.7231,53.5631],[-122.6816,53.5957],[-122.6714,53.645],[-122.7267,53.6744],[-122.7144,53.7093],[-122.7084,53.7751],[-122.7335,53.8129],[-122.7058,53.8421],[-122.706,53.8801],[-122.6277,53.8766],[-122.604,53.9132],[-122.6419,53.9279],[-122.6881,53.9306],[-122.69,53.9527],[-122.6557,53.9622],[-122.6796,53.9962],[-122.6246,54.0063],[-122.6268,54.006]]]},"properties":{"id":"5953042","name":"Fraser-Fort George C"}},
{"type":"Feature","geometry":{"type":"Polygon","coordinates":[[[-122.3971,53.5914],[-122.3881,53.6275],[-122.3221,53.658],[-122.3251,53.6832],[-122.4047,53.7184],[-122.4139,53.7786],[-122.4483,53.8339],[-122.4841,53.8431],[-122.488,53.8663],[-122.4623,53.892],[-122.5182,53.9073],[-122.5431,53.9275],[-122.6419,53.9279],[-122.604,53.9132],[-122.6277,53.8766],[-122.706,53.8801],[-122.7058,53.8421],[-122.7335,53.8129],[-122.7084,53.7751],[-122.7144,53.7093],[-122.7267,53.6744],[-122.6714,53.645],[-122.6816,53.5957],[-122.3971,53.5914]]]},"properties":{"id":"5953044","name":"Fraser-Fort George D"}},
{"type":"Feature","geometry":{"type":"Polygon","coordinates":[[[-122.3971,53.5914],[-122.6816,53.5957],[-122.7231,53.5631],[-122.7151,53.528],[-122.6854,53.5205],[-122.6698,53.4925],[-122.683,53.4572],[-122.6354,53.3968],[-122.646,53.3869],[-122.6125,53.3724],[-122.4896,53.3726],[-122.3486,53.3735],[-122.3264,53.4117],[-122.3363,53.4501],[-122.2754,53.456],[-122.1629,53.4568],[-122.1923,53.4914],[-122.1825,53.5253],[-122.2735,53.5274],[-122.3187,53.5454],[-122.3574,53.5245],[-122.3952,53.5616],[-122.3971,53.5914]]]},"properties":{"id":"5953046","name":"Fraser-Fort George E"}},
{"type":"Feature","geometry":{"type":"Polygon","coordinates":[[[-121.1195,54.475],[-121.1343,54.5136],[-121.1224,54.5369],[-121.145,54.5528],[-121.2482,54.5466],[-121.2721,54.5172],[-121.3102,54.5148],[-121.3554,54.5357],[-121.3974,54.5337],[-121.3974,54.569],[-121.4819,54.6088],[-121.5235,54.652],[-121.5187,54.685],[-121.4857,54.6953],[-121.4739,54.7236],[-121.4889,54.7523],[-121.5271,54.7715],[-121.5221,54.7982],[-121.5538,54.8204],[-121.6431,54.8453],[-121.6952,54.8788],[-121.735,54.8706],[-121.7919,54.8393],[-121.8026,54.8588],[-121.8651,54.8691],[-121.8682,54.9046],[-121.8448,54.9333],[-121.9043,54.9662],[-121.9349,55.0036],[-121.9714,55.0273],[-122.0088,55.0338],[-122.0351,55.0653],[-122.1002,55.1052],[-122.1594,55.1055],[-122.1611,55.1342],[-122.2512,55.1617],[-122.2739,55.1811],[-122.2385,55.2228],[-122.2966,55.2511],[-122.386,55.3353],[-122.4292,55.3308],[-122.4848,55.3488],[-122.5785,55.4126],[-122.6301,55.394],[-122.6549,55.3424],[-122.7199,55.344],[-122.7427,55.3655],[-122.846,55.3989],[-122.8744,55.419],[-122.9745,55.3981],[-123.0057,55.4461],[-122.9567,55.4883],[-122.9329,55.5218],[-122.948,55.5809],[-123.0136,55.5598],[-123.0718,55.5827],[-123.0782,55.6255],[-123.1429,55.6404],[-123.1204,55.6888],[-123.1438,55.7317],[-123.1912,55.7332],[-123.2036,55.7143],[-123.2608,55.6971],[-123.3069,55.7069],[-123.3414,55.7313],[-123.3074,55.7761],[-123.3393,55.8199],[-123.3829,55.8395],[-123.3677,55.8611],[-123.4423,55.8825],[-123.5237,55.8632],[-123.5762,55.8705],[-123.6843,55.9137],[-123.6829,55.9392],[-123.7515,55.9339],[-123.8153,55.9802],[-123.8571,55.972],[-123.8747,55.927],[-123.9327,55.9097],[-123.8802,55.8255],[-123.8191,55.7904],[-123.8059,55.758],[-123.7618,55.7456],[-123.818,55.717],[-123.8461,55.6824],[-123.9164,55.6568],[-123.9751,55.6095],[-123.9535,55.6027],[-123.9284,55.5544],[-123.8845,55.5037],[-123.9068,55.4291],[-123.875,55.4002],[-123.8518,55.3395],[-123.7972,55.3245],[-123.7421,55.2875],[-123.6459,55.3065],[-123.5685,55.3128],[-123.5346,55.3275],[-123.4942,55.314],[-123.4573,55.2702],[-123.4133,55.2349],[-123.4139,55.2019],[-123.3923,55.1711],[-123.4187,55.148],[-123.3963,55.103],[-123.4134,55.0859],[-123.4156,55.0329],[-123.4542,55.0144],[-123.5154,55.0171],[-123.5505,54.9582],[-123.6198,54.955],[-123.6583,54.9203],[-123.6906,54.9231],[-123.7273,54.9552],[-123.7942,54.9954],[-123.8105,55.0376],[-123.863,55.0471],[-123.9045,55.0196],[-123.9801,55.0122],[-124.012,54.9816],[-124.0215,54.9531],[-124.0513,54.9508],[-124.0341,54.903],[-123.995,54.893],[-124.0231,54.8679],[-123.9267,54.8621],[-123.9196,54.8317],[-123.9482,54.7675],[-123.8805,54.7382],[-123.8804,54.7197],[-123.8422,54.6962],[-123.7959,54.6927],[-123.7785,54.6591],[-123.7801,54.5926],[-123.8197,54.5808],[-123.8217,54.5442],[-123.848,54.5125],[-123.9524,54.4588],[-123.9865,54.4295],[-123.9334,54.3798],[-123.853,54.3756],[-123.8194,54.3365],[-123.7412,54.3218],[-123.6443,54.3301],[-123.5544,54.3062],[-123.5527,54.2702],[-123.5205,54.2525],[-123.5202,54.1734],[-123.2162,54.1707],[-123.2161,54.1798],[-123.021,54.1799],[-123.0226,54.1655],[-122.9461,54.1569],[-122.8129,54.1639],[-122.6392,54.167],[-122.5756,54.1614],[-122.5726,54.1293],[-122.5103,54.0861],[-122.5383,54.0784],[-122.6246,54.0063],[-122.6796,53.9962],[-122.6557,53.9622],[-122.69,53.9527],[-122.6881,53.9306],[-122.6419,53.9279],[-122.5431,53.9275],[-122.5182,53.9073],[-122.4623,53.892],[-122.488,53.8663],[-122.4841,53.8431],[-122.4483,53.8339],[-122.4139,53.7786],[-122.4047,53.7184],[-122.3251,53.6832],[-122.3221,53.658],[-122.3881,53.6275],[-122.3971,53.5914],[-122.3952,53.5616],[-122.3574,53.5245],[-122.3187,53.5454],[-122.2735,53.5274],[-122.1825,53.5253],[-122.1923,53.4914],[-122.1629,53.4568],[-121.814,53.4569],[-121.5713,53.4526],[-121.5554,53.4394],[-121.2883,53.4457],[-121.264,53.4032],[-121.2282,53.3847],[-121.16,53.3813],[-121.135,53.3946],[-121.0735,53.3932],[-121.0083,53.4304],[-121.0264,53.4523],[-121.0098,53.5192],[-121.0439,53.5335],[-121.1073,53.5158],[-121.12,53.5352],[-121.1804,53.5632],[-121.2122,53.5677],[-121.17,53.6365],[-121.1448,53.6524],[-121.1301,53.7257],[-121.1323,53.767],[-121.096,53.7885],[-121.1038,53.847],[-121.1126,54.0008],[-121.0287,53.9777],[-120.9926,53.9451],[-121.0117,53.9103],[-120.9331,53.8942],[-120.8563,53.9283],[-120.7904,53.8816],[-120.759,53.9037],[-120.6797,53.9009],[-120.6255,53.8698],[-120.583,53.8629],[-120.5674,53.8182],[-120.5133,53.8115],[-120.4701,53.7952],[-120.4064,53.7911],[-120.387,53.7775],[-120.295,53.7819],[-120.2317,53.7571],[-120.1811,53.7769],[-120.1505,53.773],[-120.0371,53.8047],[-120.0498,53.829],[-120.0174,53.8642],[-120.0528,53.8833],[-120.0639,53.9643],[-120.0968,53.9846],[-120.1555,53.9382],[-120.1918,53.94],[-120.2096,53.9728],[-120.26,53.9766],[-120.2629,53.9996],[-120.2296,54.0416],[-120.1965,54.0298],[-120.1436,54.0646],[-120.1673,54.1215],[-120.2314,54.1113],[-120.2884,54.1142],[-120.329,54.1044],[-120.3932,54.1218],[-120.4402,54.1184],[-120.4792,54.1351],[-120.5318,54.136],[-120.5815,54.1738],[-120.5662,54.2188],[-120.6063,54.2897],[-120.6766,54.2823],[-120.7134,54.3052],[-120.6831,54.323],[-120.699,54.3464],[-120.6596,54.355],[-120.689,54.3918],[-120.7322,54.4086],[-120.776,54.3971],[-120.8021,54.428],[-120.7899,54.4687],[-120.8251,54.4937],[-120.8752,54.4889],[-120.8768,54.4652],[-120.9342,54.452],[-121.0047,54.4637],[-121.0742,54.4512],[-121.1195,54.475]]]},"properties":{"id":"5953048","name":"Fraser-Fort George F"}},
{"type":"Feature","geometry":{"type":"Polygon","coordinates":[[[-120.7012,56.1417],[-120.7504,56.1314],[-120.8178,56.1481],[-120.8122,56.0847],[-120.8219,56.0765],[-120.8153,55.9872],[-120.6624,55.9861],[-120.6616,55.8109],[-120.6356,55.8111],[-120.6345,55.6353],[-120.6428,55.5644],[-120.6669,55.5633],[-120.7377,55.5207],[-120.7892,55.5047],[-120.8275,55.4556],[-120.8028,55.3774],[-120.9048,55.3352],[-120.8916,55.2828],[-120.8436,55.261],[-120.8526,55.2019],[-120.8191,55.1803],[-120.8781,54.8593],[-121.0794,54.8019],[-121.2309,54.8966],[-121.2509,54.8898],[-121.2135,54.8029],[-121.1883,54.7813],[-121.1672,54.7152],[-121.0968,54.6781],[-121.0175,54.6087],[-121.0603,54.5242],[-121.0543,54.4925],[-121.1195,54.475],[-121.0742,54.4512],[-121.0047,54.4637],[-120.9342,54.452],[-120.8768,54.4652],[-120.8752,54.4889],[-120.8251,54.4937],[-120.7899,54.4687],[-120.8021,54.428],[-120.776,54.3971],[-120.7322,54.4086],[-120.689,54.3918],[-120.6596,54.355],[-120.699,54.3464],[-120.6831,54.323],[-120.7134,54.3052],[-120.6766,54.2823],[-120.6063,54.2897],[-120.5662,54.2188],[-120.5815,54.1738],[-120.5318,54.136],[-120.4792,54.1351],[-120.4402,54.1184],[-120.3932,54.1218],[-120.329,54.1044],[-120.2884,54.1142],[-120.2314,54.1113],[-120.1673,54.1215],[-120.1436,54.0646],[-120.1965,54.0298],[-120.2296,54.0416],[-120.2629,53.9996],[-120.26,53.9766],[-120.2096,53.9728],[-120.1918,53.94],[-120.1555,53.9382],[-120.0968,53.9846],[-120.0639,53.9643],[-120.0528,53.8833],[-120.0174,53.8642],[-120.0498,53.829],[-120.0371,53.8047],[-120,53.8062],[-120,54.214],[-119.9999,54.4909],[-120.0003,54.7977],[-120.0003,55.1226],[-120,55.4023],[-119.9999,55.7784],[-120,56.1455],[-120.1049,56.1012],[-120.1708,56.0909],[-120.2324,56.1048],[-120.377,56.0972],[-120.4405,56.1024],[-120.4914,56.1186],[-120.5333,56.1151],[-120.5995,56.13],[-120.6403,56.1284],[-120.7012,56.1417]]]},"properties":{"id":"5955021","name":"Peace River D"}},
{"type":"Feature","geometry":{"type":"Polygon","coordinates":[[[-121.1626,56.2482],[-121.2069,56.2674],[-121.2653,56.2424],[-121.4085,56.2278],[-121.4345,56.2108],[-121.5496,56.1775],[-121.6743,56.1199],[-121.7563,56.1139],[-121.7579,56.1594],[-121.9582,56.1589],[-121.9592,56.1415],[-122.1563,56.1447],[-122.2334,56.1398],[-122.2515,56.1156],[-122.2887,56.114],[-122.3045,56.0831],[-122.4379,56.1128],[-122.5555,56.1449],[-122.6286,56.1311],[-122.7001,56.0983],[-122.781,56.0893],[-122.9047,56.0939],[-123.0055,56.0826],[-123.0624,56.0611],[-123.0768,56.0319],[-123.1299,55.9943],[-123.2022,55.9814],[-123.2827,55.9833],[-123.3644,56.0153],[-123.6418,56.0395],[-123.6951,56.0507],[-123.7641,56.05],[-123.8271,55.9934],[-123.8153,55.9802],[-123.7515,55.9339],[-123.6829,55.9392],[-123.6843,55.9137],[-123.5762,55.8705],[-123.5237,55.8632],[-123.4423,55.8825],[-123.3677,55.8611],[-123.3829,55.8395],[-123.3393,55.8199],[-123.3074,55.7761],[-123.3414,55.7313],[-123.3069,55.7069],[-123.2608,55.6971],[-123.2036,55.7143],[-123.1912,55.7332],[-123.1438,55.7317],[-123.1204,55.6888],[-123.1429,55.6404],[-123.0782,55.6255],[-123.0718,55.5827],[-123.0136,55.5598],[-122.948,55.5809],[-122.9329,55.5218],[-122.9567,55.4883],[-123.0057,55.4461],[-122.9745,55.3981],[-122.8744,55.419],[-122.846,55.3989],[-122.7427,55.3655],[-122.7199,55.344],[-122.6549,55.3424],[-122.6301,55.394],[-122.5785,55.4126],[-122.4848,55.3488],[-122.4292,55.3308],[-122.386,55.3353],[-122.2966,55.2511],[-122.2385,55.2228],[-122.2739,55.1811],[-122.2512,55.1617],[-122.1611,55.1342],[-122.1594,55.1055],[-122.1002,55.1052],[-122.0351,55.0653],[-122.0088,55.0338],[-121.9714,55.0273],[-121.9349,55.0036],[-121.9043,54.9662],[-121.8448,54.9333],[-121.8682,54.9046],[-121.8651,54.8691],[-121.8026,54.8588],[-121.7919,54.8393],[-121.735,54.8706],[-121.6952,54.8788],[-121.6431,54.8453],[-121.5538,54.8204],[-121.5221,54.7982],[-121.5271,54.7715],[-121.4889,54.7523],[-121.4739,54.7236],[-121.4857,54.6953],[-121.5187,54.685],[-121.5235,54.652],[-121.4819,54.6088],[-121.3974,54.569],[-121.3974,54.5337],[-121.3554,54.5357],[-121.3102,54.5148],[-121.2721,54.5172],[-121.2482,54.5466],[-121.145,54.5528],[-121.1224,54.5369],[-121.1343,54.5136],[-121.1195,54.475],[-121.0543,54.4925],[-121.0603,54.5242],[-121.0175,54.6087],[-121.0968,54.6781],[-121.1672,54.7152],[-121.1883,54.7813],[-121.2135,54.8029],[-121.2509,54.8898],[-121.2309,54.8966],[-121.0794,54.8019],[-120.8781,54.8593],[-120.8191,55.1803],[-120.8526,55.2019],[-120.8436,55.261],[-120.8916,55.2828],[-120.9048,55.3352],[-120.8028,55.3774],[-120.8275,55.4556],[-120.7892,55.5047],[-120.7377,55.5207],[-120.6669,55.5633],[-120.6428,55.5644],[-120.6345,55.6353],[-120.6356,55.8111],[-120.6616,55.8109],[-120.6624,55.9861],[-120.8153,55.9872],[-120.8219,56.0765],[-120.8122,56.0847],[-120.8178,56.1481],[-120.7504,56.1314],[-120.7012,56.1417],[-120.772,56.168],[-120.8074,56.1984],[-120.9055,56.1918],[-120.9457,56.2193],[-120.9895,56.2313],[-121.0246,56.2192],[-121.0916,56.2202],[-121.1626,56.2482]]]},"properties":{"id":"5955023","name":"Peace River E"}},
{"type":"Feature","geometry":{"type":"Polygon","coordinates":[[[-124.9484,57.9999],[-124.9823,57.9814],[-125.0947,58.0191],[-125.2039,58.0224],[-125.2508,58.0054],[-125.3866,57.9887],[-125.451,57.9716],[-125.489,57.9412],[-125.5938,57.9143],[-125.6534,57.9222],[-125.6996,57.8683],[-125.7474,57.8656],[-125.7668,57.9082],[-125.7896,57.9226],[-125.7974,57.9661],[-125.8375,57.9794],[-125.9164,57.9807],[-125.9747,57.967],[-126.0441,57.9669],[-126.054,57.9302],[-126.0779,57.9137],[-126.1401,57.9224],[-126.1829,57.9446],[-126.2287,57.9337],[-126.2687,57.8557],[-126.3159,57.8619],[-126.3852,57.9262],[-126.518,57.941],[-126.6041,57.9602],[-126.6629,57.9908],[-126.7031,58.0271],[-126.773,58.0111],[-126.868,58.0034],[-126.9509,57.9895],[-126.98,57.9612],[-126.9706,57.9331],[-126.888,57.8673],[-126.8691,57.7853],[-126.9591,57.7971],[-126.9813,57.7608],[-126.954,57.7441],[-126.9182,57.6987],[-126.8525,57.6882],[-126.8367,57.6682],[-126.8701,57.6401],[-126.7843,57.5761],[-126.7961,57.5659],[-126.988,57.53],[-127.057,57.5073],[-127.0931,57.5281],[-127.1501,57.5359],[-127.1452,57.5776],[-127.1814,57.5977],[-127.2719,57.6032],[-127.3419,57.5491],[-127.3251,57.4823],[-127.3029,57.4467],[-127.3743,57.4182],[-127.4112,57.383],[-127.4803,57.3357],[-127.4912,57.3034],[-127.4673,57.21],[-127.5215,57.1707],[-127.6024,57.1517],[-127.697,57.1409],[-127.7303,57.11],[-127.7329,57.0196],[-127.6771,56.9768],[-127.5612,56.9772],[-127.5411,56.969],[-127.5448,56.9314],[-127.6038,56.8888],[-127.564,56.8617],[-127.6108,56.8533],[-127.6033,56.834],[-127.5233,56.7731],[-127.5327,56.7407],[-127.4159,56.6768],[-127.3623,56.69],[-127.2692,56.7328],[-127.2223,56.7459],[-127.1289,56.6264],[-127.1011,56.6135],[-127.0379,56.618],[-126.9929,56.6322],[-126.9023,56.6925],[-126.8567,56.6773],[-126.8115,56.6803],[-126.7172,56.7663],[-126.6748,56.7718],[-126.4883,56.6647],[-126.4177,56.6548],[-126.3315,56.6774],[-126.2313,56.6473],[-126.1704,56.6122],[-126.143,56.5767],[-126.1608,56.5632],[-126.1419,56.5295],[-126.1931,56.4811],[-126.1825,56.4649],[-126.1019,56.4254],[-126.1004,56.3926],[-126.1958,56.3504],[-126.1163,56.2719],[-125.9806,56.2456],[-125.9717,56.1663],[-125.9555,56.1429],[-125.8656,56.1452],[-125.7376,56.1906],[-125.6566,56.2286],[-125.6532,56.1692],[-125.6352,56.1513],[-125.5748,56.169],[-125.4577,56.2334],[-125.4038,56.253],[-125.3246,56.244],[-125.2455,56.2506],[-125.189,56.2947],[-125.1191,56.3036],[-125.0637,56.2631],[-125.0416,56.2031],[-124.9235,56.2444],[-124.8328,56.2235],[-124.7155,56.1338],[-124.661,56.1161],[-124.484,56.13],[-124.4754,56.1189],[-124.4976,56.0673],[-124.4407,55.9989],[-124.4316,55.9548],[-124.3991,55.9506],[-124.374,55.879],[-124.3336,55.8322],[-124.3573,55.7867],[-124.3278,55.7538],[-124.3083,55.7059],[-124.2671,55.6866],[-124.1923,55.6832],[-124.1531,55.6491],[-124.123,55.6397],[-124.0926,55.5688],[-124.0503,55.5413],[-123.9284,55.5544],[-123.9535,55.6027],[-123.9751,55.6095],[-123.9164,55.6568],[-123.8461,55.6824],[-123.818,55.717],[-123.7618,55.7456],[-123.8059,55.758],[-123.8191,55.7904],[-123.8802,55.8255],[-123.9327,55.9097],[-123.8747,55.927],[-123.8571,55.972],[-123.8153,55.9802],[-123.8271,55.9934],[-123.7641,56.05],[-123.6951,56.0507],[-123.6418,56.0395],[-123.3644,56.0153],[-123.2827,55.9833],[-123.2022,55.9814],[-123.1299,55.9943],[-123.0768,56.0319],[-123.0624,56.0611],[-123.0055,56.0826],[-122.9047,56.0939],[-122.781,56.0893],[-122.7001,56.0983],[-122.6286,56.1311],[-122.5555,56.1449],[-122.4379,56.1128],[-122.3045,56.0831],[-122.2887,56.114],[-122.2515,56.1156],[-122.2334,56.1398],[-122.1563,56.1447],[-121.9592,56.1415],[-121.9582,56.1589],[-121.7579,56.1594],[-121.7563,56.1139],[-121.6743,56.1199],[-121.5496,56.1775],[-121.4345,56.2108],[-121.4085,56.2278],[-121.2653,56.2424],[-121.2069,56.2674],[-121.1626,56.2482],[-121.1642,56.3339],[-120.7065,56.3335],[-120.7405,56.2861],[-120.6695,56.2657],[-120.5764,56.2589],[-120.4779,56.2182],[-120.3965,56.135],[-120.377,56.0972],[-120.2324,56.1048],[-120.1708,56.0909],[-120.1049,56.1012],[-120,56.1455],[-120.0001,56.6561],[-120,57],[-120,57.3806],[-120,57.75],[-120,58],[-120.506,57.9998],[-121.2738,58.0014],[-121.7533,57.9991],[-122.2552,58],[-122.7398,58.0006],[-122.7577,57.9976],[-123.0064,57.9998],[-123.752,57.9994],[-124.501,57.9996],[-124.9484,57.9999]]]},"properties":{"id":"5955040","name":"Peace River B"}},
{"type":"Feature","geometry":{"type":"Polygon","coordinates":[[[-120.377,56.0972],[-120.3965,56.135],[-120.4779,56.2182],[-120.5764,56.2589],[-120.6695,56.2657],[-120.7405,56.2861],[-120.7065,56.3335],[-121.1642,56.3339],[-121.1626,56.2482],[-121.0916,56.2202],[-121.0246,56.2192],[-120.9895,56.2313],[-120.9457,56.2193],[-120.9055,56.1918],[-120.8074,56.1984],[-120.772,56.168],[-120.7012,56.1417],[-120.6403,56.1284],[-120.5995,56.13],[-120.5333,56.1151],[-120.4914,56.1186],[-120.4405,56.1024],[-120.377,56.0972]]]},"properties":{"id":"5955042","name":"Peace River C"}},
{"type":"Feature","geometry":{"type":"Polygon","coordinates":[[[-127.725,60],[-128.5,60],[-129,60],[-129.75,60],[-130.25,60],[-130.75,60],[-131.5,60],[-132.25,60],[-132.75,60],[-133.25,60],[-133.75,60],[-134.25,60],[-134.75,60],[-135.25,60],[-136,60],[-136.5,60],[-137,60],[-137.75,60],[-138.25,60],[-139.0522,60],[-139.0421,59.9916],[-138.7908,59.923],[-138.7058,59.9062],[-138.6563,59.7992],[-138.6054,59.7577],[-138.2367,59.5701],[-137.878,59.3814],[-137.6021,59.2407],[-137.4993,58.9831],[-137.5267,58.9066],[-137.4466,58.9087],[-137.2884,58.9995],[-137.2366,59.0114],[-136.9996,59.0914],[-136.8247,59.1598],[-136.582,59.1655],[-136.4675,59.2846],[-136.4762,59.4642],[-136.3977,59.4472],[-136.3014,59.4658],[-136.2363,59.5267],[-136.2414,59.5591],[-136.3557,59.6007],[-136.1952,59.6388],[-135.9457,59.6636],[-135.479,59.7986],[-135.377,59.7429],[-135.2347,59.696],[-135.2218,59.6642],[-135.1544,59.6265],[-135.1175,59.6234],[-135.0277,59.5639],[-135.028,59.4763],[-135.0975,59.427],[-134.9892,59.3879],[-135.0302,59.3484],[-134.9589,59.2811],[-134.6993,59.2484],[-134.6779,59.1928],[-134.5698,59.1335],[-134.4848,59.1334],[-134.4449,59.0865],[-134.3854,59.0414],[-134.4076,58.9785],[-134.3123,58.9614],[-134.3374,58.9203],[-134.2564,58.8591],[-134.0026,58.7741],[-133.8413,58.7302],[-133.6995,58.6091],[-133.5042,58.4964],[-133.3818,58.4326],[-133.4613,58.3899],[-133.3541,58.2834],[-133.1724,58.1516],[-133.0695,58.0001],[-132.5006,57.9999],[-132.0008,57.9999],[-131.319,57.9999],[-131.0017,58.0006],[-131.0042,58.0675],[-131.0046,58.6098],[-131.0098,59.0021],[-130.2399,59.0012],[-129.7978,59.0006],[-129.4895,59.0011],[-128.9432,59.0023],[-128.9587,58.7478],[-129.0022,57.9988],[-129.0025,57.6284],[-129.002,57.1644],[-128.9777,57.1439],[-128.9306,57.1476],[-128.85,57.1167],[-128.7861,57.0757],[-128.7807,57.0529],[-128.7263,57.0422],[-128.6866,56.9854],[-128.6615,56.9723],[-128.6641,56.9263],[-128.6933,56.8784],[-128.6345,56.8836],[-128.5627,56.8434],[-128.449,56.7947],[-128.4183,56.7719],[-128.3585,56.753],[-128.2593,56.7482],[-128.1702,56.7197],[-128.161,56.694],[-128.1765,56.6435],[-128.1106,56.6394],[-128.0711,56.6666],[-127.9895,56.6113],[-127.9162,56.6151],[-127.8974,56.5847],[-127.8476,56.5592],[-127.8545,56.5429],[-127.9668,56.5286],[-127.9887,56.5104],[-127.9638,56.4512],[-127.9786,56.4354],[-128.0801,56.4141],[-128.1365,56.4276],[-128.1635,56.4535],[-128.2652,56.419],[-128.2732,56.3834],[-128.2272,56.3689],[-128.1093,56.3482],[-128.1058,56.3094],[-128.2021,56.3009],[-128.2412,56.2655],[-128.2841,56.2466],[-128.2755,56.2142],[-128.2956,56.1905],[-128.2787,56.1103],[-128.3216,56.0921],[-128.4093,56.1092],[-128.4921,56.1022],[-128.5114,56.0768],[-128.3915,56.0278],[-128.3646,56.0032],[-127.9415,55.9999],[-127.9182,56.0028],[-127.5004,56.0015],[-127.0243,56.0001],[-126.5002,56],[-125.9398,55.9995],[-125.5003,55.9999],[-124.7509,55.9995],[-124.4407,55.9989],[-124.4976,56.0673],[-124.4754,56.1189],[-124.484,56.13],[-124.661,56.1161],[-124.7155,56.1338],[-124.8328,56.2235],[-124.9235,56.2444],[-125.0416,56.2031],[-125.0637,56.2631],[-125.1191,56.3036],[-125.189,56.2947],[-125.2455,56.2506],[-125.3246,56.244],[-125.4038,56.253],[-125.4577,56.2334],[-125.5748,56.169],[-125.6352,56.1513],[-125.6532,56.1692],[-125.6566,56.2286],[-125.7376,56.1906],[-125.8656,56.1452],[-125.9555,56.1429],[-125.9717,56.1663],[-125.9806,56.2456],[-126.1163,56.2719],[-126.1958,56.3504],[-126.1004,56.3926],[-126.1019,56.4254],[-126.1825,56.4649],[-126.1931,56.4811],[-126.1419,56.5295],[-126.1608,56.5632],[-126.143,56.5767],[-126.1704,56.6122],[-126.2313,56.6473],[-126.3315,56.6774],[-126.4177,56.6548],[-126.4883,56.6647],[-126.6748,56.7718],[-126.7172,56.7663],[-126.8115,56.6803],[-126.8567,56.6773],[-126.9023,56.6925],[-126.9929,56.6322],[-127.0379,56.618],[-127.1011,56.6135],[-127.1289,56.6264],[-127.2223,56.7459],[-127.2692,56.7328],[-127.3623,56.69],[-127.4159,56.6768],[-127.5327,56.7407],[-127.5233,56.7731],[-127.6033,56.834],[-127.6108,56.8533],[-127.564,56.8617],[-127.6038,56.8888],[-127.5448,56.9314],[-127.5411,56.969],[-127.5612,56.9772],[-127.6771,56.9768],[-127.7329,57.0196],[-127.7303,57.11],[-127.697,57.1409],[-127.6024,57.1517],[-127.5215,57.1707],[-127.4673,57.21],[-127.4912,57.3034],[-127.4803,57.3357],[-127.4112,57.383],[-127.3743,57.4182],[-127.3029,57.4467],[-127.3251,57.4823],[-127.3419,57.5491],[-127.2719,57.6032],[-127.1814,57.5977],[-127.1452,57.5776],[-127.1501,57.5359],[-127.0931,57.5281],[-127.057,57.5073],[-126.988,57.53],[-126.7961,57.5659],[-126.7843,57.5761],[-126.8701,57.6401],[-126.8367,57.6682],[-126.8525,57.6882],[-126.9182,57.6987],[-126.954,57.7441],[-126.9813,57.7608],[-126.9591,57.7971],[-126.8691,57.7853],[-126.888,57.8673],[-126.9706,57.9331],[-126.98,57.9612],[-126.9509,57.9895],[-126.868,58.0034],[-126.773,58.0111],[-126.7031,58.0271],[-126.6629,57.9908],[-126.6041,57.9602],[-126.518,57.941],[-126.3852,57.9262],[-126.3159,57.8619],[-126.2687,57.8557],[-126.2287,57.9337],[-126.1829,57.9446],[-126.1401,57.9224],[-126.0779,57.9137],[-126.054,57.9302],[-126.0441,57.9669],[-125.9747,57.967],[-125.9164,57.9807],[-125.8375,57.9794],[-125.7974,57.9661],[-125.7896,57.9226],[-125.7668,57.9082],[-125.7474,57.8656],[-125.6996,57.8683],[-125.6534,57.9222],[-125.5938,57.9143],[-125.489,57.9412],[-125.451,57.9716],[-125.3866,57.9887],[-125.2508,58.0054],[-125.2039,58.0224],[-125.0947,58.0191],[-124.9823,57.9814],[-124.9484,57.9999],[-124.917,58.0304],[-124.9191,58.074],[-124.861,58.1249],[-124.884,58.1643],[-124.8297,58.2071],[-124.8798,58.2234],[-124.9263,58.2532],[-124.9519,58.2308],[-125.0388,58.2416],[-125.057,58.2354],[-125.1601,58.2438],[-125.2013,58.2393],[-125.2886,58.3029],[-125.3285,58.2778],[-125.3773,58.2984],[-125.4393,58.3411],[-125.4805,58.3087],[-125.5518,58.3196],[-125.6502,58.3039],[-125.7174,58.3073],[-125.823,58.3694],[-125.8574,58.4127],[-125.9309,58.3953],[-126.0146,58.4066],[-126.0601,58.4205],[-126.0705,58.4494],[-126.1381,58.4651],[-126.2076,58.4934],[-126.2848,58.5493],[-126.3029,58.5984],[-126.3324,58.61],[-126.4033,58.5969],[-126.4868,58.605],[-126.552,58.5791],[-126.6056,58.5852],[-126.6999,58.6489],[-126.7439,58.6673],[-126.8356,58.6631],[-126.8735,58.6367],[-126.9067,58.6612],[-126.8398,58.7081],[-126.8344,58.7221],[-126.8953,58.7781],[-126.9487,58.809],[-127.0214,58.8066],[-127.0594,58.8506],[-126.9924,58.9093],[-126.9435,58.9718],[-126.9514,59.0247],[-126.9786,59.0498],[-126.9721,59.103],[-127.0276,59.133],[-127.1132,59.1205],[-127.1709,59.1402],[-127.223,59.2172],[-127.2274,59.2422],[-127.2797,59.2822],[-127.3331,59.3466],[-127.3426,59.3787],[-127.4277,59.4553],[-127.4462,59.489],[-127.494,59.5301],[-127.5327,59.5344],[-127.5927,59.597],[-127.7277,59.63],[-127.7526,59.6667],[-127.7978,59.6951],[-127.8106,59.7593],[-127.8027,59.7855],[-127.7616,59.7997],[-127.7692,59.8282],[-127.6606,59.855],[-127.6555,59.8801],[-127.7286,59.8957],[-127.725,60]]]},"properties":{"id":"5957022","name":"Stikine Region"}},
{"type":"Feature","geometry":{"type":"Polygon","coordinates":[[[-120,58],[-120,58.4823],[-120,58.75],[-120,59.0893],[-120,59.5],[-120,60],[-120.75,60],[-121.25,60],[-121.75,60],[-122.25,60],[-122.75,60],[-123.5,60],[-124,60],[-124.5,60],[-125,60],[-125.5,60],[-126,60],[-126.5,60],[-127,60],[-127.725,60],[-127.7286,59.8957],[-127.6555,59.8801],[-127.6606,59.855],[-127.7692,59.8282],[-127.7616,59.7997],[-127.8027,59.7855],[-127.8106,59.7593],[-127.7978,59.6951],[-127.7526,59.6667],[-127.7277,59.63],[-127.5927,59.597],[-127.5327,59.5344],[-127.494,59.5301],[-127.4462,59.489],[-127.4277,59.4553],[-127.3426,59.3787],[-127.3331,59.3466],[-127.2797,59.2822],[-127.2274,59.2422],[-127.223,59.2172],[-127.1709,59.1402],[-127.1132,59.1205],[-127.0276,59.133],[-126.9721,59.103],[-126.9786,59.0498],[-126.9514,59.0247],[-126.9435,58.9718],[-126.9924,58.9093],[-127.0594,58.8506],[-127.0214,58.8066],[-126.9487,58.809],[-126.8953,58.7781],[-126.8344,58.7221],[-126.8398,58.7081],[-126.9067,58.6612],[-126.8735,58.6367],[-126.8356,58.6631],[-126.7439,58.6673],[-126.6999,58.6489],[-126.6056,58.5852],[-126.552,58.5791],[-126.4868,58.605],[-126.4033,58.5969],[-126.3324,58.61],[-126.3029,58.5984],[-126.2848,58.5493],[-126.2076,58.4934],[-126.1381,58.4651],[-126.0705,58.4494],[-126.0601,58.4205],[-126.0146,58.4066],[-125.9309,58.3953],[-125.8574,58.4127],[-125.823,58.3694],[-125.7174,58.3073],[-125.6502,58.3039],[-125.5518,58.3196],[-125.4805,58.3087],[-125.4393,58.3411],[-125.3773,58.2984],[-125.3285,58.2778],[-125.2886,58.3029],[-125.2013,58.2393],[-125.1601,58.2438],[-125.057,58.2354],[-125.0388,58.2416],[-124.9519,58.2308],[-124.9263,58.2532],[-124.8798,58.2234],[-124.8297,58.2071],[-124.884,58.1643],[-124.861,58.1249],[-124.9191,58.074],[-124.917,58.0304],[-124.9484,57.9999],[-124.501,57.9996],[-123.752,57.9994],[-123.0064,57.9998],[-122.7577,57.9976],[-122.7398,58.0006],[-122.2552,58],[-121.7533,57.9991],[-121.2738,58.0014],[-120.506,57.9998],[-120,58]]]},"properties":{"id":"5959007","name":"Northern Rockies"}}
]}