{"type":"FeatureCollection", "features": [
{"type":"Feature","geometry":{"type":"Polygon","coordinates":[[[-101.6307,48.9995],[-101.362,48.9995],[-101.3621,49.1778],[-101.3915,49.1779],[-101.3921,49.2664],[-101.6644,49.2668],[-101.6644,49.1779],[-101.6308,49.1779],[-101.6307,48.9995]]]},"properties":{"id":"4701001","name":"Argyle No. 1"}},
{"type":"Feature","geometry":{"type":"Polygon","coordinates":[[[-101.6644,49.2668],[-102.0063,49.2638],[-102.0063,49.2605],[-102.0063,48.999],[-101.6307,48.9995],[-101.6308,49.1779],[-101.6644,49.1779],[-101.6644,49.2668]]]},"properties":{"id":"4701006","name":"Mount Pleasant No. 2"}},
{"type":"Feature","geometry":{"type":"Polygon","coordinates":[[[-102.0063,49.2605],[-102.4101,49.2609],[-102.4094,48.999],[-102.0063,48.999],[-102.0063,49.2605]]]},"properties":{"id":"4701011","name":"Enniskillen No. 3"}},
{"type":"Feature","geometry":{"type":"Polygon","coordinates":[[[-102.4094,48.999],[-102.4101,49.2609],[-102.8137,49.2608],[-102.8123,48.9994],[-102.4094,48.999]]]},"properties":{"id":"4701016","name":"Coalfields No. 4"}},
{"type":"Feature","geometry":{"type":"Polygon","coordinates":[[[-102.8123,48.9994],[-102.8137,49.2608],[-103.2169,49.2607],[-103.2173,49.1739],[-103.2087,49.1739],[-103.2087,48.9994],[-102.8123,48.9994]]]},"properties":{"id":"4701022","name":"Estevan No. 5"}},
{"type":"Feature","geometry":{"type":"Polygon","coordinates":[[[-102.8137,49.2608],[-102.8138,49.5227],[-102.8202,49.5227],[-103.2174,49.5227],[-103.2169,49.2607],[-102.8137,49.2608]]]},"properties":{"id":"4701027","name":"Benson No. 35"}},
{"type":"Feature","geometry":{"type":"Polygon","coordinates":[[[-102.4101,49.2609],[-102.4093,49.5227],[-102.4129,49.5227],[-102.8138,49.5227],[-102.8137,49.2608],[-102.4101,49.2609]]]},"properties":{"id":"4701031","name":"Browning No. 34"}},
{"type":"Feature","geometry":{"type":"Polygon","coordinates":[[[-102.0063,49.2638],[-102.0063,49.5227],[-102.4093,49.5227],[-102.4101,49.2609],[-102.0063,49.2605],[-102.0063,49.2638]]]},"properties":{"id":"4701036","name":"Moose Creek No. 33"}},
{"type":"Feature","geometry":{"type":"Polygon","coordinates":[[[-101.6644,49.2668],[-101.6639,49.5327],[-101.828,49.5327],[-102.0063,49.5284],[-102.0063,49.5227],[-102.0063,49.2638],[-101.6644,49.2668]]]},"properties":{"id":"4701039","name":"Reciprocity No. 32"}},
{"type":"Feature","geometry":{"type":"Polygon","coordinates":[[[-101.3921,49.2664],[-101.3926,49.5327],[-101.4176,49.5327],[-101.6639,49.5327],[-101.6644,49.2668],[-101.3921,49.2664]]]},"properties":{"id":"4701043","name":"Storthoaks No. 31"}},
{"type":"Feature","geometry":{"type":"Polygon","coordinates":[[[-101.6906,49.7093],[-101.8071,49.7097],[-102.0067,49.7059],[-102.0063,49.5284],[-101.828,49.5327],[-101.6639,49.5327],[-101.4176,49.5327],[-101.4178,49.7098],[-101.6906,49.7093]]]},"properties":{"id":"4701047","name":"Antler No. 61"}},
{"type":"Feature","geometry":{"type":"Polygon","coordinates":[[[-102.0062,49.7846],[-102.168,49.7848],[-102.1653,49.8062],[-102.335,49.8063],[-102.3354,49.7843],[-102.4129,49.7844],[-102.4129,49.5227],[-102.4093,49.5227],[-102.0063,49.5227],[-102.0063,49.5284],[-102.0067,49.7059],[-102.0062,49.7846]]]},"properties":{"id":"4701053","name":"Moose Mountain No. 63"}},
{"type":"Feature","geometry":{"type":"Polygon","coordinates":[[[-102.4129,49.7844],[-102.6838,49.7846],[-102.6838,49.7551],[-102.7291,49.7628],[-102.7852,49.7556],[-102.8195,49.7357],[-102.8202,49.5227],[-102.8138,49.5227],[-102.4129,49.5227],[-102.4129,49.7844]]]},"properties":{"id":"4701058","name":"Brock No. 64"}},
{"type":"Feature","geometry":{"type":"Polygon","coordinates":[[[-102.8194,49.7846],[-103.2258,49.7847],[-103.2259,49.5227],[-103.2174,49.5227],[-102.8202,49.5227],[-102.8195,49.7357],[-102.8194,49.77],[-102.8194,49.7846]]]},"properties":{"id":"4701063","name":"Tecumseh No. 65"}},
{"type":"Feature","geometry":{"type":"Polygon","coordinates":[[[-102.8253,50.0472],[-103.2338,50.0473],[-103.2346,49.8722],[-103.2257,49.8722],[-103.2258,49.7847],[-102.8194,49.7846],[-102.8186,49.8722],[-102.8252,49.8722],[-102.8253,50.0472]]]},"properties":{"id":"4701069","name":"Golden West No. 95"}},
{"type":"Feature","geometry":{"type":"Polygon","coordinates":[[[-102.4158,50.0471],[-102.8253,50.0472],[-102.8252,49.8722],[-102.8186,49.8722],[-102.8194,49.7846],[-102.8194,49.77],[-102.8195,49.7357],[-102.7852,49.7556],[-102.7291,49.7628],[-102.6838,49.7551],[-102.6838,49.7846],[-102.4129,49.7844],[-102.4156,49.8725],[-102.4158,50.0471]]]},"properties":{"id":"4701072","name":"Hazelwood No. 94"}},
{"type":"Feature","geometry":{"type":"Polygon","coordinates":[[[-102.4158,50.0471],[-102.4156,49.8725],[-102.4129,49.7844],[-102.3354,49.7843],[-102.335,49.8063],[-102.1653,49.8062],[-102.168,49.7848],[-102.0062,49.7846],[-102.0064,50.0467],[-102.4158,50.0471]]]},"properties":{"id":"4701076","name":"Wawken No. 93"}},
{"type":"Feature","geometry":{"type":"Polygon","coordinates":[[[-101.7225,50.0636],[-101.8619,50.0636],[-102.0064,50.0603],[-102.0064,50.0467],[-102.0062,49.7846],[-102.0067,49.7059],[-101.8071,49.7097],[-101.6906,49.7093],[-101.6915,49.8865],[-101.7223,49.8866],[-101.7225,50.0636]]]},"properties":{"id":"4701091","name":"Walpole No. 92"}},
{"type":"Feature","geometry":{"type":"Polygon","coordinates":[[[-101.4178,49.7098],[-101.4175,49.8867],[-101.4472,49.8944],[-101.4473,50.064],[-101.7225,50.0636],[-101.7223,49.8866],[-101.6915,49.8865],[-101.6906,49.7093],[-101.4178,49.7098]]]},"properties":{"id":"4701094","name":"Maryfield No. 91"}},
{"type":"Feature","geometry":{"type":"Polygon","coordinates":[[[-103.2169,49.2607],[-103.6206,49.2608],[-103.6207,49.1738],[-103.6091,49.1738],[-103.609,48.9993],[-103.2087,48.9994],[-103.2087,49.1739],[-103.2173,49.1739],[-103.2169,49.2607]]]},"properties":{"id":"4702001","name":"Cambria No. 6"}},
{"type":"Feature","geometry":{"type":"Polygon","coordinates":[[[-103.6206,49.2608],[-104.0243,49.2606],[-104.0247,49.1741],[-104.0098,49.1741],[-104.0098,49.0022],[-104.0124,48.9999],[-103.609,48.9993],[-103.6091,49.1738],[-103.6207,49.1738],[-103.6206,49.2608]]]},"properties":{"id":"4702006","name":"Souris Valley No. 7"}},
{"type":"Feature","geometry":{"type":"Polygon","coordinates":[[[-104.4277,49.2607],[-104.4277,49.1736],[-104.4085,49.1735],[-104.41,48.9996],[-104.0124,48.9999],[-104.0098,49.0022],[-104.0098,49.1741],[-104.0247,49.1741],[-104.0243,49.2606],[-104.4277,49.2607]]]},"properties":{"id":"4702011","name":"Lake Alma No. 8"}},
{"type":"Feature","geometry":{"type":"Polygon","coordinates":[[[-104.4277,49.2607],[-104.8311,49.2606],[-104.8312,49.1737],[-104.8112,49.1739],[-104.811,48.9992],[-104.41,48.9996],[-104.4085,49.1735],[-104.4277,49.1736],[-104.4277,49.2607]]]},"properties":{"id":"4702014","name":"Surprise Valley No. 9"}},
{"type":"Feature","geometry":{"type":"Polygon","coordinates":[[[-104.8311,49.2606],[-105.2344,49.2608],[-105.2344,49.1737],[-105.2116,49.1739],[-105.2116,48.9994],[-104.811,48.9992],[-104.8112,49.1739],[-104.8312,49.1737],[-104.8311,49.2606]]]},"properties":{"id":"4702018","name":"Happy Valley No. 10"}},
{"type":"Feature","geometry":{"type":"Polygon","coordinates":[[[-104.852,49.5228],[-105.2343,49.5228],[-105.2339,49.3858],[-105.2545,49.3796],[-105.2902,49.3863],[-105.3329,49.3749],[-105.3686,49.3887],[-105.3689,49.348],[-105.5038,49.348],[-105.5032,49.2611],[-105.2344,49.2608],[-104.8311,49.2606],[-104.8309,49.5228],[-104.852,49.5228]]]},"properties":{"id":"4702024","name":"Bengough No. 40"}},
{"type":"Feature","geometry":{"type":"Polygon","coordinates":[[[-104.4277,49.2607],[-104.4277,49.5227],[-104.4453,49.5227],[-104.8309,49.5228],[-104.8311,49.2606],[-104.4277,49.2607]]]},"properties":{"id":"4702026","name":"The Gap No. 39"}},
{"type":"Feature","geometry":{"type":"Polygon","coordinates":[[[-104.0387,49.5228],[-104.4277,49.5227],[-104.4277,49.2607],[-104.0243,49.2606],[-104.0243,49.5228],[-104.0387,49.5228]]]},"properties":{"id":"4702029","name":"Laurier No. 38"}},
{"type":"Feature","geometry":{"type":"Polygon","coordinates":[[[-103.6324,49.5227],[-104.0243,49.5228],[-104.0243,49.2606],[-103.6206,49.2608],[-103.6204,49.5227],[-103.6324,49.5227]]]},"properties":{"id":"4702033","name":"Lomond No. 37"}},
{"type":"Feature","geometry":{"type":"Polygon","coordinates":[[[-103.2259,49.5227],[-103.6204,49.5227],[-103.6206,49.2608],[-103.2169,49.2607],[-103.2174,49.5227],[-103.2259,49.5227]]]},"properties":{"id":"4702037","name":"Cymri No. 36"}},
{"type":"Feature","geometry":{"type":"Polygon","coordinates":[[[-103.2258,49.7847],[-103.6325,49.7848],[-103.6324,49.5227],[-103.6204,49.5227],[-103.2259,49.5227],[-103.2258,49.7847]]]},"properties":{"id":"4702042","name":"Griffin No. 66"}},
{"type":"Feature","geometry":{"type":"Polygon","coordinates":[[[-103.6325,49.7848],[-104.037,49.7848],[-104.0389,49.7848],[-104.0387,49.5228],[-104.0243,49.5228],[-103.6324,49.5227],[-103.6325,49.7848]]]},"properties":{"id":"4702044","name":"Weyburn No. 67"}},
{"type":"Feature","geometry":{"type":"Polygon","coordinates":[[[-104.0389,49.7848],[-104.4455,49.7846],[-104.4453,49.5227],[-104.4277,49.5227],[-104.0387,49.5228],[-104.0389,49.7848]]]},"properties":{"id":"4702051","name":"Brokenshell No. 68"}},
{"type":"Feature","geometry":{"type":"Polygon","coordinates":[[[-104.4453,49.5227],[-104.4455,49.7846],[-104.8517,49.7847],[-104.852,49.5228],[-104.8309,49.5228],[-104.4453,49.5227]]]},"properties":{"id":"4702052","name":"Norton No. 69"}},
{"type":"Feature","geometry":{"type":"Polygon","coordinates":[[[-104.8517,49.7847],[-105.2578,49.785],[-105.2578,49.7846],[-105.258,49.523],[-105.2343,49.5228],[-104.852,49.5228],[-104.8517,49.7847]]]},"properties":{"id":"4702057","name":"Key West No. 70"}},
{"type":"Feature","geometry":{"type":"Polygon","coordinates":[[[-104.873,50.047],[-105.2824,50.047],[-105.2827,49.8721],[-105.2581,49.8718],[-105.2578,49.785],[-104.8517,49.7847],[-104.8512,49.8716],[-104.8741,49.8717],[-104.873,50.047]]]},"properties":{"id":"4702061","name":"Elmsthorpe No. 100"}},
{"type":"Feature","geometry":{"type":"Polygon","coordinates":[[[-104.4634,50.0471],[-104.873,50.047],[-104.8741,49.8717],[-104.8512,49.8716],[-104.8517,49.7847],[-104.4455,49.7846],[-104.4453,49.8721],[-104.4634,49.8722],[-104.4634,50.0471]]]},"properties":{"id":"4702066","name":"Caledonia No. 99"}},
{"type":"Feature","geometry":{"type":"Polygon","coordinates":[[[-104.037,49.7848],[-104.0389,49.8723],[-104.0538,49.8723],[-104.0538,50.0471],[-104.4634,50.0471],[-104.4634,49.8722],[-104.4453,49.8721],[-104.4455,49.7846],[-104.0389,49.7848],[-104.037,49.7848]]]},"properties":{"id":"4702069","name":"Scott No. 98"}},
{"type":"Feature","geometry":{"type":"Polygon","coordinates":[[[-103.6442,50.0472],[-104.0538,50.0471],[-104.0538,49.8723],[-104.0389,49.8723],[-104.037,49.7848],[-103.6325,49.7848],[-103.6332,49.8722],[-103.6443,49.8722],[-103.6442,50.0472]]]},"properties":{"id":"4702073","name":"Wellington No. 97"}},
{"type":"Feature","geometry":{"type":"Polygon","coordinates":[[[-103.2258,49.7847],[-103.2257,49.8722],[-103.2346,49.8722],[-103.2338,50.0473],[-103.6442,50.0472],[-103.6443,49.8722],[-103.6332,49.8722],[-103.6325,49.7848],[-103.2258,49.7847]]]},"properties":{"id":"4702076","name":"Fillmore No. 96"}},
{"type":"Feature","geometry":{"type":"Polygon","coordinates":[[[-105.5032,49.2611],[-105.6377,49.2608],[-105.6378,49.1786],[-105.6121,49.1735],[-105.6124,48.9998],[-105.2116,48.9994],[-105.2116,49.1739],[-105.2344,49.1737],[-105.2344,49.2608],[-105.5032,49.2611]]]},"properties":{"id":"4703001","name":"Hart Butte No. 11"}},
{"type":"Feature","geometry":{"type":"Polygon","coordinates":[[[-105.6377,49.2608],[-105.8238,49.2609],[-105.8601,49.2204],[-105.8851,49.2162],[-105.921,49.2537],[-105.9384,49.2608],[-106.0054,49.2613],[-106.0055,48.9995],[-105.6124,48.9998],[-105.6121,49.1735],[-105.6378,49.1786],[-105.6377,49.2608]]]},"properties":{"id":"4703006","name":"Poplar Valley No. 12"}},
{"type":"Feature","geometry":{"type":"Polygon","coordinates":[[[-106.0052,49.4512],[-106.1239,49.4537],[-106.1449,49.4484],[-106.2004,49.4767],[-106.2588,49.4821],[-106.2683,49.4646],[-106.3046,49.4561],[-106.3312,49.466],[-106.4108,49.4656],[-106.4104,49.2622],[-106.5001,49.262],[-106.5005,49.1747],[-106.5414,49.1746],[-106.5411,49],[-106.2336,48.9993],[-106.0055,48.9995],[-106.0054,49.2613],[-106.0052,49.4512]]]},"properties":{"id":"4703011","name":"Old Post No. 43"}},
{"type":"Feature","geometry":{"type":"Polygon","coordinates":[[[-107.2238,49.5241],[-107.6209,49.5237],[-107.6205,49.2618],[-107.2173,49.2618],[-107.2176,49.5237],[-107.2238,49.5241]]]},"properties":{"id":"4703016","name":"Glen McPherson No. 46"}},
{"type":"Feature","geometry":{"type":"Polygon","coordinates":[[[-106.8172,49.5237],[-107.2176,49.5237],[-107.2173,49.2618],[-107.2173,49.1746],[-107.2063,49.1747],[-107.2089,49],[-106.8086,49.0001],[-106.8072,49.1746],[-106.8127,49.1746],[-106.8142,49.5237],[-106.8172,49.5237]]]},"properties":{"id":"4703018","name":"Mankota No. 45"}},
{"type":"Feature","geometry":{"type":"Polygon","coordinates":[[[-106.4109,49.5236],[-106.8142,49.5237],[-106.8127,49.1746],[-106.8072,49.1746],[-106.8086,49.0001],[-106.5411,49],[-106.5414,49.1746],[-106.5005,49.1747],[-106.5001,49.262],[-106.4104,49.2622],[-106.4108,49.4656],[-106.4109,49.5236]]]},"properties":{"id":"4703022","name":"Waverley No. 44"}},
{"type":"Feature","geometry":{"type":"Polygon","coordinates":[[[-105.6653,49.5233],[-105.9365,49.5227],[-106.0052,49.5237],[-106.0052,49.4512],[-106.0054,49.2613],[-105.9384,49.2608],[-105.921,49.2537],[-105.8851,49.2162],[-105.8601,49.2204],[-105.8238,49.2609],[-105.6377,49.2608],[-105.5032,49.2611],[-105.5038,49.348],[-105.3689,49.348],[-105.3686,49.3887],[-105.429,49.4379],[-105.4651,49.4485],[-105.5006,49.448],[-105.5459,49.4605],[-105.5972,49.4591],[-105.6379,49.4701],[-105.6378,49.5233],[-105.6653,49.5233]]]},"properties":{"id":"4703026","name":"Willow Bunch No. 42"}},
{"type":"Feature","geometry":{"type":"Polygon","coordinates":[[[-105.2578,49.7846],[-105.6653,49.7848],[-105.6653,49.5233],[-105.6378,49.5233],[-105.6379,49.4701],[-105.5972,49.4591],[-105.5459,49.4605],[-105.5006,49.448],[-105.4651,49.4485],[-105.429,49.4379],[-105.3686,49.3887],[-105.3329,49.3749],[-105.2902,49.3863],[-105.2545,49.3796],[-105.2339,49.3858],[-105.2343,49.5228],[-105.258,49.523],[-105.2578,49.7846]]]},"properties":{"id":"4703029","name":"Excel No. 71"}},
{"type":"Feature","geometry":{"type":"Polygon","coordinates":[[[-105.7152,49.7851],[-106.0068,49.7858],[-106.0052,49.5237],[-105.9365,49.5227],[-105.6653,49.5233],[-105.6653,49.7848],[-105.7152,49.7851]]]},"properties":{"id":"4703034","name":"Lake of the Rivers No. 72"}},
{"type":"Feature","geometry":{"type":"Polygon","coordinates":[[[-106.0052,49.4512],[-106.0052,49.5237],[-106.0068,49.7858],[-106.4105,49.7855],[-106.4109,49.5236],[-106.4108,49.4656],[-106.3312,49.466],[-106.3046,49.4561],[-106.2683,49.4646],[-106.2588,49.4821],[-106.2004,49.4767],[-106.1449,49.4484],[-106.1239,49.4537],[-106.0052,49.4512]]]},"properties":{"id":"4703038","name":"Stonehenge No. 73"}},
{"type":"Feature","geometry":{"type":"Polygon","coordinates":[[[-106.4105,49.7855],[-106.8171,49.7854],[-106.8172,49.5237],[-106.8142,49.5237],[-106.4109,49.5236],[-106.4105,49.7855]]]},"properties":{"id":"4703042","name":"Wood River No. 74"}},
{"type":"Feature","geometry":{"type":"Polygon","coordinates":[[[-106.8171,49.7854],[-107.2235,49.7861],[-107.2224,49.6103],[-107.2238,49.5241],[-107.2176,49.5237],[-106.8172,49.5237],[-106.8171,49.7854]]]},"properties":{"id":"4703048","name":"Pinto Creek No. 75"}},
{"type":"Feature","geometry":{"type":"Polygon","coordinates":[[[-107.2235,49.7861],[-107.6306,49.7857],[-107.6308,49.5239],[-107.6209,49.5237],[-107.2238,49.5241],[-107.2224,49.6103],[-107.2235,49.7861]]]},"properties":{"id":"4703054","name":"Auvergne No. 76"}},
{"type":"Feature","geometry":{"type":"Polygon","coordinates":[[[-107.2235,49.7861],[-107.2237,49.8731],[-107.234,49.8731],[-107.2329,50.0478],[-107.6429,50.0478],[-107.6428,49.8731],[-107.6307,49.8731],[-107.6306,49.7857],[-107.2235,49.7861]]]},"properties":{"id":"4703059","name":"Whiska Creek No. 106"}},
{"type":"Feature","geometry":{"type":"Polygon","coordinates":[[[-106.8239,50.0477],[-107.2329,50.0478],[-107.234,49.8731],[-107.2237,49.8731],[-107.2235,49.7861],[-106.8171,49.7854],[-106.8241,49.8729],[-106.8239,50.0477]]]},"properties":{"id":"4703064","name":"Glen Bain No. 105"}},
{"type":"Feature","geometry":{"type":"Polygon","coordinates":[[[-106.4105,49.7855],[-106.4149,49.8729],[-106.4125,50.0001],[-106.4144,50.0476],[-106.8234,50.0477],[-106.8239,50.0477],[-106.8241,49.8729],[-106.8171,49.7854],[-106.4105,49.7855]]]},"properties":{"id":"4703068","name":"Gravelbourg No. 104"}},
{"type":"Feature","geometry":{"type":"Polygon","coordinates":[[[-106.0047,50.0473],[-106.4143,50.0477],[-106.4144,50.0476],[-106.4125,50.0001],[-106.4149,49.8729],[-106.4105,49.7855],[-106.0068,49.7858],[-106.004,49.8439],[-106.0047,50.0472],[-106.0047,50.0473]]]},"properties":{"id":"4703074","name":"Sutton No. 103"}},
{"type":"Feature","geometry":{"type":"Polygon","coordinates":[[[-105.6923,50.0467],[-106.0047,50.0472],[-106.004,49.8439],[-106.0068,49.7858],[-105.7152,49.7851],[-105.7336,49.8134],[-105.7158,49.8482],[-105.6908,49.8697],[-105.6923,50.0467]]]},"properties":{"id":"4703093","name":"Lake Johnston No. 102"}},
{"type":"Feature","geometry":{"type":"Polygon","coordinates":[[[-105.2824,50.047],[-105.6923,50.0467],[-105.6908,49.8697],[-105.7158,49.8482],[-105.7336,49.8134],[-105.7152,49.7851],[-105.6653,49.7848],[-105.2578,49.7846],[-105.2578,49.785],[-105.2581,49.8718],[-105.2827,49.8721],[-105.2824,50.047]]]},"properties":{"id":"4703096","name":"Terrell No. 101"}},
{"type":"Feature","geometry":{"type":"Polygon","coordinates":[[[-107.6308,49.5239],[-108.0232,49.5238],[-108.0243,49.4363],[-108.4275,49.4365],[-108.4273,49.2617],[-108.024,49.2617],[-108.0239,49.1744],[-108.0103,49.1744],[-108.0101,49],[-107.5202,48.9995],[-107.2089,49],[-107.2063,49.1747],[-107.2173,49.1746],[-107.2173,49.2618],[-107.6205,49.2618],[-107.6209,49.5237],[-107.6308,49.5239]]]},"properties":{"id":"4704003","name":"Val Marie No. 17"}},
{"type":"Feature","geometry":{"type":"Polygon","coordinates":[[[-108.0101,49],[-108.0103,49.1744],[-108.0239,49.1744],[-108.024,49.2617],[-108.4273,49.2617],[-108.4271,49.1743],[-108.4101,49.1744],[-108.4099,48.9995],[-108.0101,49]]]},"properties":{"id":"4704006","name":"Lone Tree No. 18"}},
{"type":"Feature","geometry":{"type":"Polygon","coordinates":[[[-109.1224,49.2623],[-109.2336,49.2615],[-109.2341,49.1742],[-109.212,49.1737],[-109.2115,49],[-109,49],[-108.4099,48.9995],[-108.4101,49.1744],[-108.4271,49.1743],[-108.4273,49.2617],[-108.9324,49.2616],[-109.1224,49.2623]]]},"properties":{"id":"4704011","name":"Frontier No. 19"}},
{"type":"Feature","geometry":{"type":"Polygon","coordinates":[[[-109.2576,49.5242],[-109.369,49.5236],[-110.0045,49.5236],[-110.0053,49.2276],[-110.005,48.9997],[-109.648,49.0001],[-109.2115,49],[-109.212,49.1737],[-109.2341,49.1742],[-109.2336,49.2615],[-109.1224,49.2623],[-109.1223,49.5096],[-109.1672,49.5094],[-109.1674,49.525],[-109.2576,49.5242]]]},"properties":{"id":"4704019","name":"Reno No. 51"}},
{"type":"Feature","geometry":{"type":"Polygon","coordinates":[[[-108.4273,49.2617],[-108.4275,49.4365],[-108.427,49.5238],[-108.4443,49.5238],[-108.8509,49.5239],[-108.8511,49.6985],[-109.2576,49.6984],[-109.2576,49.5242],[-109.1674,49.525],[-109.1672,49.5094],[-109.1223,49.5096],[-109.1224,49.2623],[-108.9324,49.2616],[-108.4273,49.2617]]]},"properties":{"id":"4704024","name":"White Valley No. 49"}},
{"type":"Feature","geometry":{"type":"Polygon","coordinates":[[[-107.6308,49.5239],[-107.6306,49.7857],[-108.0373,49.7857],[-108.0369,49.6984],[-108.0374,49.5245],[-108.0232,49.5238],[-107.6308,49.5239]]]},"properties":{"id":"4704028","name":"Wise Creek No. 77"}},
{"type":"Feature","geometry":{"type":"Polygon","coordinates":[[[-108.0369,49.6984],[-108.4441,49.6984],[-108.4443,49.5238],[-108.427,49.5238],[-108.4275,49.4365],[-108.0243,49.4363],[-108.0232,49.5238],[-108.0374,49.5245],[-108.0369,49.6984]]]},"properties":{"id":"4704034","name":"Grassy Creek No. 78"}},
{"type":"Feature","geometry":{"type":"Polygon","coordinates":[[[-108.4441,49.7859],[-108.851,49.7856],[-108.8511,49.6985],[-108.8509,49.5239],[-108.4443,49.5238],[-108.4441,49.6984],[-108.4441,49.7859]]]},"properties":{"id":"4704038","name":"Arlington No. 79"}},
{"type":"Feature","geometry":{"type":"Polygon","coordinates":[[[-109.2576,49.6984],[-109.2586,49.873],[-109.2813,49.8741],[-109.2813,50.0479],[-109.6913,50.0479],[-109.6916,50.1355],[-110.0047,50.1348],[-110.0042,49.9599],[-110.0104,49.8728],[-110.0042,49.8144],[-110.0045,49.5236],[-109.369,49.5236],[-109.2576,49.5242],[-109.2576,49.6984]]]},"properties":{"id":"4704045","name":"Maple Creek No. 111"}},
{"type":"Feature","geometry":{"type":"Polygon","coordinates":[[[-108.8916,50.3101],[-109.0986,50.3103],[-109.3039,50.3102],[-109.3046,50.2226],[-109.2803,50.2227],[-109.2813,50.0479],[-109.2813,49.8741],[-109.2586,49.873],[-109.2576,49.6984],[-108.8511,49.6985],[-108.851,49.7856],[-108.8515,49.8705],[-108.8715,49.8732],[-108.8716,50.048],[-108.8717,50.2227],[-108.892,50.2227],[-108.8916,50.3101]]]},"properties":{"id":"4704050","name":"Piapot No. 110"}},
{"type":"Feature","geometry":{"type":"Polygon","coordinates":[[[-108.4441,49.7859],[-108.444,49.8732],[-108.4621,49.8723],[-108.4621,49.9605],[-108.462,50.0477],[-108.8716,50.048],[-108.8715,49.8732],[-108.8515,49.8705],[-108.851,49.7856],[-108.4441,49.7859]]]},"properties":{"id":"4704054","name":"Carmichael No. 109"}},
{"type":"Feature","geometry":{"type":"Polygon","coordinates":[[[-108.0514,49.9608],[-108.4621,49.9605],[-108.4621,49.8723],[-108.444,49.8732],[-108.4441,49.7859],[-108.4441,49.6984],[-108.0369,49.6984],[-108.0373,49.7857],[-108.0374,49.8731],[-108.0523,49.8731],[-108.0514,49.9608]]]},"properties":{"id":"4704058","name":"Bone Creek No. 108"}},
{"type":"Feature","geometry":{"type":"Polygon","coordinates":[[[-107.6429,50.0478],[-107.9665,50.0472],[-108.0523,50.0478],[-108.0514,49.9608],[-108.0523,49.8731],[-108.0374,49.8731],[-108.0373,49.7857],[-107.6306,49.7857],[-107.6307,49.8731],[-107.6428,49.8731],[-107.6429,50.0478]]]},"properties":{"id":"4704061","name":"Lac Pelletier No. 107"}},
{"type":"Feature","geometry":{"type":"Polygon","coordinates":[[[-101.4473,50.064],[-101.4472,50.2405],[-101.4767,50.2405],[-101.4771,50.3289],[-101.754,50.328],[-101.7524,50.2406],[-101.7224,50.2405],[-101.7225,50.0636],[-101.4473,50.064]]]},"properties":{"id":"4705001","name":"Moosomin No. 121"}},
{"type":"Feature","geometry":{"type":"Polygon","coordinates":[[[-101.754,50.328],[-102.0057,50.3252],[-102.0061,50.3096],[-102.0064,50.0603],[-101.8619,50.0636],[-101.7225,50.0636],[-101.7224,50.2405],[-101.7524,50.2406],[-101.754,50.328]]]},"properties":{"id":"4705007","name":"Martin No. 122"}},
{"type":"Feature","geometry":{"type":"Polygon","coordinates":[[[-102.0061,50.3096],[-102.4186,50.3095],[-102.4192,50.3095],[-102.4159,50.1934],[-102.4158,50.0471],[-102.0064,50.0467],[-102.0064,50.0603],[-102.0061,50.3096]]]},"properties":{"id":"4705011","name":"Silverwood No. 123"}},
{"type":"Feature","geometry":{"type":"Polygon","coordinates":[[[-102.4192,50.3095],[-102.8311,50.3095],[-102.8253,50.2218],[-102.8253,50.0472],[-102.4158,50.0471],[-102.4159,50.1934],[-102.4192,50.3095]]]},"properties":{"id":"4705014","name":"Kingsley No. 124"}},
{"type":"Feature","geometry":{"type":"Polygon","coordinates":[[[-103.2447,50.3094],[-103.2435,50.2221],[-103.2349,50.2057],[-103.2338,50.0473],[-102.8253,50.0472],[-102.8253,50.2218],[-102.8311,50.3095],[-102.9685,50.3095],[-103.2447,50.3094]]]},"properties":{"id":"4705018","name":"Chester No. 125"}},
{"type":"Feature","geometry":{"type":"Polygon","coordinates":[[[-103.2435,50.5294],[-103.3043,50.5507],[-103.3817,50.5645],[-103.381,50.3969],[-103.381,50.3091],[-103.2447,50.3094],[-102.9685,50.3095],[-102.9686,50.5717],[-102.9828,50.6013],[-103.0316,50.5849],[-103.0878,50.5429],[-103.113,50.5313],[-103.2016,50.5227],[-103.2435,50.5294]]]},"properties":{"id":"4705027","name":"Wolseley No. 155"}},
{"type":"Feature","geometry":{"type":"MultiPolygon","coordinates":[[[[-102.3264,50.5422],[-102.3104,50.5251],[-102.2926,50.5152],[-102.2922,50.5341],[-102.3264,50.5422]]],[[[-102.8424,50.6383],[-102.9168,50.6412],[-102.9485,50.617],[-102.9828,50.6013],[-102.9686,50.5717],[-102.9685,50.3095],[-102.8311,50.3095],[-102.4192,50.3095],[-102.4186,50.3095],[-102.4186,50.4404],[-102.5005,50.4406],[-102.4981,50.5344],[-102.516,50.535],[-102.5594,50.5578],[-102.6187,50.5669],[-102.7083,50.6125],[-102.77,50.5957],[-102.7951,50.6111],[-102.7965,50.6375],[-102.8424,50.6383]]]]},"properties":{"id":"4705028","name":"Elcapo No. 154"}},
{"type":"Feature","geometry":{"type":"Polygon","coordinates":[[[-102.4183,50.5454],[-102.4761,50.5299],[-102.4981,50.5344],[-102.5005,50.4406],[-102.4186,50.4404],[-102.4186,50.3095],[-102.0061,50.3096],[-102.0057,50.3252],[-102.0057,50.5464],[-102.0689,50.5552],[-102.1396,50.5374],[-102.1861,50.5125],[-102.2382,50.5016],[-102.2926,50.5152],[-102.3104,50.5251],[-102.3635,50.5393],[-102.4183,50.5454]]]},"properties":{"id":"4705033","name":"Willowdale No. 153"}},
{"type":"Feature","geometry":{"type":"Polygon","coordinates":[[[-101.4769,50.4854],[-101.4866,50.4904],[-101.5653,50.4908],[-101.5907,50.4967],[-101.6161,50.5192],[-101.7017,50.5163],[-101.7733,50.4765],[-101.8137,50.4965],[-101.8262,50.5299],[-101.8735,50.5355],[-101.9342,50.5176],[-101.9664,50.536],[-102.0057,50.5464],[-102.0057,50.3252],[-101.754,50.328],[-101.4771,50.3289],[-101.4769,50.4854]]]},"properties":{"id":"4705037","name":"Rocanville No. 151"}},
{"type":"Feature","geometry":{"type":"Polygon","coordinates":[[[-101.4769,50.4854],[-101.477,50.5944],[-101.5087,50.5944],[-101.5088,50.6831],[-101.6483,50.6829],[-102.006,50.6792],[-102.0057,50.5464],[-101.9664,50.536],[-101.9342,50.5176],[-101.8735,50.5355],[-101.8262,50.5299],[-101.8137,50.4965],[-101.7733,50.4765],[-101.7017,50.5163],[-101.6161,50.5192],[-101.5907,50.4967],[-101.5653,50.4908],[-101.4866,50.4904],[-101.4769,50.4854]]]},"properties":{"id":"4705041","name":"Spy Hill No. 152"}},
{"type":"Feature","geometry":{"type":"Polygon","coordinates":[[[-101.5088,50.8598],[-101.6484,50.8601],[-102.0059,50.8557],[-102.006,50.6792],[-101.6483,50.6829],[-101.5088,50.6831],[-101.5088,50.8598]]]},"properties":{"id":"4705047","name":"Langenburg No. 181"}},
{"type":"Feature","geometry":{"type":"Polygon","coordinates":[[[-102.3264,50.5422],[-102.2922,50.5341],[-102.2926,50.5152],[-102.2382,50.5016],[-102.1861,50.5125],[-102.1396,50.5374],[-102.0689,50.5552],[-102.0057,50.5464],[-102.006,50.6792],[-102.0059,50.8557],[-102.4244,50.8556],[-102.4244,50.5918],[-102.4183,50.5454],[-102.3635,50.5393],[-102.3104,50.5251],[-102.3264,50.5422]]]},"properties":{"id":"4705051","name":"Fertile Belt No. 183"}},
{"type":"Feature","geometry":{"type":"Polygon","coordinates":[[[-102.4244,50.8556],[-102.5638,50.8572],[-102.8425,50.8571],[-102.8424,50.6383],[-102.7965,50.6375],[-102.7951,50.6111],[-102.77,50.5957],[-102.7083,50.6125],[-102.6187,50.5669],[-102.5594,50.5578],[-102.516,50.535],[-102.4981,50.5344],[-102.4761,50.5299],[-102.4183,50.5454],[-102.4244,50.5918],[-102.4244,50.8556]]]},"properties":{"id":"4705057","name":"Grayson No. 184"}},
{"type":"Feature","geometry":{"type":"Polygon","coordinates":[[[-102.8425,50.8571],[-103.2611,50.857],[-103.2612,50.5917],[-103.2435,50.5717],[-103.2435,50.5294],[-103.2016,50.5227],[-103.113,50.5313],[-103.0878,50.5429],[-103.0316,50.5849],[-102.9828,50.6013],[-102.9485,50.617],[-102.9168,50.6412],[-102.8424,50.6383],[-102.8425,50.8571]]]},"properties":{"id":"4705063","name":"McLeod No. 185"}},
{"type":"Feature","geometry":{"type":"Polygon","coordinates":[[[-102.8487,51.1218],[-103.2702,51.122],[-103.2697,50.9538],[-103.2842,50.9453],[-103.2845,50.8571],[-103.2611,50.857],[-102.8425,50.8571],[-102.8486,50.9452],[-102.8487,51.1218]]]},"properties":{"id":"4705067","name":"Stanley No. 215"}},
{"type":"Feature","geometry":{"type":"Polygon","coordinates":[[[-102.4276,51.1218],[-102.8487,51.1218],[-102.8486,50.9452],[-102.8425,50.8571],[-102.5638,50.8572],[-102.4244,50.8556],[-102.428,50.9451],[-102.4276,51.1218]]]},"properties":{"id":"4705073","name":"Cana No. 214"}},
{"type":"Feature","geometry":{"type":"Polygon","coordinates":[[[-102.0062,51.1218],[-102.4276,51.1218],[-102.428,50.9451],[-102.4244,50.8556],[-102.0059,50.8557],[-102.0062,51.1218]]]},"properties":{"id":"4705077","name":"Saltcoats No. 213"}},
{"type":"Feature","geometry":{"type":"Polygon","coordinates":[[[-101.539,51.1251],[-101.7266,51.1253],[-102.0062,51.1218],[-102.0059,50.8557],[-101.6484,50.8601],[-101.5088,50.8598],[-101.5087,50.9485],[-101.539,50.9485],[-101.539,51.1251]]]},"properties":{"id":"4705093","name":"Churchbridge No. 211"}},
{"type":"Feature","geometry":{"type":"Polygon","coordinates":[[[-103.381,50.3969],[-103.6563,50.3969],[-103.6559,50.2221],[-103.6442,50.1929],[-103.6442,50.0472],[-103.2338,50.0473],[-103.2349,50.2057],[-103.2435,50.2221],[-103.2447,50.3094],[-103.381,50.3091],[-103.381,50.3969]]]},"properties":{"id":"4706001","name":"Montmartre No. 126"}},
{"type":"Feature","geometry":{"type":"Polygon","coordinates":[[[-103.7923,50.3969],[-104.0681,50.3969],[-104.0678,50.2222],[-104.0537,50.2222],[-104.0538,50.0471],[-103.6442,50.0472],[-103.6442,50.1929],[-103.6559,50.2221],[-103.6563,50.3969],[-103.7923,50.3969]]]},"properties":{"id":"4706004","name":"Francis No. 127"}},
{"type":"Feature","geometry":{"type":"Polygon","coordinates":[[[-104.0538,50.0471],[-104.0537,50.2222],[-104.0678,50.2222],[-104.0681,50.3969],[-104.2054,50.3969],[-104.2056,50.3095],[-104.4802,50.3095],[-104.4805,50.222],[-104.4634,50.222],[-104.4634,50.0471],[-104.0538,50.0471]]]},"properties":{"id":"4706011","name":"Lajord No. 128"}},
{"type":"Feature","geometry":{"type":"Polygon","coordinates":[[[-104.4634,50.0471],[-104.4634,50.222],[-104.4805,50.222],[-104.4802,50.3095],[-104.893,50.3095],[-104.8931,50.2219],[-104.8731,50.2219],[-104.873,50.047],[-104.4634,50.0471]]]},"properties":{"id":"4706013","name":"Bratt's Lake No. 129"}},
{"type":"Feature","geometry":{"type":"Polygon","coordinates":[[[-104.873,50.047],[-104.8731,50.2219],[-104.8931,50.2219],[-104.893,50.3095],[-105.3054,50.3095],[-105.3054,50.2219],[-105.2825,50.2219],[-105.2824,50.047],[-104.873,50.047]]]},"properties":{"id":"4706016","name":"Redburn No. 130"}},
{"type":"Feature","geometry":{"type":"Polygon","coordinates":[[[-105.0554,50.5716],[-105.3057,50.5715],[-105.3054,50.3095],[-104.893,50.3095],[-104.8931,50.5716],[-105.0554,50.5716]]]},"properties":{"id":"4706021","name":"Pense No. 160"}},
{"type":"Feature","geometry":{"type":"Polygon","coordinates":[[[-104.5012,50.5717],[-104.8931,50.5716],[-104.893,50.3095],[-104.4802,50.3095],[-104.4806,50.5695],[-104.5012,50.5717]]]},"properties":{"id":"4706026","name":"Sherwood No. 159"}},
{"type":"Feature","geometry":{"type":"Polygon","coordinates":[[[-104.2239,50.7921],[-104.3618,50.7816],[-104.374,50.7967],[-104.4644,50.7974],[-104.5009,50.819],[-104.5003,50.7826],[-104.4776,50.7826],[-104.4778,50.7464],[-104.5009,50.7464],[-104.5012,50.5717],[-104.4806,50.5695],[-104.4802,50.3095],[-104.2056,50.3095],[-104.2054,50.3969],[-104.2055,50.5716],[-104.2238,50.5716],[-104.2238,50.7098],[-104.2238,50.7465],[-104.1098,50.7467],[-104.1093,50.79],[-104.2239,50.7921]]]},"properties":{"id":"4706029","name":"Edenwold No. 158"}},
{"type":"Feature","geometry":{"type":"Polygon","coordinates":[[[-103.8077,50.6591],[-103.9465,50.6591],[-103.9468,50.674],[-104.1083,50.6735],[-104.1086,50.7098],[-104.2238,50.7098],[-104.2238,50.5716],[-104.2055,50.5716],[-104.2054,50.3969],[-104.0681,50.3969],[-103.7923,50.3969],[-103.7933,50.5716],[-103.8072,50.5716],[-103.8077,50.6591]]]},"properties":{"id":"4706034","name":"South Qu'Appelle No. 157"}},
{"type":"Feature","geometry":{"type":"Polygon","coordinates":[[[-103.3817,50.5645],[-103.4567,50.5809],[-103.4837,50.5994],[-103.5568,50.6269],[-103.5964,50.659],[-103.6334,50.6586],[-103.6443,50.6798],[-103.6781,50.6798],[-103.6788,50.659],[-103.8077,50.6591],[-103.8072,50.5716],[-103.7933,50.5716],[-103.7923,50.3969],[-103.6563,50.3969],[-103.381,50.3969],[-103.3817,50.5645]]]},"properties":{"id":"4706038","name":"Indian Head No. 156"}},
{"type":"Feature","geometry":{"type":"Polygon","coordinates":[[[-103.2845,50.8571],[-103.2904,50.8423],[-103.4892,50.8425],[-103.4891,50.8572],[-103.6768,50.8565],[-103.6768,50.8337],[-103.677,50.7411],[-103.6393,50.7072],[-103.6264,50.6798],[-103.6418,50.6798],[-103.6443,50.6798],[-103.6334,50.6586],[-103.5964,50.659],[-103.5568,50.6269],[-103.4837,50.5994],[-103.4567,50.5809],[-103.3817,50.5645],[-103.3043,50.5507],[-103.2435,50.5294],[-103.2435,50.5717],[-103.2612,50.5917],[-103.2611,50.857],[-103.2845,50.8571]]]},"properties":{"id":"4706042","name":"Abernethy No. 186"}},
{"type":"Feature","geometry":{"type":"Polygon","coordinates":[[[-103.6768,50.8337],[-103.8543,50.8337],[-103.8543,50.8477],[-103.9467,50.848],[-103.9467,50.8338],[-104.0853,50.8338],[-104.2238,50.8338],[-104.2239,50.7921],[-104.1093,50.79],[-104.1098,50.7467],[-104.2238,50.7465],[-104.2238,50.7098],[-104.1086,50.7098],[-104.1083,50.6735],[-103.9468,50.674],[-103.9465,50.6591],[-103.8077,50.6591],[-103.6788,50.659],[-103.6781,50.6798],[-103.6443,50.6798],[-103.6418,50.6798],[-103.6264,50.6798],[-103.6393,50.7072],[-103.677,50.7411],[-103.6768,50.8337]]]},"properties":{"id":"4706048","name":"North Qu'Appelle No. 187"}},
{"type":"Feature","geometry":{"type":"Polygon","coordinates":[[[-104.9165,50.7878],[-104.976,50.8061],[-105.031,50.8061],[-105.0379,50.7945],[-105.0201,50.771],[-105.0541,50.7576],[-105.0554,50.5716],[-104.8931,50.5716],[-104.5012,50.5717],[-104.5009,50.7464],[-104.4778,50.7464],[-104.4776,50.7826],[-104.5003,50.7826],[-104.5009,50.819],[-104.5451,50.8101],[-104.5586,50.8175],[-104.6433,50.7884],[-104.676,50.7663],[-104.704,50.7326],[-104.7462,50.7224],[-104.7764,50.7046],[-104.8146,50.701],[-104.8446,50.7081],[-104.8885,50.7667],[-104.9165,50.7878]]]},"properties":{"id":"4706053","name":"Lumsden No. 189"}},
{"type":"Feature","geometry":{"type":"Polygon","coordinates":[[[-105.0702,50.8337],[-105.6094,50.8338],[-105.6095,50.7253],[-105.5113,50.6478],[-105.4536,50.6233],[-105.3815,50.5857],[-105.3415,50.5716],[-105.3057,50.5715],[-105.0554,50.5716],[-105.0541,50.7576],[-105.0201,50.771],[-105.0379,50.7945],[-105.0702,50.8337]]]},"properties":{"id":"4706059","name":"Dufferin No. 190"}},
{"type":"Feature","geometry":{"type":"Polygon","coordinates":[[[-105.2638,51.0962],[-105.6359,51.0957],[-105.6359,50.9234],[-105.6093,50.921],[-105.6094,50.8338],[-105.0702,50.8337],[-105.0912,50.8584],[-105.1107,50.8972],[-105.1633,50.9476],[-105.2072,51.0002],[-105.2486,51.0583],[-105.2637,51.0962],[-105.2638,51.0962]]]},"properties":{"id":"4706063","name":"Sarnia No. 221"}},
{"type":"Feature","geometry":{"type":"Polygon","coordinates":[[[-104.5198,51.0957],[-104.5192,51.183],[-104.6589,51.183],[-104.6589,51.1388],[-104.7984,51.1388],[-104.7984,51.0957],[-104.7984,50.9211],[-104.9166,50.9211],[-104.9165,50.7878],[-104.8885,50.7667],[-104.8446,50.7081],[-104.8146,50.701],[-104.7764,50.7046],[-104.7462,50.7224],[-104.704,50.7326],[-104.676,50.7663],[-104.6433,50.7884],[-104.5586,50.8175],[-104.5451,50.8101],[-104.5009,50.819],[-104.501,50.9211],[-104.5193,50.9211],[-104.5198,51.0957]]]},"properties":{"id":"4706070","name":"Longlaketon No. 219"}},
{"type":"Feature","geometry":{"type":"Polygon","coordinates":[[[-104.9165,50.7878],[-104.9166,50.9211],[-104.7984,50.9211],[-104.7984,51.0957],[-105.2637,51.0962],[-105.2486,51.0583],[-105.2072,51.0002],[-105.1633,50.9476],[-105.1107,50.8972],[-105.0912,50.8584],[-105.0702,50.8337],[-105.0379,50.7945],[-105.031,50.8061],[-104.976,50.8061],[-104.9165,50.7878]]]},"properties":{"id":"4706071","name":"McKillop No. 220"}},
{"type":"Feature","geometry":{"type":"Polygon","coordinates":[[[-104.1007,51.0957],[-104.5198,51.0957],[-104.5193,50.9211],[-104.501,50.9211],[-104.5009,50.819],[-104.4644,50.7974],[-104.374,50.7967],[-104.3618,50.7816],[-104.2239,50.7921],[-104.2238,50.8338],[-104.0853,50.8338],[-104.0853,50.9212],[-104.101,50.9212],[-104.1007,51.0957]]]},"properties":{"id":"4706091","name":"Cupar No. 218"}},
{"type":"Feature","geometry":{"type":"Polygon","coordinates":[[[-103.6904,51.0953],[-104.1007,51.0957],[-104.101,50.9212],[-104.0853,50.9212],[-104.0853,50.8338],[-103.9467,50.8338],[-103.9467,50.848],[-103.8543,50.8477],[-103.8543,50.8337],[-103.6768,50.8337],[-103.6768,50.8565],[-103.6777,50.9452],[-103.6903,50.9502],[-103.6904,51.0953]]]},"properties":{"id":"4706096","name":"Lipton No. 217"}},
{"type":"Feature","geometry":{"type":"Polygon","coordinates":[[[-103.2702,51.122],[-103.6905,51.1217],[-103.6904,51.0953],[-103.6903,50.9502],[-103.6777,50.9452],[-103.6768,50.8565],[-103.4891,50.8572],[-103.4892,50.8425],[-103.2904,50.8423],[-103.2845,50.8571],[-103.2842,50.9453],[-103.2697,50.9538],[-103.2702,51.122]]]},"properties":{"id":"4706099","name":"Tullymet No. 216"}},
{"type":"Feature","geometry":{"type":"Polygon","coordinates":[[[-105.2824,50.047],[-105.2825,50.2219],[-105.3054,50.2219],[-105.3054,50.3095],[-105.718,50.3094],[-105.718,50.2219],[-105.6917,50.2219],[-105.6923,50.0467],[-105.2824,50.047]]]},"properties":{"id":"4707001","name":"Baildon No. 131"}},
{"type":"Feature","geometry":{"type":"Polygon","coordinates":[[[-105.718,50.3094],[-106.0048,50.3093],[-106.0047,50.0473],[-106.0047,50.0472],[-105.6923,50.0467],[-105.6917,50.2219],[-105.718,50.2219],[-105.718,50.3094]]]},"properties":{"id":"4707004","name":"Hillsborough No. 132"}},
{"type":"Feature","geometry":{"type":"Polygon","coordinates":[[[-106.0048,50.3093],[-106.4172,50.31],[-106.4172,50.2518],[-106.4143,50.222],[-106.4143,50.0477],[-106.0047,50.0473],[-106.0048,50.3093]]]},"properties":{"id":"4707006","name":"Rodgers No. 133"}},
{"type":"Feature","geometry":{"type":"Polygon","coordinates":[[[-106.4143,50.0477],[-106.4143,50.222],[-106.4172,50.2518],[-106.4861,50.2517],[-106.532,50.2807],[-106.5541,50.3098],[-106.8298,50.3095],[-106.8239,50.2226],[-106.8234,50.0477],[-106.4144,50.0476],[-106.4143,50.0477]]]},"properties":{"id":"4707011","name":"Shamrock No. 134"}},
{"type":"Feature","geometry":{"type":"Polygon","coordinates":[[[-106.8298,50.3095],[-107.2421,50.3099],[-107.2422,50.2243],[-107.2333,50.2226],[-107.2329,50.0478],[-106.8239,50.0477],[-106.8234,50.0477],[-106.8239,50.2226],[-106.8298,50.3095]]]},"properties":{"id":"4707014","name":"Lawtonia No. 135"}},
{"type":"Feature","geometry":{"type":"Polygon","coordinates":[[[-107.2421,50.3099],[-107.6545,50.31],[-107.6546,50.2226],[-107.6428,50.2226],[-107.6429,50.0478],[-107.2329,50.0478],[-107.2333,50.2226],[-107.2422,50.2243],[-107.2421,50.3099]]]},"properties":{"id":"4707018","name":"Coulee No. 136"}},
{"type":"Feature","geometry":{"type":"Polygon","coordinates":[[[-107.2509,50.7272],[-107.2838,50.7089],[-107.3264,50.6983],[-107.4164,50.7031],[-107.4391,50.6952],[-107.4845,50.6454],[-107.5559,50.6366],[-107.6015,50.6606],[-107.6578,50.6687],[-107.7461,50.6619],[-107.7287,50.6065],[-107.7168,50.5934],[-107.6895,50.5246],[-107.6658,50.5127],[-107.6544,50.4892],[-107.6545,50.3973],[-107.6545,50.31],[-107.2421,50.3099],[-107.2417,50.5721],[-107.2512,50.5721],[-107.2508,50.7273],[-107.2509,50.7272]]]},"properties":{"id":"4707021","name":"Excelsior No. 166"}},
{"type":"Feature","geometry":{"type":"Polygon","coordinates":[[[-106.8292,50.5721],[-106.8358,50.5721],[-106.8347,50.66],[-106.9754,50.6596],[-106.9737,50.8093],[-106.9889,50.7744],[-107.0454,50.7477],[-107.0996,50.7433],[-107.1717,50.7679],[-107.2054,50.758],[-107.2508,50.7273],[-107.2512,50.5721],[-107.2417,50.5721],[-107.2421,50.3099],[-106.8298,50.3095],[-106.8292,50.5721]]]},"properties":{"id":"4707024","name":"Morse No. 165"}},
{"type":"Feature","geometry":{"type":"Polygon","coordinates":[[[-106.4196,50.5723],[-106.8292,50.5721],[-106.8298,50.3095],[-106.5541,50.3098],[-106.532,50.2807],[-106.4861,50.2517],[-106.4172,50.2518],[-106.4172,50.31],[-106.4163,50.5723],[-106.4196,50.5723]]]},"properties":{"id":"4707029","name":"Chaplin No. 164"}},
{"type":"Feature","geometry":{"type":"Polygon","coordinates":[[[-106.0046,50.572],[-106.4163,50.5723],[-106.4172,50.31],[-106.0048,50.3093],[-106.0046,50.572]]]},"properties":{"id":"4707032","name":"Wheatlands No. 163"}},
{"type":"Feature","geometry":{"type":"Polygon","coordinates":[[[-105.718,50.3094],[-105.7179,50.5717],[-106.0046,50.572],[-106.0048,50.3093],[-105.718,50.3094]]]},"properties":{"id":"4707036","name":"Caron No. 162"}},
{"type":"Feature","geometry":{"type":"Polygon","coordinates":[[[-105.3415,50.5716],[-105.7179,50.5717],[-105.718,50.3094],[-105.3054,50.3095],[-105.3057,50.5715],[-105.3415,50.5716]]]},"properties":{"id":"4707038","name":"Moose Jaw No. 161"}},
{"type":"Feature","geometry":{"type":"Polygon","coordinates":[[[-105.6095,50.7253],[-105.661,50.7534],[-105.7108,50.7656],[-105.8012,50.7739],[-105.8871,50.8187],[-105.9651,50.8523],[-106.0046,50.8786],[-106.0042,50.8341],[-106.0046,50.572],[-105.7179,50.5717],[-105.3415,50.5716],[-105.3815,50.5857],[-105.4536,50.6233],[-105.5113,50.6478],[-105.6095,50.7253]]]},"properties":{"id":"4707042","name":"Marquis No. 191"}},
{"type":"Feature","geometry":{"type":"Polygon","coordinates":[[[-106.0042,50.8341],[-106.4201,50.834],[-106.4196,50.5723],[-106.4163,50.5723],[-106.0046,50.572],[-106.0042,50.8341]]]},"properties":{"id":"4707047","name":"Eyebrow No. 193"}},
{"type":"Feature","geometry":{"type":"Polygon","coordinates":[[[-106.4201,50.834],[-106.9497,50.8343],[-106.9737,50.8093],[-106.9754,50.6596],[-106.8347,50.66],[-106.8358,50.5721],[-106.8292,50.5721],[-106.4196,50.5723],[-106.4201,50.834]]]},"properties":{"id":"4707053","name":"Enfield No. 194"}},
{"type":"Feature","geometry":{"type":"Polygon","coordinates":[[[-106.8926,51.0095],[-107.2603,51.0094],[-107.2601,50.9215],[-107.2517,50.9215],[-107.2509,50.7272],[-107.2508,50.7273],[-107.2054,50.758],[-107.1717,50.7679],[-107.0996,50.7433],[-107.0454,50.7477],[-106.9889,50.7744],[-106.9737,50.8093],[-106.9497,50.8343],[-106.9735,50.8642],[-106.9655,50.8922],[-106.9242,50.9154],[-106.9134,50.9297],[-106.8926,51.0095]]]},"properties":{"id":"4707058","name":"Canaan No. 225"}},
{"type":"Feature","geometry":{"type":"Polygon","coordinates":[[[-107.2603,51.0094],[-107.6778,51.0092],[-107.8184,51.0094],[-107.8184,50.9217],[-107.8057,50.9216],[-107.8052,50.6791],[-107.7461,50.6619],[-107.6578,50.6687],[-107.6015,50.6606],[-107.5559,50.6366],[-107.4845,50.6454],[-107.4391,50.6952],[-107.4164,50.7031],[-107.3264,50.6983],[-107.2838,50.7089],[-107.2509,50.7272],[-107.2517,50.9215],[-107.2601,50.9215],[-107.2603,51.0094]]]},"properties":{"id":"4707063","name":"Victory No. 226"}},
{"type":"Feature","geometry":{"type":"Polygon","coordinates":[[[-107.2603,51.2707],[-107.41,51.2711],[-107.6789,51.2709],[-107.6778,51.0092],[-107.2603,51.0094],[-107.2603,51.2707]]]},"properties":{"id":"4707066","name":"King George No. 256"}},
{"type":"Feature","geometry":{"type":"Polygon","coordinates":[[[-106.8614,51.2732],[-106.8751,51.2709],[-107.2603,51.2707],[-107.2603,51.0094],[-106.8926,51.0095],[-106.8568,51.0315],[-106.7175,51.0512],[-106.6847,51.0732],[-106.6296,51.0972],[-106.6523,51.1148],[-106.7439,51.1386],[-106.8108,51.1884],[-106.8614,51.2732]]]},"properties":{"id":"4707067","name":"Coteau No. 255"}},
{"type":"Feature","geometry":{"type":"Polygon","coordinates":[[[-106.4231,51.0961],[-106.6296,51.0972],[-106.6847,51.0732],[-106.7175,51.0512],[-106.8568,51.0315],[-106.8926,51.0095],[-106.9134,50.9297],[-106.9242,50.9154],[-106.9655,50.8922],[-106.9735,50.8642],[-106.9497,50.8343],[-106.4201,50.834],[-106.4234,50.9284],[-106.4231,51.0961]]]},"properties":{"id":"4707071","name":"Maple Bush No. 224"}},
{"type":"Feature","geometry":{"type":"Polygon","coordinates":[[[-106.0042,50.8341],[-106.0046,50.8786],[-106.0043,51.0961],[-106.4231,51.0961],[-106.4234,50.9284],[-106.4201,50.834],[-106.0042,50.8341]]]},"properties":{"id":"4707076","name":"Huron No. 223"}},
{"type":"Feature","geometry":{"type":"Polygon","coordinates":[[[-105.6359,51.0957],[-106.0043,51.0961],[-106.0046,50.8786],[-105.9651,50.8523],[-105.8871,50.8187],[-105.8012,50.7739],[-105.7108,50.7656],[-105.661,50.7534],[-105.6095,50.7253],[-105.6094,50.8338],[-105.6093,50.921],[-105.6359,50.9234],[-105.6359,51.0957]]]},"properties":{"id":"4707091","name":"Craik No. 222"}},
{"type":"Feature","geometry":{"type":"Polygon","coordinates":[[[-107.6545,50.3973],[-108.067,50.3974],[-108.0671,50.31],[-108.0674,50.2227],[-108.0514,50.2222],[-108.0523,50.0478],[-107.9665,50.0472],[-107.6429,50.0478],[-107.6428,50.2226],[-107.6546,50.2226],[-107.6545,50.31],[-107.6545,50.3973]]]},"properties":{"id":"4708001","name":"Swift Current No. 137"}},
{"type":"Feature","geometry":{"type":"Polygon","coordinates":[[[-108.0523,50.0478],[-108.0514,50.2222],[-108.0674,50.2227],[-108.0671,50.31],[-108.4795,50.3101],[-108.4796,50.2227],[-108.4619,50.2226],[-108.462,50.0477],[-108.4621,49.9605],[-108.0514,49.9608],[-108.0523,50.0478]]]},"properties":{"id":"4708006","name":"Webb No. 138"}},
{"type":"Feature","geometry":{"type":"Polygon","coordinates":[[[-108.4795,50.3101],[-108.8916,50.3101],[-108.892,50.2227],[-108.8717,50.2227],[-108.8716,50.048],[-108.462,50.0477],[-108.4619,50.2226],[-108.4796,50.2227],[-108.4795,50.3101]]]},"properties":{"id":"4708009","name":"Gull Lake No. 139"}},
{"type":"Feature","geometry":{"type":"Polygon","coordinates":[[[-109.3039,50.3102],[-109.7172,50.31],[-109.7173,50.2227],[-109.691,50.2227],[-109.6916,50.1355],[-109.6913,50.0479],[-109.2813,50.0479],[-109.2803,50.2227],[-109.3046,50.2226],[-109.3039,50.3102]]]},"properties":{"id":"4708016","name":"Big Stick No. 141"}},
{"type":"Feature","geometry":{"type":"Polygon","coordinates":[[[-109.7445,50.5721],[-110.0043,50.5722],[-110.0049,50.339],[-110.008,50.2812],[-110.0047,50.1348],[-109.6916,50.1355],[-109.691,50.2227],[-109.7173,50.2227],[-109.7172,50.31],[-109.7172,50.5721],[-109.7445,50.5721]]]},"properties":{"id":"4708021","name":"Enterprise No. 142"}},
{"type":"Feature","geometry":{"type":"Polygon","coordinates":[[[-109.0982,50.5724],[-109.3287,50.5723],[-109.7172,50.5721],[-109.7172,50.31],[-109.3039,50.3102],[-109.0986,50.3103],[-109.0982,50.5724]]]},"properties":{"id":"4708024","name":"Fox Valley No. 171"}},
{"type":"Feature","geometry":{"type":"Polygon","coordinates":[[[-108.9133,50.5722],[-109.0982,50.5724],[-109.0986,50.3103],[-108.8916,50.3101],[-108.4795,50.3101],[-108.4796,50.5722],[-108.498,50.5722],[-108.9133,50.5722]]]},"properties":{"id":"4708028","name":"Pittville No. 169"}},
{"type":"Feature","geometry":{"type":"Polygon","coordinates":[[[-108.0821,50.6794],[-108.1666,50.6738],[-108.2177,50.6618],[-108.2396,50.6651],[-108.3254,50.7],[-108.337,50.728],[-108.3822,50.7703],[-108.438,50.7941],[-108.4522,50.8202],[-108.4603,50.8796],[-108.4969,50.9083],[-108.498,50.5722],[-108.4796,50.5722],[-108.4795,50.3101],[-108.0671,50.31],[-108.067,50.3974],[-108.0669,50.5722],[-108.0822,50.5722],[-108.0821,50.6794]]]},"properties":{"id":"4708031","name":"Riverside No. 168"}},
{"type":"Feature","geometry":{"type":"Polygon","coordinates":[[[-107.8052,50.6791],[-107.8323,50.6848],[-107.9087,50.6879],[-107.9605,50.6537],[-108.0104,50.6542],[-108.0416,50.6723],[-108.0821,50.6794],[-108.0822,50.5722],[-108.0669,50.5722],[-108.067,50.3974],[-107.6545,50.3973],[-107.6544,50.4892],[-107.6658,50.5127],[-107.6895,50.5246],[-107.7168,50.5934],[-107.7287,50.6065],[-107.7461,50.6619],[-107.8052,50.6791]]]},"properties":{"id":"4708038","name":"Saskatchewan Landing No. 167"}},
{"type":"Feature","geometry":{"type":"Polygon","coordinates":[[[-107.8184,51.0094],[-108.074,51.0089],[-108.076,51.0483],[-108.0963,51.0728],[-108.0982,51.0966],[-108.3527,51.0965],[-108.5157,51.0962],[-108.5161,50.9204],[-108.4969,50.9083],[-108.4603,50.8796],[-108.4522,50.8202],[-108.438,50.7941],[-108.3822,50.7703],[-108.337,50.728],[-108.3254,50.7],[-108.2396,50.6651],[-108.2177,50.6618],[-108.1666,50.6738],[-108.0821,50.6794],[-108.0416,50.6723],[-108.0104,50.6542],[-107.9605,50.6537],[-107.9087,50.6879],[-107.8323,50.6848],[-107.8052,50.6791],[-107.8057,50.9216],[-107.8184,50.9217],[-107.8184,51.0094]]]},"properties":{"id":"4708042","name":"Lacadena No. 228"}},
{"type":"Feature","geometry":{"type":"Polygon","coordinates":[[[-108.5161,50.9204],[-108.584,50.9384],[-108.6285,50.9279],[-108.6861,50.9409],[-108.7456,50.9615],[-108.8212,50.9525],[-108.8619,50.9776],[-108.9013,50.9916],[-108.9345,51.0171],[-108.9344,50.9217],[-108.9134,50.9217],[-108.9133,50.5722],[-108.498,50.5722],[-108.4969,50.9083],[-108.5161,50.9204]]]},"properties":{"id":"4708046","name":"Miry Creek No. 229"}},
{"type":"Feature","geometry":{"type":"Polygon","coordinates":[[[-108.9345,51.0171],[-108.9595,51.0237],[-109.0351,51.0243],[-109.0458,51.0174],[-109.127,51.0256],[-109.1906,51.0093],[-109.2336,51.0142],[-109.2579,51.0074],[-109.3069,51.0154],[-109.353,50.994],[-109.3529,50.9216],[-109.3287,50.9216],[-109.3287,50.5723],[-109.0982,50.5724],[-108.9133,50.5722],[-108.9134,50.9217],[-108.9344,50.9217],[-108.9345,51.0171]]]},"properties":{"id":"4708053","name":"Clinworth No. 230"}},
{"type":"Feature","geometry":{"type":"Polygon","coordinates":[[[-109.3537,50.9938],[-109.4076,50.9825],[-109.4838,50.9593],[-109.5112,50.9705],[-109.5563,50.9667],[-109.6725,50.9731],[-109.6944,50.9793],[-109.7011,50.9466],[-109.7234,50.9343],[-109.7719,50.94],[-109.744,50.9216],[-109.7445,50.5721],[-109.7172,50.5721],[-109.3287,50.5723],[-109.3287,50.9216],[-109.3529,50.9216],[-109.353,50.994],[-109.3537,50.9938]]]},"properties":{"id":"4708056","name":"Happyland No. 231"}},
{"type":"Feature","geometry":{"type":"Polygon","coordinates":[[[-109.7719,50.94],[-109.8559,50.9532],[-109.8785,50.9494],[-109.8795,50.9242],[-109.9217,50.9173],[-109.9568,50.9282],[-109.9786,50.9614],[-110.0047,50.9686],[-110.003,50.8338],[-110.0051,50.6884],[-110.0043,50.5722],[-109.7445,50.5721],[-109.744,50.9216],[-109.7719,50.94]]]},"properties":{"id":"4708061","name":"Deer Forks No. 232"}},
{"type":"Feature","geometry":{"type":"Polygon","coordinates":[[[-109.3791,51.3584],[-109.6605,51.3584],[-110.005,51.3579],[-110.0047,50.9686],[-109.9786,50.9614],[-109.9568,50.9282],[-109.9217,50.9173],[-109.8795,50.9242],[-109.8785,50.9494],[-109.8559,50.9532],[-109.7719,50.94],[-109.7234,50.9343],[-109.7011,50.9466],[-109.6944,50.9793],[-109.6725,50.9731],[-109.5563,50.9667],[-109.5112,50.9705],[-109.4838,50.9593],[-109.4076,50.9825],[-109.3537,50.9938],[-109.3528,51.271],[-109.3792,51.271],[-109.3791,51.3584]]]},"properties":{"id":"4708065","name":"Chesterfield No. 261"}},
{"type":"Feature","geometry":{"type":"Polygon","coordinates":[[[-108.9345,51.0171],[-108.9343,51.271],[-108.9575,51.271],[-108.9575,51.3583],[-109.3791,51.3584],[-109.3792,51.271],[-109.3528,51.271],[-109.3537,50.9938],[-109.353,50.994],[-109.3069,51.0154],[-109.2579,51.0074],[-109.2336,51.0142],[-109.1906,51.0093],[-109.127,51.0256],[-109.0458,51.0174],[-109.0351,51.0243],[-108.9595,51.0237],[-108.9345,51.0171]]]},"properties":{"id":"4708071","name":"Newcombe No. 260"}},
{"type":"Feature","geometry":{"type":"Polygon","coordinates":[[[-108.5353,51.3582],[-108.9575,51.3583],[-108.9575,51.271],[-108.9343,51.271],[-108.9345,51.0171],[-108.9013,50.9916],[-108.8619,50.9776],[-108.8212,50.9525],[-108.7456,50.9615],[-108.6861,50.9409],[-108.6285,50.9279],[-108.584,50.9384],[-108.5161,50.9204],[-108.5157,51.0962],[-108.3527,51.0965],[-108.354,51.2709],[-108.3712,51.2709],[-108.3716,51.3583],[-108.5353,51.3582]]]},"properties":{"id":"4708074","name":"Snipe Lake No. 259"}},
{"type":"Feature","geometry":{"type":"Polygon","coordinates":[[[-107.6912,51.3582],[-108.1133,51.3583],[-108.3716,51.3583],[-108.3712,51.2709],[-108.354,51.2709],[-108.3527,51.0965],[-108.0982,51.0966],[-108.0963,51.0728],[-108.076,51.0483],[-108.074,51.0089],[-107.8184,51.0094],[-107.6778,51.0092],[-107.6789,51.2709],[-107.6913,51.2708],[-107.6912,51.3582]]]},"properties":{"id":"4708092","name":"Monet No. 257"}},
{"type":"Feature","geometry":{"type":"Polygon","coordinates":[[[-101.5397,51.2655],[-101.5788,51.2888],[-101.6812,51.3129],[-101.7134,51.3268],[-101.7391,51.39],[-102.0071,51.3869],[-102.0062,51.1218],[-101.7266,51.1253],[-101.539,51.1251],[-101.5397,51.2655]]]},"properties":{"id":"4709001","name":"Calder No. 241"}},
{"type":"Feature","geometry":{"type":"Polygon","coordinates":[[[-102.0071,51.3869],[-102.4308,51.3871],[-102.4276,51.2249],[-102.4276,51.1218],[-102.0062,51.1218],[-102.0071,51.3869]]]},"properties":{"id":"4709006","name":"Wallace No. 243"}},
{"type":"Feature","geometry":{"type":"Polygon","coordinates":[[[-102.4308,51.3871],[-102.8558,51.3869],[-102.8556,51.3002],[-102.8475,51.2986],[-102.8487,51.1218],[-102.4276,51.1218],[-102.4276,51.2249],[-102.4308,51.3871]]]},"properties":{"id":"4709011","name":"Orkney No. 244"}},
{"type":"Feature","geometry":{"type":"Polygon","coordinates":[[[-102.8487,51.1218],[-102.8475,51.2986],[-102.8556,51.3002],[-102.8558,51.3869],[-103.2802,51.387],[-103.2799,51.2971],[-103.2691,51.2971],[-103.2702,51.122],[-102.8487,51.1218]]]},"properties":{"id":"4709019","name":"Garry No. 245"}},
{"type":"Feature","geometry":{"type":"Polygon","coordinates":[[[-102.8572,51.6522],[-103.2803,51.6522],[-103.2802,51.387],[-102.8558,51.3869],[-102.8556,51.6522],[-102.8572,51.6522]]]},"properties":{"id":"4709023","name":"Insinger No. 275"}},
{"type":"Feature","geometry":{"type":"Polygon","coordinates":[[[-102.4312,51.6522],[-102.8556,51.6522],[-102.8558,51.3869],[-102.4308,51.3871],[-102.431,51.6147],[-102.4199,51.6302],[-102.4312,51.6522]]]},"properties":{"id":"4709029","name":"Good Lake No. 274"}},
{"type":"Feature","geometry":{"type":"Polygon","coordinates":[[[-102.0063,51.6522],[-102.4312,51.6522],[-102.4199,51.6302],[-102.431,51.6147],[-102.4308,51.3871],[-102.0071,51.3869],[-102.0063,51.6522]]]},"properties":{"id":"4709033","name":"Sliding Hills No. 273"}},
{"type":"Feature","geometry":{"type":"Polygon","coordinates":[[[-101.5773,51.6549],[-101.8373,51.6547],[-101.8609,51.6687],[-101.9433,51.6666],[-101.9344,51.6526],[-102.0063,51.6522],[-102.0071,51.3869],[-101.7391,51.39],[-101.7134,51.3268],[-101.6812,51.3129],[-101.5788,51.2888],[-101.5397,51.2655],[-101.5391,51.3017],[-101.5705,51.3019],[-101.5705,51.6549],[-101.5773,51.6549]]]},"properties":{"id":"4709037","name":"Cote No. 271"}},
{"type":"Feature","geometry":{"type":"Polygon","coordinates":[[[-101.5772,51.8808],[-102.0059,51.8822],[-102.0063,51.6522],[-101.9344,51.6526],[-101.9433,51.6666],[-101.8609,51.6687],[-101.8373,51.6547],[-101.5773,51.6549],[-101.5772,51.8808]]]},"properties":{"id":"4709042","name":"St. Philips No. 301"}},
{"type":"Feature","geometry":{"type":"Polygon","coordinates":[[[-102.0059,51.8822],[-102.4319,51.8821],[-102.4312,51.6522],[-102.0063,51.6522],[-102.0059,51.8822]]]},"properties":{"id":"4709046","name":"Keys No. 303"}},
{"type":"Feature","geometry":{"type":"Polygon","coordinates":[[[-102.4312,51.6522],[-102.4319,51.8821],[-102.8572,51.8814],[-102.8572,51.6522],[-102.8556,51.6522],[-102.4312,51.6522]]]},"properties":{"id":"4709049","name":"Buchanan No. 304"}},
{"type":"Feature","geometry":{"type":"Polygon","coordinates":[[[-102.8572,51.6522],[-102.8572,51.8814],[-103.2823,51.8815],[-103.2823,51.7942],[-103.2803,51.6522],[-102.8572,51.6522]]]},"properties":{"id":"4709054","name":"Invermay No. 305"}},
{"type":"Feature","geometry":{"type":"Polygon","coordinates":[[[-103.1584,52.3187],[-103.2914,52.3188],[-103.2914,52.1438],[-103.2909,51.9981],[-103.2823,51.9688],[-103.2823,51.8815],[-102.8572,51.8814],[-102.8631,51.969],[-102.8621,52.3184],[-103.1584,52.3187]]]},"properties":{"id":"4709060","name":"Hazel Dell No. 335"}},
{"type":"Feature","geometry":{"type":"Polygon","coordinates":[[[-102.435,52.3178],[-102.8621,52.3184],[-102.8631,51.969],[-102.8572,51.8814],[-102.4319,51.8821],[-102.4344,51.9693],[-102.435,52.3178]]]},"properties":{"id":"4709062","name":"Preeceville No. 334"}},
{"type":"Feature","geometry":{"type":"Polygon","coordinates":[[[-102.0068,52.3181],[-102.435,52.3178],[-102.4344,51.9693],[-102.4319,51.8821],[-102.0059,51.8822],[-102.0068,52.3181]]]},"properties":{"id":"4709067","name":"Clayton No. 333"}},
{"type":"Feature","geometry":{"type":"Polygon","coordinates":[[[-101.6378,52.3182],[-102.0068,52.3181],[-102.0059,51.8822],[-101.5772,51.8808],[-101.5776,51.9685],[-101.6093,51.9686],[-101.609,52.3182],[-101.6378,52.3182]]]},"properties":{"id":"4709075","name":"Livingston No. 331"}},
{"type":"Feature","geometry":{"type":"Polygon","coordinates":[[[-103.2802,51.387],[-103.5154,51.3865],[-103.7043,51.3873],[-103.7041,51.2989],[-103.6904,51.2989],[-103.6905,51.1217],[-103.2702,51.122],[-103.2691,51.2971],[-103.2799,51.2971],[-103.2802,51.387]]]},"properties":{"id":"4710003","name":"Ituna Bon Accord No. 246"}},
{"type":"Feature","geometry":{"type":"Polygon","coordinates":[[[-103.7043,51.3873],[-104.129,51.3868],[-104.1292,51.3432],[-104.1994,51.3431],[-104.1996,51.3139],[-104.1427,51.3139],[-104.1184,51.2993],[-104.1007,51.2703],[-104.1007,51.0957],[-103.6904,51.0953],[-103.6905,51.1217],[-103.6904,51.2989],[-103.7041,51.2989],[-103.7043,51.3873]]]},"properties":{"id":"4710008","name":"Kellross No. 247"}},
{"type":"Feature","geometry":{"type":"Polygon","coordinates":[[[-104.129,51.3868],[-104.2706,51.3872],[-104.2703,51.3578],[-104.538,51.3579],[-104.5378,51.2705],[-104.5192,51.2705],[-104.5192,51.183],[-104.5198,51.0957],[-104.1007,51.0957],[-104.1007,51.2703],[-104.1184,51.2993],[-104.1427,51.3139],[-104.1996,51.3139],[-104.1994,51.3431],[-104.1292,51.3432],[-104.129,51.3868]]]},"properties":{"id":"4710014","name":"Touchwood No. 248"}},
{"type":"Feature","geometry":{"type":"Polygon","coordinates":[[[-104.1288,51.5638],[-104.2702,51.5645],[-104.2677,51.5897],[-104.3369,51.5898],[-104.3375,51.5381],[-104.4444,51.5378],[-104.5379,51.5326],[-104.5383,51.6198],[-104.5571,51.6199],[-104.9598,51.6198],[-104.9599,51.3581],[-104.8194,51.358],[-104.8196,51.2706],[-104.7984,51.2706],[-104.7984,51.1388],[-104.6589,51.1388],[-104.6589,51.183],[-104.5192,51.183],[-104.5192,51.2705],[-104.5378,51.2705],[-104.538,51.3579],[-104.2703,51.3578],[-104.2706,51.3872],[-104.129,51.3868],[-104.1288,51.5638]]]},"properties":{"id":"4710024","name":"Mount Hope No. 279"}},
{"type":"Feature","geometry":{"type":"Polygon","coordinates":[[[-103.7063,51.6523],[-104.1288,51.6523],[-104.1288,51.5638],[-104.129,51.3868],[-103.7043,51.3873],[-103.7063,51.6523]]]},"properties":{"id":"4710031","name":"Emerald No. 277"}},
{"type":"Feature","geometry":{"type":"Polygon","coordinates":[[[-103.2823,51.7942],[-103.4714,51.7949],[-103.4717,51.8148],[-103.5223,51.8544],[-103.5967,51.867],[-103.7074,51.867],[-103.7063,51.6523],[-103.7043,51.3873],[-103.5154,51.3865],[-103.2802,51.387],[-103.2803,51.6522],[-103.2823,51.7942]]]},"properties":{"id":"4710036","name":"Foam Lake No. 276"}},
{"type":"Feature","geometry":{"type":"Polygon","coordinates":[[[-103.7071,51.8816],[-104.1324,51.8819],[-104.1321,51.6523],[-104.1288,51.6523],[-103.7063,51.6523],[-103.7074,51.867],[-103.7071,51.8816]]]},"properties":{"id":"4710041","name":"Elfros No. 307"}},
{"type":"Feature","geometry":{"type":"Polygon","coordinates":[[[-104.1324,51.8819],[-104.4844,51.8815],[-104.5062,51.8408],[-104.5274,51.8334],[-104.5218,51.8027],[-104.5569,51.7855],[-104.5571,51.6199],[-104.5383,51.6198],[-104.5379,51.5326],[-104.4444,51.5378],[-104.3375,51.5381],[-104.3369,51.5898],[-104.2677,51.5897],[-104.2702,51.5645],[-104.1288,51.5638],[-104.1288,51.6523],[-104.1321,51.6523],[-104.1324,51.8819]]]},"properties":{"id":"4710046","name":"Big Quill No. 308"}},
{"type":"Feature","geometry":{"type":"Polygon","coordinates":[[[-104.5567,51.8816],[-104.9816,51.8815],[-104.9817,51.6198],[-104.9598,51.6198],[-104.5571,51.6199],[-104.5569,51.7855],[-104.5218,51.8027],[-104.5274,51.8334],[-104.5062,51.8408],[-104.4844,51.8815],[-104.5567,51.8816]]]},"properties":{"id":"4710052","name":"Prairie Rose No. 309"}},
{"type":"Feature","geometry":{"type":"Polygon","coordinates":[[[-104.578,52.1439],[-105.0043,52.1437],[-105.005,51.969],[-104.9816,51.969],[-104.9816,51.8815],[-104.5567,51.8816],[-104.5567,51.9639],[-104.578,51.9691],[-104.578,52.1439]]]},"properties":{"id":"4710056","name":"Leroy No. 339"}},
{"type":"Feature","geometry":{"type":"Polygon","coordinates":[[[-104.1324,51.8819],[-104.1308,51.9689],[-104.1488,51.9688],[-104.1489,52.144],[-104.578,52.1439],[-104.578,51.9691],[-104.5567,51.9639],[-104.5567,51.8816],[-104.4844,51.8815],[-104.1324,51.8819]]]},"properties":{"id":"4710061","name":"Lakeside No. 338"}},
{"type":"Feature","geometry":{"type":"Polygon","coordinates":[[[-103.7199,52.144],[-104.1489,52.144],[-104.1488,51.9688],[-104.1308,51.9689],[-104.1324,51.8819],[-103.7071,51.8816],[-103.7068,51.9692],[-103.7193,51.9692],[-103.7199,52.144]]]},"properties":{"id":"4710066","name":"Lakeview No. 337"}},
{"type":"Feature","geometry":{"type":"Polygon","coordinates":[[[-103.2914,52.1438],[-103.7199,52.144],[-103.7193,51.9692],[-103.7068,51.9692],[-103.7071,51.8816],[-103.7074,51.867],[-103.5967,51.867],[-103.5223,51.8544],[-103.4717,51.8148],[-103.4714,51.7949],[-103.2823,51.7942],[-103.2823,51.8815],[-103.2823,51.9688],[-103.2909,51.9981],[-103.2914,52.1438]]]},"properties":{"id":"4710071","name":"Sasman No. 336"}},
{"type":"Feature","geometry":{"type":"Polygon","coordinates":[[[-104.9599,51.3581],[-105.2399,51.358],[-105.2525,51.3393],[-105.2654,51.2934],[-105.2669,51.2491],[-105.2798,51.2012],[-105.2748,51.1285],[-105.2638,51.0962],[-105.2637,51.0962],[-104.7984,51.0957],[-104.7984,51.1388],[-104.7984,51.2706],[-104.8196,51.2706],[-104.8194,51.358],[-104.9599,51.3581]]]},"properties":{"id":"4711003","name":"Last Mountain Valley No. 250"}},
{"type":"Feature","geometry":{"type":"Polygon","coordinates":[[[-105.2638,51.0962],[-105.2748,51.1285],[-105.2798,51.2012],[-105.2669,51.2491],[-105.2654,51.2934],[-105.2525,51.3393],[-105.2399,51.358],[-105.3819,51.358],[-105.663,51.3581],[-105.663,51.2705],[-105.6356,51.2705],[-105.6359,51.0957],[-105.2638,51.0962]]]},"properties":{"id":"4711006","name":"Big Arm No. 251"}},
{"type":"Feature","geometry":{"type":"Polygon","coordinates":[[[-105.6359,51.0957],[-105.6356,51.2705],[-105.663,51.2705],[-105.663,51.3581],[-105.8037,51.3581],[-106.0043,51.3582],[-106.0043,51.0961],[-105.6359,51.0957]]]},"properties":{"id":"4711011","name":"Arm River No. 252"}},
{"type":"Feature","geometry":{"type":"Polygon","coordinates":[[[-106.0043,51.0961],[-106.0043,51.3582],[-106.2854,51.3583],[-106.4259,51.3583],[-106.4211,51.2709],[-106.4231,51.0961],[-106.0043,51.0961]]]},"properties":{"id":"4711016","name":"Willner No. 253"}},
{"type":"Feature","geometry":{"type":"Polygon","coordinates":[[[-106.4259,51.3583],[-106.4259,51.4456],[-106.707,51.4456],[-106.7071,51.3583],[-106.9829,51.3588],[-106.9618,51.3218],[-106.9253,51.314],[-106.8614,51.2732],[-106.8108,51.1884],[-106.7439,51.1386],[-106.6523,51.1148],[-106.6296,51.0972],[-106.4231,51.0961],[-106.4211,51.2709],[-106.4259,51.3583]]]},"properties":{"id":"4711018","name":"Loreburn No. 254"}},
{"type":"Feature","geometry":{"type":"Polygon","coordinates":[[[-106.7125,51.7075],[-106.8222,51.7071],[-106.8508,51.6953],[-106.937,51.6756],[-106.9665,51.6612],[-107.0008,51.6199],[-107.0491,51.5893],[-107.0687,51.5627],[-107.0684,51.5124],[-107.0891,51.446],[-107.0788,51.4262],[-106.9996,51.4025],[-106.9829,51.3588],[-106.7071,51.3583],[-106.707,51.4456],[-106.7074,51.62],[-106.7125,51.7075]]]},"properties":{"id":"4711026","name":"Rudy No. 284"}},
{"type":"Feature","geometry":{"type":"Polygon","coordinates":[[[-106.2876,51.7071],[-106.7125,51.7075],[-106.7074,51.62],[-106.707,51.4456],[-106.4259,51.4456],[-106.4259,51.3583],[-106.2854,51.3583],[-106.2855,51.6199],[-106.2876,51.7071]]]},"properties":{"id":"4711031","name":"Rosedale No. 283"}},
{"type":"Feature","geometry":{"type":"Polygon","coordinates":[[[-106.0042,51.6201],[-106.2855,51.6199],[-106.2854,51.3583],[-106.0043,51.3582],[-105.8037,51.3581],[-105.8038,51.6198],[-106.0042,51.6201]]]},"properties":{"id":"4711034","name":"McCraney No. 282"}},
{"type":"Feature","geometry":{"type":"Polygon","coordinates":[[[-105.4042,51.62],[-105.8038,51.6198],[-105.8037,51.3581],[-105.663,51.3581],[-105.3819,51.358],[-105.3818,51.6201],[-105.4042,51.62]]]},"properties":{"id":"4711039","name":"Wood Creek No. 281"}},
{"type":"Feature","geometry":{"type":"Polygon","coordinates":[[[-104.9599,51.3581],[-104.9598,51.6198],[-104.9817,51.6198],[-105.3818,51.6201],[-105.3819,51.358],[-105.2399,51.358],[-104.9599,51.3581]]]},"properties":{"id":"4711042","name":"Wreford No. 280"}},
{"type":"Feature","geometry":{"type":"Polygon","coordinates":[[[-104.9817,51.6198],[-104.9816,51.8815],[-105.4045,51.8815],[-105.4045,51.7201],[-105.4042,51.62],[-105.3818,51.6201],[-104.9817,51.6198]]]},"properties":{"id":"4711046","name":"Usborne No. 310"}},
{"type":"Feature","geometry":{"type":"Polygon","coordinates":[[[-105.6881,51.8817],[-106.0047,51.8818],[-106.0042,51.6201],[-105.8038,51.6198],[-105.4042,51.62],[-105.4045,51.7201],[-105.5088,51.73],[-105.5614,51.7522],[-105.6649,51.7507],[-105.6879,51.7575],[-105.6881,51.8817]]]},"properties":{"id":"4711052","name":"Morris No. 312"}},
{"type":"Feature","geometry":{"type":"Polygon","coordinates":[[[-106.0047,51.8818],[-106.2879,51.8817],[-106.2876,51.7071],[-106.2855,51.6199],[-106.0042,51.6201],[-106.0047,51.8818]]]},"properties":{"id":"4711059","name":"Lost River No. 313"}},
{"type":"Feature","geometry":{"type":"Polygon","coordinates":[[[-106.4324,51.9691],[-106.7955,51.969],[-106.803,51.9565],[-106.7507,51.9282],[-106.7546,51.8816],[-106.7342,51.8496],[-106.7358,51.8132],[-106.7671,51.79],[-106.7984,51.7232],[-106.8222,51.7071],[-106.7125,51.7075],[-106.2876,51.7071],[-106.2879,51.8817],[-106.4293,51.8819],[-106.4324,51.9691]]]},"properties":{"id":"4711061","name":"Dundurn No. 314"}},
{"type":"Feature","geometry":{"type":"Polygon","coordinates":[[[-106.9788,52.406],[-107.0286,52.3731],[-107.0642,52.3713],[-107.1147,52.3901],[-107.194,52.353],[-107.2357,52.3492],[-107.2994,52.3516],[-107.289,52.3186],[-107.289,52.1438],[-106.8605,52.1439],[-106.8607,51.9692],[-106.7955,51.969],[-106.4324,51.9691],[-106.4323,52.1438],[-106.4325,52.3184],[-106.4465,52.3268],[-106.4035,52.3642],[-106.4033,52.3817],[-106.3804,52.403],[-106.3422,52.4049],[-106.344,52.4351],[-106.5798,52.4348],[-106.6757,52.4348],[-106.6758,52.4056],[-106.9788,52.406]],[[-106.7065,52.2312],[-106.6713,52.2312],[-106.6733,52.2109],[-106.6112,52.2231],[-106.5751,52.1945],[-106.5389,52.1946],[-106.5037,52.1729],[-106.5037,52.1227],[-106.5318,52.0955],[-106.5652,52.0862],[-106.5983,52.0896],[-106.6029,52.0695],[-106.6704,52.0894],[-106.7401,52.0987],[-106.7893,52.1],[-106.7893,52.1219],[-106.824,52.1221],[-106.8244,52.1509],[-106.7655,52.1505],[-106.7118,52.1586],[-106.6958,52.1873],[-106.7168,52.2105],[-106.7065,52.2312]]]},"properties":{"id":"4711065","name":"Corman Park No. 344"}},
{"type":"Feature","geometry":{"type":"Polygon","coordinates":[[[-106.7065,52.2312],[-106.7168,52.2105],[-106.6958,52.1873],[-106.7118,52.1586],[-106.7655,52.1505],[-106.8244,52.1509],[-106.824,52.1221],[-106.7893,52.1219],[-106.7893,52.1],[-106.7401,52.0987],[-106.6704,52.0894],[-106.6029,52.0695],[-106.5983,52.0896],[-106.5652,52.0862],[-106.5318,52.0955],[-106.5037,52.1227],[-106.5037,52.1729],[-106.5389,52.1946],[-106.5751,52.1945],[-106.6112,52.2231],[-106.6733,52.2109],[-106.6713,52.2312],[-106.7065,52.2312]]]},"properties":{"id":"4711066","name":"Saskatoon"}},
{"type":"Feature","geometry":{"type":"Polygon","coordinates":[[[-106.0047,51.8818],[-106.0028,52.1438],[-106.1469,52.1438],[-106.4323,52.1438],[-106.4324,51.9691],[-106.4293,51.8819],[-106.2879,51.8817],[-106.0047,51.8818]]]},"properties":{"id":"4711069","name":"Blucher No. 343"}},
{"type":"Feature","geometry":{"type":"Polygon","coordinates":[[[-105.6881,51.8817],[-105.6879,51.9691],[-105.7174,51.9691],[-105.7173,52.1438],[-105.8601,52.1438],[-106.0028,52.1438],[-106.0047,51.8818],[-105.6881,51.8817]]]},"properties":{"id":"4711076","name":"Colonsay No. 342"}},
{"type":"Feature","geometry":{"type":"Polygon","coordinates":[[[-105.4323,52.1438],[-105.7173,52.1438],[-105.7174,51.9691],[-105.6879,51.9691],[-105.6881,51.8817],[-105.6879,51.7575],[-105.6649,51.7507],[-105.5614,51.7522],[-105.5088,51.73],[-105.4045,51.7201],[-105.4045,51.8815],[-105.4048,51.969],[-105.4323,51.969],[-105.4294,51.9983],[-105.4323,52.1438]]]},"properties":{"id":"4711091","name":"Viscount No. 341"}},
{"type":"Feature","geometry":{"type":"Polygon","coordinates":[[[-105.0043,52.1437],[-105.4323,52.1438],[-105.4294,51.9983],[-105.4323,51.969],[-105.4048,51.969],[-105.4045,51.8815],[-104.9816,51.8815],[-104.9816,51.969],[-105.005,51.969],[-105.0043,52.1437]]]},"properties":{"id":"4711096","name":"Wolverine No. 340"}},
{"type":"Feature","geometry":{"type":"Polygon","coordinates":[[[-108.1303,51.6199],[-108.5353,51.6198],[-108.5353,51.3582],[-108.3716,51.3583],[-108.1133,51.3583],[-108.1144,51.6199],[-108.1303,51.6199]]]},"properties":{"id":"4712001","name":"Pleasant Valley No. 288"}},
{"type":"Feature","geometry":{"type":"Polygon","coordinates":[[[-107.6912,51.3582],[-107.6914,51.6199],[-107.7049,51.62],[-108.1144,51.6199],[-108.1133,51.3583],[-107.6912,51.3582]]]},"properties":{"id":"4712004","name":"St. Andrews No. 287"}},
{"type":"Feature","geometry":{"type":"Polygon","coordinates":[[[-107.41,51.2711],[-107.4099,51.6199],[-107.6914,51.6199],[-107.6912,51.3582],[-107.6913,51.2708],[-107.6789,51.2709],[-107.41,51.2711]]]},"properties":{"id":"4712011","name":"Milden No. 286"}},
{"type":"Feature","geometry":{"type":"Polygon","coordinates":[[[-107.0008,51.6199],[-107.2796,51.62],[-107.4099,51.6199],[-107.41,51.2711],[-107.2603,51.2707],[-106.8751,51.2709],[-106.8614,51.2732],[-106.9253,51.314],[-106.9618,51.3218],[-106.9829,51.3588],[-106.9996,51.4025],[-107.0788,51.4262],[-107.0891,51.446],[-107.0684,51.5124],[-107.0687,51.5627],[-107.0491,51.5893],[-107.0008,51.6199]]]},"properties":{"id":"4712020","name":"Fertile Valley No. 285"}},
{"type":"Feature","geometry":{"type":"Polygon","coordinates":[[[-106.7546,51.8816],[-107.2796,51.8817],[-107.2796,51.62],[-107.0008,51.6199],[-106.9665,51.6612],[-106.937,51.6756],[-106.8508,51.6953],[-106.8222,51.7071],[-106.7984,51.7232],[-106.7671,51.79],[-106.7358,51.8132],[-106.7342,51.8496],[-106.7546,51.8816]]]},"properties":{"id":"4712026","name":"Montrose No. 315"}},
{"type":"Feature","geometry":{"type":"Polygon","coordinates":[[[-107.2796,51.62],[-107.2796,51.8817],[-107.7052,51.8815],[-107.7049,51.62],[-107.6914,51.6199],[-107.4099,51.6199],[-107.2796,51.62]]]},"properties":{"id":"4712029","name":"Harris No. 316"}},
{"type":"Feature","geometry":{"type":"Polygon","coordinates":[[[-107.7052,51.8815],[-108.1303,51.8816],[-108.1303,51.6199],[-108.1144,51.6199],[-107.7049,51.62],[-107.7052,51.8815]]]},"properties":{"id":"4712034","name":"Marriott No. 317"}},
{"type":"Feature","geometry":{"type":"Polygon","coordinates":[[[-108.1303,51.6199],[-108.1303,51.8816],[-108.414,51.8817],[-108.5548,51.8813],[-108.556,51.62],[-108.5353,51.6198],[-108.1303,51.6199]]]},"properties":{"id":"4712038","name":"Mountain View No. 318"}},
{"type":"Feature","geometry":{"type":"Polygon","coordinates":[[[-107.7147,52.2309],[-108.1454,52.231],[-108.1457,52.1046],[-108.2027,52.1249],[-108.2544,52.1227],[-108.2688,52.1354],[-108.3226,52.1336],[-108.331,52.1436],[-108.4312,52.1436],[-108.4309,51.969],[-108.4142,51.969],[-108.414,51.8817],[-108.1303,51.8816],[-107.7052,51.8815],[-107.7048,51.969],[-107.7172,51.969],[-107.7163,52.1435],[-107.7147,52.2309]]]},"properties":{"id":"4712042","name":"Biggar No. 347"}},
{"type":"Feature","geometry":{"type":"Polygon","coordinates":[[[-107.289,52.1438],[-107.7163,52.1435],[-107.7172,51.969],[-107.7048,51.969],[-107.7052,51.8815],[-107.2796,51.8817],[-107.2796,51.969],[-107.2884,51.969],[-107.289,52.1438]]]},"properties":{"id":"4712050","name":"Perdue No. 346"}},
{"type":"Feature","geometry":{"type":"Polygon","coordinates":[[[-106.7955,51.969],[-106.8607,51.9692],[-106.8605,52.1439],[-107.289,52.1438],[-107.2884,51.969],[-107.2796,51.969],[-107.2796,51.8817],[-106.7546,51.8816],[-106.7507,51.9282],[-106.803,51.9565],[-106.7955,51.969]]]},"properties":{"id":"4712054","name":"Vanscoy No. 345"}},
{"type":"Feature","geometry":{"type":"Polygon","coordinates":[[[-107.2994,52.3516],[-107.343,52.3549],[-107.4108,52.3513],[-107.4437,52.3722],[-107.5392,52.4061],[-107.6027,52.4469],[-107.6845,52.4862],[-107.7308,52.4998],[-107.7311,52.3183],[-107.7174,52.3183],[-107.7147,52.2309],[-107.7163,52.1435],[-107.289,52.1438],[-107.289,52.3186],[-107.2994,52.3516]]]},"properties":{"id":"4712064","name":"Eagle Creek No. 376"}},
{"type":"Feature","geometry":{"type":"Polygon","coordinates":[[[-107.7308,52.4998],[-107.7888,52.5207],[-107.8515,52.5632],[-107.9519,52.5746],[-108.0188,52.5758],[-108.0192,52.4965],[-108.0568,52.493],[-108.0566,52.427],[-108.1625,52.4283],[-108.1623,52.406],[-108.1625,52.3184],[-108.1452,52.3184],[-108.1454,52.231],[-107.7147,52.2309],[-107.7174,52.3183],[-107.7311,52.3183],[-107.7308,52.4998]]]},"properties":{"id":"4712069","name":"Glenside No. 377"}},
{"type":"Feature","geometry":{"type":"Polygon","coordinates":[[[-108.4312,52.1436],[-108.331,52.1436],[-108.3226,52.1336],[-108.2688,52.1354],[-108.2544,52.1227],[-108.2027,52.1249],[-108.1457,52.1046],[-108.1454,52.231],[-108.1452,52.3184],[-108.1625,52.3184],[-108.1623,52.406],[-108.4502,52.4057],[-108.4502,52.3183],[-108.4316,52.3183],[-108.4312,52.1436]]]},"properties":{"id":"4712072","name":"Rosemount No. 378"}},
{"type":"Feature","geometry":{"type":"Polygon","coordinates":[[[-108.1532,52.6677],[-108.2215,52.6941],[-108.2691,52.7285],[-108.2911,52.7547],[-108.3142,52.7546],[-108.3508,52.7719],[-108.3696,52.7935],[-108.3529,52.8467],[-108.4466,52.8958],[-108.5161,52.9179],[-108.5319,52.9316],[-108.5751,52.9435],[-108.6164,52.9631],[-108.6852,52.9856],[-108.7629,52.996],[-108.7618,52.8811],[-108.7641,52.7548],[-108.762,52.6676],[-108.5936,52.6677],[-108.594,52.5803],[-108.3407,52.5804],[-108.3433,52.4654],[-108.2007,52.465],[-108.201,52.4276],[-108.1625,52.4283],[-108.0566,52.427],[-108.0568,52.493],[-108.0192,52.4965],[-108.0188,52.5758],[-108.0505,52.5846],[-108.1249,52.6379],[-108.1532,52.6677]]]},"properties":{"id":"4712078","name":"Battle River No. 438"}},
{"type":"Feature","geometry":{"type":"Polygon","coordinates":[[[-109.4065,51.6202],[-109.6604,51.62],[-109.6605,51.3584],[-109.3791,51.3584],[-108.9575,51.3583],[-108.5353,51.3582],[-108.5353,51.6198],[-108.556,51.62],[-108.9806,51.62],[-109.4065,51.6202]]]},"properties":{"id":"4713006","name":"Kindersley No. 290"}},
{"type":"Feature","geometry":{"type":"Polygon","coordinates":[[[-109.6605,51.3584],[-109.6604,51.62],[-109.6901,51.62],[-110.0049,51.6199],[-110.005,51.3579],[-109.6605,51.3584]]]},"properties":{"id":"4713011","name":"Milton No. 292"}},
{"type":"Feature","geometry":{"type":"Polygon","coordinates":[[[-109.6916,51.8816],[-110.0044,51.8816],[-110.0049,51.6199],[-109.6901,51.62],[-109.6916,51.8816]]]},"properties":{"id":"4713016","name":"Antelope Park No. 322"}},
{"type":"Feature","geometry":{"type":"Polygon","coordinates":[[[-109.4065,51.6202],[-109.4063,51.8816],[-109.5482,51.8817],[-109.6916,51.8816],[-109.6901,51.62],[-109.6604,51.62],[-109.4065,51.6202]]]},"properties":{"id":"4713019","name":"Prairiedale No. 321"}},
{"type":"Feature","geometry":{"type":"Polygon","coordinates":[[[-109.1229,51.8817],[-109.4063,51.8816],[-109.4065,51.6202],[-108.9806,51.62],[-108.981,51.8819],[-109.1229,51.8817]]]},"properties":{"id":"4713024","name":"Oakdale No. 320"}},
{"type":"Feature","geometry":{"type":"Polygon","coordinates":[[[-108.556,51.62],[-108.5548,51.8813],[-108.7683,51.8816],[-108.981,51.8819],[-108.9806,51.62],[-108.556,51.62]]]},"properties":{"id":"4713028","name":"Winslow No. 319"}},
{"type":"Feature","geometry":{"type":"Polygon","coordinates":[[[-108.414,51.8817],[-108.4142,51.969],[-108.4309,51.969],[-108.4312,52.1436],[-108.8129,52.1426],[-108.8317,52.0649],[-108.8255,52.0391],[-108.7821,52.0023],[-108.7952,51.9858],[-108.7675,51.9627],[-108.7683,51.8816],[-108.5548,51.8813],[-108.414,51.8817]]]},"properties":{"id":"4713032","name":"Grandview No. 349"}},
{"type":"Feature","geometry":{"type":"Polygon","coordinates":[[[-108.7683,51.8816],[-108.7675,51.9627],[-108.7952,51.9858],[-108.7821,52.0023],[-108.8255,52.0391],[-108.8317,52.0649],[-108.8129,52.1426],[-109.1455,52.1435],[-109.1459,51.969],[-109.1228,51.969],[-109.1229,51.8817],[-108.981,51.8819],[-108.7683,51.8816]]]},"properties":{"id":"4713038","name":"Mariposa No. 350"}},
{"type":"Feature","geometry":{"type":"Polygon","coordinates":[[[-109.1229,51.8817],[-109.1228,51.969],[-109.1459,51.969],[-109.1455,52.1435],[-109.574,52.1435],[-109.5729,51.969],[-109.5485,51.969],[-109.5482,51.8817],[-109.4063,51.8816],[-109.1229,51.8817]]]},"properties":{"id":"4713041","name":"Progress No. 351"}},
{"type":"Feature","geometry":{"type":"Polygon","coordinates":[[[-109.574,52.1435],[-110.005,52.143],[-110.0044,51.8816],[-109.6916,51.8816],[-109.5482,51.8817],[-109.5485,51.969],[-109.5729,51.969],[-109.574,52.1435]]]},"properties":{"id":"4713046","name":"Heart's Hill No. 352"}},
{"type":"Feature","geometry":{"type":"Polygon","coordinates":[[[-109.6005,52.4064],[-110.0049,52.405],[-110.005,52.143],[-109.574,52.1435],[-109.574,52.3184],[-109.5995,52.3184],[-109.6005,52.4064]]]},"properties":{"id":"4713049","name":"Eye Hill No. 382"}},
{"type":"Feature","geometry":{"type":"Polygon","coordinates":[[[-109.1455,52.1435],[-109.1463,52.3179],[-109.1694,52.3175],[-109.1691,52.4052],[-109.4568,52.4058],[-109.6005,52.4064],[-109.5995,52.3184],[-109.574,52.3184],[-109.574,52.1435],[-109.1455,52.1435]]]},"properties":{"id":"4713056","name":"Grass Lake No. 381"}},
{"type":"Feature","geometry":{"type":"Polygon","coordinates":[[[-108.8098,52.4056],[-109.0257,52.4045],[-109.1691,52.4052],[-109.1694,52.3175],[-109.1463,52.3179],[-109.1455,52.1435],[-108.8129,52.1426],[-108.8066,52.1763],[-108.8379,52.1926],[-108.8317,52.2401],[-108.8134,52.2812],[-108.8098,52.4056]]]},"properties":{"id":"4713059","name":"Tramping Lake No. 380"}},
{"type":"Feature","geometry":{"type":"Polygon","coordinates":[[[-108.4502,52.4057],[-108.8098,52.4056],[-108.8134,52.2812],[-108.8317,52.2401],[-108.8379,52.1926],[-108.8066,52.1763],[-108.8129,52.1426],[-108.4312,52.1436],[-108.4316,52.3183],[-108.4502,52.3183],[-108.4502,52.4057]]]},"properties":{"id":"4713064","name":"Reford No. 379"}},
{"type":"Feature","geometry":{"type":"Polygon","coordinates":[[[-108.1625,52.4283],[-108.201,52.4276],[-108.2007,52.465],[-108.3433,52.4654],[-108.3407,52.5804],[-108.594,52.5803],[-108.5936,52.6677],[-108.762,52.6676],[-109.0266,52.6676],[-109.0257,52.4045],[-108.8098,52.4056],[-108.4502,52.4057],[-108.1623,52.406],[-108.1625,52.4283]]]},"properties":{"id":"4713068","name":"Buffalo No. 409"}},
{"type":"Feature","geometry":{"type":"Polygon","coordinates":[[[-109.4563,52.6677],[-109.4568,52.4058],[-109.1691,52.4052],[-109.0257,52.4045],[-109.0266,52.6676],[-109.1965,52.6677],[-109.4563,52.6677]]]},"properties":{"id":"4713072","name":"Round Valley No. 410"}},
{"type":"Feature","geometry":{"type":"Polygon","coordinates":[[[-109.4563,52.6677],[-109.6571,52.6671],[-110.0054,52.6671],[-110.0049,52.405],[-109.6005,52.4064],[-109.4568,52.4058],[-109.4563,52.6677]]]},"properties":{"id":"4713076","name":"Senlac No. 411"}},
{"type":"Feature","geometry":{"type":"Polygon","coordinates":[[[-109.5162,53.0381],[-109.6031,53.0465],[-109.6594,53.041],[-109.7808,53.0191],[-109.8058,52.9858],[-109.8511,52.9638],[-109.8652,52.9428],[-109.9086,52.917],[-109.9328,52.8863],[-109.9556,52.8854],[-110.0052,52.8573],[-110.0054,52.6671],[-109.6571,52.6671],[-109.645,52.6802],[-109.6514,52.7151],[-109.6291,52.7386],[-109.647,52.7542],[-109.6311,52.7845],[-109.6325,52.9292],[-109.4878,52.9294],[-109.4899,53.0169],[-109.473,53.0164],[-109.5162,53.0381]]]},"properties":{"id":"4713079","name":"Manitou Lake No. 442"}},
{"type":"Feature","geometry":{"type":"Polygon","coordinates":[[[-109.1971,52.9325],[-109.1974,53.014],[-109.2239,53.0161],[-109.473,53.0164],[-109.4899,53.0169],[-109.4878,52.9294],[-109.6325,52.9292],[-109.6311,52.7845],[-109.647,52.7542],[-109.6291,52.7386],[-109.6514,52.7151],[-109.645,52.6802],[-109.6571,52.6671],[-109.4563,52.6677],[-109.1965,52.6677],[-109.1971,52.9325]]]},"properties":{"id":"4713092","name":"Hillsdale No. 440"}},
{"type":"Feature","geometry":{"type":"Polygon","coordinates":[[[-108.7618,52.8811],[-108.8392,52.8857],[-108.8721,52.8685],[-108.9263,52.8811],[-108.921,52.9027],[-108.974,52.9089],[-109.0014,52.9223],[-109.0009,52.9583],[-109.1244,52.9583],[-109.1494,52.9395],[-109.1971,52.9325],[-109.1965,52.6677],[-109.0266,52.6676],[-108.762,52.6676],[-108.7641,52.7548],[-108.7618,52.8811]]]},"properties":{"id":"4713096","name":"Cut Knife No. 439"}},
{"type":"Feature","geometry":{"type":"Polygon","coordinates":[[[-101.6378,52.3182],[-101.6377,52.6673],[-101.6716,52.6673],[-101.6716,53.0165],[-101.7007,53.0165],[-101.7006,53.3658],[-101.7355,53.3658],[-101.7354,53.7107],[-101.7707,53.7109],[-102.0009,53.7086],[-102.0684,53.7137],[-102.5226,53.7133],[-102.7473,53.7133],[-103.035,53.7141],[-103.0371,53.4545],[-103.0355,53.3656],[-103.0261,53.3656],[-103.0251,53.298],[-103.0117,53.2931],[-102.9679,53.2306],[-102.9146,53.1926],[-103.0267,53.1916],[-103.0265,53.017],[-103.023,52.9298],[-102.7325,52.9294],[-102.7329,52.6676],[-102.7261,52.6674],[-102.7268,52.4055],[-103.1584,52.4054],[-103.1584,52.3187],[-102.8621,52.3184],[-102.435,52.3178],[-102.0068,52.3181],[-101.6378,52.3182]]]},"properties":{"id":"4714001","name":"Hudson Bay No. 394"}},
{"type":"Feature","geometry":{"type":"Polygon","coordinates":[[[-103.023,52.9298],[-103.1677,52.9295],[-103.1675,52.7984],[-103.3106,52.7977],[-103.3109,52.6673],[-103.3026,52.6674],[-103.3026,52.5365],[-103.4467,52.5365],[-103.4464,52.4927],[-103.4464,52.4057],[-103.3066,52.4057],[-103.3031,52.3188],[-103.2914,52.3188],[-103.1584,52.3187],[-103.1584,52.4054],[-102.7268,52.4055],[-102.7261,52.6674],[-102.7329,52.6676],[-102.7325,52.9294],[-103.023,52.9298]]]},"properties":{"id":"4714006","name":"Porcupine No. 395"}},
{"type":"Feature","geometry":{"type":"Polygon","coordinates":[[[-103.4464,52.4927],[-103.7346,52.4925],[-103.7346,52.4057],[-103.7162,52.3919],[-103.7143,52.346],[-103.7447,52.3384],[-103.7439,52.3007],[-103.7677,52.2825],[-103.7676,52.2606],[-103.7331,52.2606],[-103.72,52.2391],[-103.7199,52.144],[-103.2914,52.1438],[-103.2914,52.3188],[-103.3031,52.3188],[-103.3066,52.4057],[-103.4464,52.4057],[-103.4464,52.4927]]]},"properties":{"id":"4714021","name":"Kelvington No. 366"}},
{"type":"Feature","geometry":{"type":"Polygon","coordinates":[[[-103.7199,52.144],[-103.72,52.2391],[-103.7331,52.2606],[-103.7676,52.2606],[-103.7677,52.2825],[-103.7439,52.3007],[-103.7447,52.3384],[-103.7143,52.346],[-103.7162,52.3919],[-103.7346,52.4057],[-103.9483,52.405],[-104.1654,52.4056],[-104.166,52.3187],[-104.1491,52.3187],[-104.1489,52.144],[-103.7199,52.144]]]},"properties":{"id":"4714023","name":"Ponass Lake No. 367"}},
{"type":"Feature","geometry":{"type":"Polygon","coordinates":[[[-104.1489,52.144],[-104.1491,52.3187],[-104.166,52.3187],[-104.1654,52.4056],[-104.5968,52.4055],[-104.5969,52.3184],[-104.5779,52.3184],[-104.578,52.1439],[-104.1489,52.144]]]},"properties":{"id":"4714026","name":"Spalding No. 368"}},
{"type":"Feature","geometry":{"type":"Polygon","coordinates":[[[-103.7452,52.6673],[-104.1651,52.6674],[-104.1654,52.4056],[-103.9483,52.405],[-103.7346,52.4057],[-103.7346,52.4925],[-103.7347,52.6673],[-103.7452,52.6673]]]},"properties":{"id":"4714034","name":"Barrier Valley No. 397"}},
{"type":"Feature","geometry":{"type":"Polygon","coordinates":[[[-104.5978,52.6669],[-104.5968,52.4055],[-104.1654,52.4056],[-104.1651,52.6674],[-104.1802,52.6674],[-104.5978,52.6669]]]},"properties":{"id":"4714035","name":"Pleasantdale No. 398"}},
{"type":"Feature","geometry":{"type":"Polygon","coordinates":[[[-103.1677,52.9295],[-103.4211,52.9289],[-103.7452,52.929],[-103.7452,52.6673],[-103.7347,52.6673],[-103.7346,52.4925],[-103.4464,52.4927],[-103.4467,52.5365],[-103.3026,52.5365],[-103.3026,52.6674],[-103.3109,52.6673],[-103.3106,52.7977],[-103.1675,52.7984],[-103.1677,52.9295]]]},"properties":{"id":"4714038","name":"Bjorkdale No. 426"}},
{"type":"Feature","geometry":{"type":"Polygon","coordinates":[[[-103.7452,52.6673],[-103.7452,52.929],[-104.1805,52.9292],[-104.1802,52.6674],[-104.1651,52.6674],[-103.7452,52.6673]]]},"properties":{"id":"4714043","name":"Tisdale No. 427"}},
{"type":"Feature","geometry":{"type":"Polygon","coordinates":[[[-104.1805,52.9292],[-104.6162,52.9292],[-104.6167,52.667],[-104.5978,52.6669],[-104.1802,52.6674],[-104.1805,52.9292]]]},"properties":{"id":"4714047","name":"Star City No. 428"}},
{"type":"Feature","geometry":{"type":"Polygon","coordinates":[[[-104.1971,53.1909],[-104.6361,53.1909],[-104.6355,53.0166],[-104.6159,53.0167],[-104.6162,52.9292],[-104.1805,52.9292],[-104.1805,53.0165],[-104.197,53.0165],[-104.1971,53.1909]]]},"properties":{"id":"4714053","name":"Willow Creek No. 458"}},
{"type":"Feature","geometry":{"type":"Polygon","coordinates":[[[-103.7582,53.191],[-104.1971,53.1909],[-104.197,53.0165],[-104.1805,53.0165],[-104.1805,52.9292],[-103.7452,52.929],[-103.7448,53.0164],[-103.7583,53.019],[-103.7582,53.191]]]},"properties":{"id":"4714056","name":"Connaught No. 457"}},
{"type":"Feature","geometry":{"type":"Polygon","coordinates":[[[-103.0267,53.1916],[-103.477,53.1911],[-103.7582,53.191],[-103.7583,53.019],[-103.7448,53.0164],[-103.7452,52.929],[-103.4211,52.9289],[-103.1677,52.9295],[-103.023,52.9298],[-103.0265,53.017],[-103.0267,53.1916]]]},"properties":{"id":"4714059","name":"Arborfield No. 456"}},
{"type":"Feature","geometry":{"type":"Polygon","coordinates":[[[-103.035,53.7141],[-103.0365,53.775],[-103.0761,53.7633],[-103.1168,53.7316],[-103.1574,53.7195],[-103.2109,53.7284],[-103.2454,53.7135],[-103.2963,53.7131],[-103.3202,53.695],[-103.3898,53.6865],[-103.3968,53.6596],[-103.4325,53.6408],[-103.5681,53.6374],[-103.6283,53.6284],[-103.6778,53.6123],[-103.6933,53.5897],[-103.6741,53.5464],[-103.7027,53.5339],[-103.7472,53.5329],[-103.7746,53.514],[-103.7744,53.3655],[-103.7583,53.3655],[-103.7582,53.191],[-103.477,53.1911],[-103.0267,53.1916],[-102.9146,53.1926],[-102.9679,53.2306],[-103.0117,53.2931],[-103.0251,53.298],[-103.0261,53.3656],[-103.0355,53.3656],[-103.0371,53.4545],[-103.035,53.7141]]]},"properties":{"id":"4714067","name":"Moose Range No. 486"}},
{"type":"Feature","geometry":{"type":"Polygon","coordinates":[[[-103.7582,53.191],[-103.7583,53.3655],[-103.7744,53.3655],[-103.7746,53.514],[-103.8687,53.4733],[-103.937,53.4685],[-103.9378,53.4486],[-103.9711,53.4303],[-103.9781,53.402],[-104.0056,53.3982],[-104.0385,53.3719],[-104.038,53.3157],[-104.0716,53.3055],[-104.1058,53.3095],[-104.1957,53.2964],[-104.2301,53.3004],[-104.2649,53.286],[-104.3027,53.2864],[-104.3301,53.2971],[-104.4079,53.28],[-104.4627,53.2427],[-104.4876,53.2326],[-104.5187,53.247],[-104.572,53.2316],[-104.6358,53.2316],[-104.6361,53.1909],[-104.1971,53.1909],[-103.7582,53.191]]]},"properties":{"id":"4714072","name":"Nipawin No. 487"}},
{"type":"Feature","geometry":{"type":"Polygon","coordinates":[[[-103.7746,53.514],[-103.7472,53.5329],[-103.7027,53.5339],[-103.6741,53.5464],[-103.6933,53.5897],[-103.6778,53.6123],[-103.6283,53.6284],[-103.6271,53.7139],[-103.6415,53.7143],[-103.6428,53.8016],[-103.9269,53.8015],[-104.3328,53.8013],[-104.9993,53.8016],[-105.1297,53.8022],[-105.1304,53.715],[-105.101,53.7148],[-105.1011,53.4527],[-105.1006,53.3656],[-105.0745,53.3657],[-105.0747,53.2433],[-104.9534,53.2264],[-104.9552,53.1955],[-104.9301,53.1744],[-104.9013,53.1671],[-104.8332,53.167],[-104.7885,53.1727],[-104.7802,53.2017],[-104.7485,53.2191],[-104.6761,53.2141],[-104.6358,53.2316],[-104.572,53.2316],[-104.5187,53.247],[-104.4876,53.2326],[-104.4627,53.2427],[-104.4079,53.28],[-104.3301,53.2971],[-104.3027,53.2864],[-104.2649,53.286],[-104.2301,53.3004],[-104.1957,53.2964],[-104.1058,53.3095],[-104.0716,53.3055],[-104.038,53.3157],[-104.0385,53.3719],[-104.0056,53.3982],[-103.9781,53.402],[-103.9711,53.4303],[-103.9378,53.4486],[-103.937,53.4685],[-103.8687,53.4733],[-103.7746,53.514]]]},"properties":{"id":"4714077","name":"Torch River No. 488"}},
{"type":"Feature","geometry":{"type":"Polygon","coordinates":[[[-104.5968,52.4055],[-105.003,52.4058],[-105.0279,52.4058],[-105.0272,52.3184],[-105.0041,52.3184],[-105.0043,52.1437],[-104.578,52.1439],[-104.5779,52.3184],[-104.5969,52.3184],[-104.5968,52.4055]]]},"properties":{"id":"4715001","name":"St. Peter No. 369"}},
{"type":"Feature","geometry":{"type":"Polygon","coordinates":[[[-105.0279,52.4058],[-105.459,52.4055],[-105.459,52.3183],[-105.4322,52.3183],[-105.4323,52.1438],[-105.0043,52.1437],[-105.0041,52.3184],[-105.0272,52.3184],[-105.0279,52.4058]]]},"properties":{"id":"4715007","name":"Humboldt No. 370"}},
{"type":"Feature","geometry":{"type":"Polygon","coordinates":[[[-105.459,52.4055],[-105.8905,52.4057],[-105.8905,52.3184],[-105.8601,52.3184],[-105.8601,52.1438],[-105.7173,52.1438],[-105.4323,52.1438],[-105.4322,52.3183],[-105.459,52.3183],[-105.459,52.4055]]]},"properties":{"id":"4715011","name":"Bayne No. 371"}},
{"type":"Feature","geometry":{"type":"Polygon","coordinates":[[[-105.8601,52.1438],[-105.8601,52.3184],[-105.8905,52.3184],[-105.8905,52.4057],[-105.8905,52.493],[-106.1481,52.4931],[-106.1469,52.1438],[-106.0028,52.1438],[-105.8601,52.1438]]]},"properties":{"id":"4715014","name":"Grant No. 372"}},
{"type":"Feature","geometry":{"type":"Polygon","coordinates":[[[-106.1481,52.4931],[-106.1478,52.5802],[-106.1974,52.5435],[-106.2434,52.5244],[-106.2563,52.4992],[-106.3029,52.4853],[-106.344,52.4351],[-106.3422,52.4049],[-106.3804,52.403],[-106.4033,52.3817],[-106.4035,52.3642],[-106.4465,52.3268],[-106.4325,52.3184],[-106.4323,52.1438],[-106.1469,52.1438],[-106.1481,52.4931]]]},"properties":{"id":"4715018","name":"Aberdeen No. 373"}},
{"type":"Feature","geometry":{"type":"Polygon","coordinates":[[[-106.5798,52.4348],[-106.5799,52.6675],[-106.5854,52.6675],[-106.5843,52.8272],[-106.5842,52.8343],[-106.6539,52.7864],[-106.686,52.7766],[-106.7192,52.7426],[-106.7557,52.719],[-106.7729,52.6979],[-106.8354,52.6726],[-106.8459,52.6401],[-106.8807,52.6031],[-106.8813,52.5803],[-106.8829,52.5668],[-106.9248,52.485],[-106.9313,52.4635],[-106.9788,52.406],[-106.6758,52.4056],[-106.6757,52.4348],[-106.5798,52.4348]]]},"properties":{"id":"4715026","name":"Laird No. 404"}},
{"type":"Feature","geometry":{"type":"Polygon","coordinates":[[[-106.1037,52.7128],[-106.2962,52.7128],[-106.2964,52.7568],[-106.4419,52.7568],[-106.4422,52.8423],[-106.5238,52.842],[-106.5233,52.8275],[-106.5843,52.8272],[-106.5854,52.6675],[-106.5799,52.6675],[-106.5798,52.4348],[-106.344,52.4351],[-106.3029,52.4853],[-106.2563,52.4992],[-106.2434,52.5244],[-106.1974,52.5435],[-106.1478,52.5802],[-106.1489,52.619],[-106.119,52.6376],[-106.1182,52.6982],[-106.1037,52.7128]]]},"properties":{"id":"4715031","name":"Rosthern No. 403"}},
{"type":"Feature","geometry":{"type":"Polygon","coordinates":[[[-105.7762,52.7111],[-106.0041,52.7108],[-106.1182,52.6982],[-106.119,52.6376],[-106.1489,52.619],[-106.1478,52.5802],[-106.1481,52.4931],[-105.8905,52.493],[-105.7502,52.4929],[-105.7467,52.4993],[-105.7463,52.6671],[-105.7762,52.667],[-105.7762,52.7111]]]},"properties":{"id":"4715036","name":"Fish Creek No. 402"}},
{"type":"Feature","geometry":{"type":"Polygon","coordinates":[[[-105.4863,52.7547],[-105.7762,52.7547],[-105.7762,52.7111],[-105.7762,52.667],[-105.7463,52.6671],[-105.7467,52.4993],[-105.7502,52.4929],[-105.8905,52.493],[-105.8905,52.4057],[-105.459,52.4055],[-105.4587,52.6675],[-105.4867,52.6675],[-105.4863,52.7547]]]},"properties":{"id":"4715039","name":"Hoodoo No. 401"}},
{"type":"Feature","geometry":{"type":"Polygon","coordinates":[[[-105.003,52.4058],[-104.9995,52.4348],[-104.9528,52.4536],[-104.9705,52.4952],[-104.9705,52.5409],[-105.0275,52.55],[-105.0277,52.6674],[-105.0515,52.6675],[-105.4587,52.6675],[-105.459,52.4055],[-105.0279,52.4058],[-105.003,52.4058]]]},"properties":{"id":"4715044","name":"Three Lakes No. 400"}},
{"type":"Feature","geometry":{"type":"Polygon","coordinates":[[[-104.6167,52.667],[-105.0277,52.6674],[-105.0275,52.55],[-104.9705,52.5409],[-104.9705,52.4952],[-104.9528,52.4536],[-104.9995,52.4348],[-105.003,52.4058],[-104.5968,52.4055],[-104.5978,52.6669],[-104.6167,52.667]]]},"properties":{"id":"4715048","name":"Lake Lenore No. 399"}},
{"type":"Feature","geometry":{"type":"Polygon","coordinates":[[[-104.6162,52.9292],[-104.9275,52.9292],[-104.9275,52.9339],[-105.0738,52.9337],[-105.073,52.8014],[-105.0515,52.8014],[-105.0515,52.6675],[-105.0277,52.6674],[-104.6167,52.667],[-104.6162,52.9292]]]},"properties":{"id":"4715051","name":"Flett's Springs No. 429"}},
{"type":"Feature","geometry":{"type":"Polygon","coordinates":[[[-105.0738,52.9337],[-105.0739,52.9778],[-105.1961,52.9782],[-105.2206,52.9785],[-105.2199,52.9292],[-105.4868,52.929],[-105.4863,52.7547],[-105.4867,52.6675],[-105.4587,52.6675],[-105.0515,52.6675],[-105.0515,52.8014],[-105.073,52.8014],[-105.0738,52.9337]]]},"properties":{"id":"4715054","name":"Invergordon No. 430"}},
{"type":"Feature","geometry":{"type":"Polygon","coordinates":[[[-106.0034,52.9133],[-106.0293,52.9167],[-106.0416,52.8782],[-106.0673,52.8708],[-106.0903,52.8469],[-106.1062,52.8008],[-106.1291,52.7855],[-106.1361,52.7565],[-106.1098,52.7425],[-106.1037,52.7128],[-106.1182,52.6982],[-106.0041,52.7108],[-105.7762,52.7111],[-105.7762,52.7547],[-105.4863,52.7547],[-105.4868,52.929],[-105.8008,52.9285],[-105.927,52.9017],[-105.9436,52.914],[-106.0034,52.9133]]]},"properties":{"id":"4715057","name":"St. Louis No. 431"}},
{"type":"Feature","geometry":{"type":"Polygon","coordinates":[[[-106.0053,53.1524],[-106.022,53.1971],[-106.0406,53.2043],[-106.0972,53.2009],[-106.192,53.1765],[-106.2281,53.1577],[-106.2681,53.1035],[-106.3842,53.0321],[-106.4267,52.9648],[-106.4386,52.9301],[-106.4922,52.8899],[-106.5687,52.8623],[-106.5842,52.8343],[-106.5843,52.8272],[-106.5233,52.8275],[-106.5238,52.842],[-106.4422,52.8423],[-106.4419,52.7568],[-106.2964,52.7568],[-106.2962,52.7128],[-106.1037,52.7128],[-106.1098,52.7425],[-106.1361,52.7565],[-106.1291,52.7855],[-106.1062,52.8008],[-106.0903,52.8469],[-106.0673,52.8708],[-106.0416,52.8782],[-106.0293,52.9167],[-106.0034,52.9133],[-106.0053,53.1524]]]},"properties":{"id":"4715061","name":"Duck Lake No. 463"}},
{"type":"Feature","geometry":{"type":"Polygon","coordinates":[[[-105.513,53.2411],[-105.5373,53.2627],[-105.5863,53.2628],[-105.5862,53.2486],[-105.6846,53.249],[-105.6846,53.2341],[-105.7334,53.2346],[-105.745,53.2198],[-105.8506,53.2048],[-105.8941,53.1654],[-105.9765,53.1515],[-106.0053,53.1524],[-106.0034,52.9133],[-105.9436,52.914],[-105.927,52.9017],[-105.8008,52.9285],[-105.7534,52.9399],[-105.7695,52.9754],[-105.7397,52.9786],[-105.7224,53.0026],[-105.6952,53.0049],[-105.6552,53.024],[-105.6153,53.0295],[-105.5436,53.007],[-105.5088,53.0512],[-105.4399,53.0523],[-105.4403,53.0662],[-105.3949,53.0659],[-105.3932,53.1398],[-105.4275,53.1494],[-105.4183,53.1721],[-105.3289,53.1572],[-105.2844,53.1266],[-105.2335,53.1407],[-105.2206,53.1663],[-105.2055,53.1756],[-105.1463,53.1866],[-105.1193,53.1831],[-105.0882,53.1937],[-105.1122,53.2177],[-105.0808,53.2369],[-105.094,53.2488],[-105.1698,53.249],[-105.2303,53.2672],[-105.2838,53.2601],[-105.3211,53.242],[-105.4043,53.2292],[-105.4332,53.2443],[-105.5014,53.2478],[-105.513,53.2411]]]},"properties":{"id":"4715064","name":"Prince Albert No. 461"}},
{"type":"Feature","geometry":{"type":"Polygon","coordinates":[[[-105.2206,53.1663],[-105.2335,53.1407],[-105.2844,53.1266],[-105.3289,53.1572],[-105.4183,53.1721],[-105.4275,53.1494],[-105.3932,53.1398],[-105.3949,53.0659],[-105.4403,53.0662],[-105.4399,53.0523],[-105.5088,53.0512],[-105.5436,53.007],[-105.6153,53.0295],[-105.6552,53.024],[-105.6952,53.0049],[-105.7224,53.0026],[-105.7397,52.9786],[-105.7695,52.9754],[-105.7534,52.9399],[-105.8008,52.9285],[-105.4868,52.929],[-105.2199,52.9292],[-105.2206,52.9785],[-105.1961,52.9782],[-105.1964,53.0164],[-105.2213,53.0164],[-105.2206,53.1663]]]},"properties":{"id":"4715067","name":"Birch Hills No. 460"}},
{"type":"Feature","geometry":{"type":"Polygon","coordinates":[[[-104.6358,53.2316],[-104.6761,53.2141],[-104.7485,53.2191],[-104.7802,53.2017],[-104.7885,53.1727],[-104.8332,53.167],[-104.9013,53.1671],[-104.9301,53.1744],[-104.9552,53.1955],[-104.9534,53.2264],[-105.0747,53.2433],[-105.0808,53.2369],[-105.1122,53.2177],[-105.0882,53.1937],[-105.1193,53.1831],[-105.1463,53.1866],[-105.2055,53.1756],[-105.2206,53.1663],[-105.2213,53.0164],[-105.1964,53.0164],[-105.1961,52.9782],[-105.0739,52.9778],[-105.0738,52.9337],[-104.9275,52.9339],[-104.9275,52.9292],[-104.6162,52.9292],[-104.6159,53.0167],[-104.6355,53.0166],[-104.6361,53.1909],[-104.6358,53.2316]]]},"properties":{"id":"4715071","name":"Kinistino No. 459"}},
{"type":"Feature","geometry":{"type":"Polygon","coordinates":[[[-105.1011,53.4527],[-105.5433,53.4527],[-105.5434,53.3651],[-105.5128,53.365],[-105.513,53.2411],[-105.5014,53.2478],[-105.4332,53.2443],[-105.4043,53.2292],[-105.3211,53.242],[-105.2838,53.2601],[-105.2303,53.2672],[-105.1698,53.249],[-105.094,53.2488],[-105.0808,53.2369],[-105.0747,53.2433],[-105.0745,53.3657],[-105.1006,53.3656],[-105.1011,53.4527]]]},"properties":{"id":"4715079","name":"Garden River No. 490"}},
{"type":"Feature","geometry":{"type":"Polygon","coordinates":[[[-105.5433,53.4527],[-105.9852,53.4525],[-105.9858,53.3564],[-106.005,53.3562],[-106.0053,53.1524],[-105.9765,53.1515],[-105.8941,53.1654],[-105.8506,53.2048],[-105.745,53.2198],[-105.7334,53.2346],[-105.6846,53.2341],[-105.6846,53.249],[-105.5862,53.2486],[-105.5863,53.2628],[-105.5373,53.2627],[-105.513,53.2411],[-105.5128,53.365],[-105.5434,53.3651],[-105.5433,53.4527]]]},"properties":{"id":"4715094","name":"Buckland No. 491"}},
{"type":"Feature","geometry":{"type":"Polygon","coordinates":[[[-105.1011,53.4527],[-105.101,53.7148],[-105.1304,53.715],[-105.1297,53.8022],[-105.1296,53.9337],[-105.1267,53.9776],[-105.4272,53.9767],[-106.0041,53.9763],[-106.0036,53.7639],[-106.006,53.6945],[-106.004,53.5688],[-106.0041,53.5399],[-106.1025,53.5397],[-106.1025,53.5251],[-106.0526,53.525],[-106.0531,53.4525],[-105.9852,53.4525],[-105.5433,53.4527],[-105.1011,53.4527]]]},"properties":{"id":"4715099","name":"Paddockwood No. 520"}},
{"type":"Feature","geometry":{"type":"Polygon","coordinates":[[[-107.8907,52.6676],[-108.1532,52.6677],[-108.1249,52.6379],[-108.0505,52.5846],[-108.0188,52.5758],[-107.9519,52.5746],[-107.8515,52.5632],[-107.7888,52.5207],[-107.7308,52.4998],[-107.6845,52.4862],[-107.6027,52.4469],[-107.5392,52.4061],[-107.4437,52.3722],[-107.4434,52.5805],[-107.4434,52.6678],[-107.4553,52.6678],[-107.8907,52.6676]]]},"properties":{"id":"4716005","name":"Mayfield No. 406"}},
{"type":"Feature","geometry":{"type":"Polygon","coordinates":[[[-107.0126,52.6093],[-107.1553,52.6095],[-107.1553,52.5804],[-107.4434,52.5805],[-107.4437,52.3722],[-107.4108,52.3513],[-107.343,52.3549],[-107.2994,52.3516],[-107.2357,52.3492],[-107.194,52.353],[-107.1147,52.3901],[-107.0642,52.3713],[-107.0286,52.3731],[-106.9788,52.406],[-106.9313,52.4635],[-106.9248,52.485],[-106.8829,52.5668],[-106.8813,52.5803],[-107.0117,52.5804],[-107.0126,52.6093]]]},"properties":{"id":"4716008","name":"Great Bend No. 405"}},
{"type":"Feature","geometry":{"type":"Polygon","coordinates":[[[-106.4386,52.9301],[-106.6099,52.9294],[-107.0204,52.9295],[-107.0201,52.6677],[-107.0126,52.6093],[-107.0117,52.5804],[-106.8813,52.5803],[-106.8807,52.6031],[-106.8459,52.6401],[-106.8354,52.6726],[-106.7729,52.6979],[-106.7557,52.719],[-106.7192,52.7426],[-106.686,52.7766],[-106.6539,52.7864],[-106.5842,52.8343],[-106.5687,52.8623],[-106.4922,52.8899],[-106.4386,52.9301]],[[-106.6457,52.9003],[-106.5851,52.9073],[-106.5849,52.8936],[-106.561,52.9003],[-106.5449,52.8733],[-106.5735,52.8719],[-106.5849,52.8936],[-106.6457,52.9003]]]},"properties":{"id":"4716013","name":"Blaine Lake No. 434"}},
{"type":"Feature","geometry":{"type":"Polygon","coordinates":[[[-107.0204,52.9295],[-107.1679,52.9294],[-107.4554,52.9295],[-107.4553,52.6678],[-107.4434,52.6678],[-107.4434,52.5805],[-107.1553,52.5804],[-107.1553,52.6095],[-107.0126,52.6093],[-107.0201,52.6677],[-107.0204,52.9295]]]},"properties":{"id":"4716018","name":"Redberry No. 435"}},
{"type":"Feature","geometry":{"type":"Polygon","coordinates":[[[-107.4553,52.6678],[-107.4554,52.9295],[-107.7454,52.9298],[-107.8908,52.9294],[-107.8907,52.6676],[-107.4553,52.6678]]]},"properties":{"id":"4716023","name":"Douglas No. 436"}},
{"type":"Feature","geometry":{"type":"Polygon","coordinates":[[[-107.8908,52.9294],[-108.1809,52.9293],[-108.4471,52.9294],[-108.4466,52.8958],[-108.3529,52.8467],[-108.3696,52.7935],[-108.3508,52.7719],[-108.3142,52.7546],[-108.2911,52.7547],[-108.2691,52.7285],[-108.2215,52.6941],[-108.1532,52.6677],[-107.8907,52.6676],[-107.8908,52.9294]]]},"properties":{"id":"4716028","name":"North Battleford No. 437"}},
{"type":"Feature","geometry":{"type":"Polygon","coordinates":[[[-107.7601,53.1908],[-108.1987,53.1908],[-108.1983,53.147],[-108.15,53.1468],[-108.1488,53.1035],[-108.199,53.0959],[-108.1997,53.0199],[-108.1811,53.0163],[-108.1809,52.9293],[-107.8908,52.9294],[-107.7454,52.9298],[-107.7459,53.0164],[-107.76,53.0164],[-107.7601,53.1908]]]},"properties":{"id":"4716033","name":"Round Hill No. 467"}},
{"type":"Feature","geometry":{"type":"Polygon","coordinates":[[[-107.1719,53.1923],[-107.6273,53.1922],[-107.7601,53.1908],[-107.76,53.0164],[-107.7459,53.0164],[-107.7454,52.9298],[-107.4554,52.9295],[-107.1679,52.9294],[-107.1643,53.0173],[-107.1719,53.0173],[-107.1719,53.1923]]]},"properties":{"id":"4716038","name":"Meeting Lake No. 466"}},
{"type":"Feature","geometry":{"type":"MultiPolygon","coordinates":[[[[-106.5849,52.8936],[-106.5851,52.9073],[-106.6457,52.9003],[-106.5849,52.8936]]],[[[-106.5849,52.8936],[-106.5735,52.8719],[-106.5449,52.8733],[-106.561,52.9003],[-106.5849,52.8936]]],[[[-106.4423,53.1914],[-106.7232,53.1919],[-106.7227,53.221],[-106.8685,53.2216],[-106.8685,53.1919],[-107.0257,53.1924],[-107.1719,53.1923],[-107.1719,53.0173],[-107.1643,53.0173],[-107.1679,52.9294],[-107.0204,52.9295],[-106.6099,52.9294],[-106.4386,52.9301],[-106.4267,52.9648],[-106.3842,53.0321],[-106.2681,53.1035],[-106.418,53.1027],[-106.4428,53.1067],[-106.4423,53.1914]]]]},"properties":{"id":"4716041","name":"Leask No. 464"}},
{"type":"Feature","geometry":{"type":"Polygon","coordinates":[[[-105.9852,53.4525],[-106.0531,53.4525],[-106.0526,53.525],[-106.1025,53.5251],[-106.1025,53.5397],[-106.0041,53.5399],[-106.004,53.5688],[-106.0777,53.5836],[-106.4456,53.5835],[-106.4473,53.3656],[-106.4426,53.3656],[-106.4423,53.1914],[-106.4428,53.1067],[-106.418,53.1027],[-106.2681,53.1035],[-106.2281,53.1577],[-106.192,53.1765],[-106.0972,53.2009],[-106.0406,53.2043],[-106.022,53.1971],[-106.0053,53.1524],[-106.005,53.3562],[-105.9858,53.3564],[-105.9852,53.4525]]]},"properties":{"id":"4716046","name":"Shellbrook No. 493"}},
{"type":"Feature","geometry":{"type":"Polygon","coordinates":[[[-106.4456,53.5835],[-106.5415,53.5833],[-106.5453,53.604],[-106.6053,53.6403],[-106.6564,53.642],[-106.6867,53.673],[-106.7284,53.7018],[-106.7238,53.7146],[-107.1853,53.7152],[-107.1851,53.6778],[-107.2186,53.6781],[-107.2061,53.6343],[-107.2057,53.55],[-107.1852,53.5497],[-107.1854,53.4534],[-107.0386,53.4534],[-107.038,53.3665],[-107.0262,53.3665],[-107.0257,53.1924],[-106.8685,53.1919],[-106.8685,53.2216],[-106.7227,53.221],[-106.7232,53.1919],[-106.4423,53.1914],[-106.4426,53.3656],[-106.4473,53.3656],[-106.4456,53.5835]]]},"properties":{"id":"4716051","name":"Canwood No. 494"}},
{"type":"Feature","geometry":{"type":"Polygon","coordinates":[[[-107.1853,53.7152],[-107.7179,53.7142],[-107.9226,53.7151],[-107.9231,53.6279],[-107.9229,53.5403],[-107.776,53.5406],[-107.7752,53.3656],[-107.7597,53.3657],[-107.7601,53.1908],[-107.6273,53.1922],[-107.1719,53.1923],[-107.0257,53.1924],[-107.0262,53.3665],[-107.038,53.3665],[-107.0386,53.4534],[-107.1854,53.4534],[-107.1852,53.5497],[-107.2057,53.55],[-107.2061,53.6343],[-107.2186,53.6781],[-107.1851,53.6778],[-107.1853,53.7152]]]},"properties":{"id":"4716056","name":"Spiritwood No. 496"}},
{"type":"Feature","geometry":{"type":"Polygon","coordinates":[[[-107.9231,53.6279],[-108.1572,53.6278],[-108.1746,53.5981],[-108.2303,53.5357],[-108.2356,53.5076],[-108.1997,53.4754],[-108.2222,53.4628],[-108.2172,53.4387],[-108.2179,53.3656],[-108.1984,53.3656],[-108.1987,53.1908],[-107.7601,53.1908],[-107.7597,53.3657],[-107.7752,53.3656],[-107.776,53.5406],[-107.9229,53.5403],[-107.9231,53.6279]]]},"properties":{"id":"4716062","name":"Medstead No. 497"}},
{"type":"Feature","geometry":{"type":"Polygon","coordinates":[[[-106.0041,53.9763],[-106.004,54.2276],[-106,54.3122],[-106.0142,54.3291],[-106.5525,54.3262],[-106.7529,54.3249],[-106.7514,54.1489],[-107.353,54.1494],[-107.3537,54.0634],[-107.3436,54.0634],[-107.345,53.9766],[-107.7915,53.9769],[-107.7913,53.8023],[-107.9399,53.8024],[-107.94,53.7152],[-107.9226,53.7151],[-107.7179,53.7142],[-107.1853,53.7152],[-106.7238,53.7146],[-106.7284,53.7018],[-106.6867,53.673],[-106.6564,53.642],[-106.6053,53.6403],[-106.5453,53.604],[-106.5415,53.5833],[-106.4456,53.5835],[-106.0777,53.5836],[-106.004,53.5688],[-106.006,53.6945],[-106.0036,53.7639],[-106.0041,53.9763]]]},"properties":{"id":"4716075","name":"Big River No. 555"}},
{"type":"Feature","geometry":{"type":"Polygon","coordinates":[[[-108.1987,53.1908],[-108.6374,53.1907],[-108.6374,53.0162],[-108.6172,53.0162],[-108.6164,52.9631],[-108.5751,52.9435],[-108.5319,52.9316],[-108.5161,52.9179],[-108.4466,52.8958],[-108.4471,52.9294],[-108.1809,52.9293],[-108.1811,53.0163],[-108.1997,53.0199],[-108.199,53.0959],[-108.1488,53.1035],[-108.15,53.1468],[-108.1983,53.147],[-108.1987,53.1908]]]},"properties":{"id":"4717001","name":"Meota No. 468"}},
{"type":"Feature","geometry":{"type":"Polygon","coordinates":[[[-108.6164,52.9631],[-108.6172,53.0162],[-108.6374,53.0162],[-108.6374,53.1907],[-108.6364,53.278],[-109.0765,53.2779],[-109.0767,53.2406],[-109.0564,53.2101],[-109.0226,53.1931],[-108.9811,53.1615],[-108.9466,53.1136],[-108.8847,53.0557],[-108.8294,53.0168],[-108.7629,52.996],[-108.6852,52.9856],[-108.6164,52.9631]]]},"properties":{"id":"4717008","name":"Turtle River No. 469"}},
{"type":"Feature","geometry":{"type":"Polygon","coordinates":[[[-108.7629,52.996],[-108.8294,53.0168],[-108.8847,53.0557],[-108.9466,53.1136],[-108.9811,53.1615],[-109.0226,53.1931],[-109.0564,53.2101],[-109.0767,53.2406],[-109.0772,53.1034],[-109.2234,53.1033],[-109.2239,53.0161],[-109.1974,53.014],[-109.1971,52.9325],[-109.1494,52.9395],[-109.1244,52.9583],[-109.0009,52.9583],[-109.0014,52.9223],[-108.974,52.9089],[-108.921,52.9027],[-108.9263,52.8811],[-108.8721,52.8685],[-108.8392,52.8857],[-108.7618,52.8811],[-108.7629,52.996]]]},"properties":{"id":"4717013","name":"Paynton No. 470"}},
{"type":"Feature","geometry":{"type":"Polygon","coordinates":[[[-109.0764,53.2853],[-109.1664,53.3248],[-109.2323,53.3334],[-109.2447,53.3635],[-109.2746,53.3912],[-109.3155,53.3987],[-109.3843,53.392],[-109.4459,53.3748],[-109.4919,53.4085],[-109.5448,53.417],[-109.5449,53.3661],[-109.516,53.3661],[-109.5162,53.2776],[-109.5162,53.0381],[-109.473,53.0164],[-109.2239,53.0161],[-109.2234,53.1033],[-109.0772,53.1034],[-109.0767,53.2406],[-109.0765,53.2779],[-109.0764,53.2853]]]},"properties":{"id":"4717017","name":"Eldon No. 471"}},
{"type":"Feature","geometry":{"type":"Polygon","coordinates":[[[-109.5162,53.2776],[-109.9669,53.2781],[-109.9791,53.2429],[-110.0055,53.2434],[-110.0052,52.8573],[-109.9556,52.8854],[-109.9328,52.8863],[-109.9086,52.917],[-109.8652,52.9428],[-109.8511,52.9638],[-109.8058,52.9858],[-109.7808,53.0191],[-109.6594,53.041],[-109.6031,53.0465],[-109.5162,53.0381],[-109.5162,53.2776]]]},"properties":{"id":"4717022","name":"Wilton No. 472"}},
{"type":"Feature","geometry":{"type":"Polygon","coordinates":[[[-109.5448,53.417],[-109.569,53.4434],[-109.542,53.4712],[-109.5441,53.4884],[-109.6228,53.5219],[-109.636,53.5451],[-109.6281,53.5716],[-109.6459,53.5886],[-109.7421,53.6025],[-109.7857,53.5817],[-109.7918,53.5625],[-109.8228,53.5508],[-109.8897,53.5642],[-110.0057,53.6019],[-110.0055,53.2434],[-109.9791,53.2429],[-109.9669,53.2781],[-109.5162,53.2776],[-109.516,53.3661],[-109.5449,53.3661],[-109.5448,53.417]]]},"properties":{"id":"4717028","name":"Britannia No. 502"}},
{"type":"Feature","geometry":{"type":"Polygon","coordinates":[[[-109.1289,53.8021],[-109.8036,53.802],[-109.8156,53.7658],[-109.9707,53.7664],[-110.0071,53.7698],[-110.0057,53.6019],[-109.8897,53.5642],[-109.8228,53.5508],[-109.7918,53.5625],[-109.7857,53.5817],[-109.7421,53.6025],[-109.6459,53.5886],[-109.6281,53.5716],[-109.636,53.5451],[-109.6228,53.5219],[-109.5441,53.4884],[-109.542,53.4712],[-109.569,53.4434],[-109.5448,53.417],[-109.4919,53.4085],[-109.4459,53.3748],[-109.3843,53.392],[-109.3155,53.3987],[-109.2746,53.3912],[-109.2447,53.3635],[-109.2323,53.3334],[-109.1664,53.3248],[-109.0764,53.2853],[-109.0775,53.3657],[-109.1023,53.3654],[-109.1014,53.7173],[-109.1289,53.7167],[-109.1289,53.8021]]]},"properties":{"id":"4717032","name":"Frenchman Butte No. 501"}},
{"type":"Feature","geometry":{"type":"Polygon","coordinates":[[[-108.683,53.8021],[-109.1289,53.8021],[-109.1289,53.7167],[-109.1014,53.7173],[-109.1023,53.3654],[-109.0775,53.3657],[-109.0764,53.2853],[-109.0765,53.2779],[-108.6364,53.278],[-108.6359,53.3657],[-108.6595,53.3657],[-108.6594,53.605],[-108.6283,53.6203],[-108.6218,53.6615],[-108.5873,53.6945],[-108.5664,53.6932],[-108.5472,53.7152],[-108.6831,53.7153],[-108.683,53.8021]]]},"properties":{"id":"4717045","name":"Mervin No. 499"}},
{"type":"Feature","geometry":{"type":"Polygon","coordinates":[[[-108.1572,53.6278],[-108.5123,53.6279],[-108.5122,53.7153],[-108.5472,53.7152],[-108.5664,53.6932],[-108.5873,53.6945],[-108.6218,53.6615],[-108.6283,53.6203],[-108.6594,53.605],[-108.6595,53.3657],[-108.6359,53.3657],[-108.6364,53.278],[-108.6374,53.1907],[-108.1987,53.1908],[-108.1984,53.3656],[-108.2179,53.3656],[-108.2172,53.4387],[-108.2222,53.4628],[-108.1997,53.4754],[-108.2356,53.5076],[-108.2303,53.5357],[-108.1746,53.5981],[-108.1572,53.6278]]]},"properties":{"id":"4717047","name":"Parkdale No. 498"}},
{"type":"Feature","geometry":{"type":"Polygon","coordinates":[[[-107.353,54.1494],[-107.4487,54.1506],[-107.8027,54.1499],[-107.9546,54.1506],[-107.9518,54.4134],[-107.9689,54.4136],[-107.97,54.5873],[-108.4238,54.5873],[-108.4234,54.6743],[-108.5988,54.675],[-108.5996,54.588],[-108.6482,54.588],[-108.6489,54.5158],[-108.8019,54.5158],[-108.8021,54.4861],[-108.879,54.4863],[-108.8703,54.4218],[-108.8462,54.4121],[-108.8523,54.3696],[-108.8536,54.2723],[-108.9285,54.2756],[-108.9972,54.2998],[-109.0532,54.274],[-109.0531,54.1508],[-108.9027,54.1509],[-108.903,54.0694],[-108.853,54.0639],[-108.6829,54.064],[-108.683,53.8021],[-108.6831,53.7153],[-108.5472,53.7152],[-108.5122,53.7153],[-108.5123,53.6279],[-108.1572,53.6278],[-107.9231,53.6279],[-107.9226,53.7151],[-107.94,53.7152],[-107.9399,53.8024],[-107.7913,53.8023],[-107.7915,53.9769],[-107.345,53.9766],[-107.3436,54.0634],[-107.3537,54.0634],[-107.353,54.1494]]]},"properties":{"id":"4717054","name":"Meadow Lake No. 588"}},
{"type":"Feature","geometry":{"type":"Polygon","coordinates":[[[-109.0532,54.274],[-109.1098,54.2698],[-109.1888,54.276],[-109.2699,54.2278],[-109.3062,54.2542],[-109.3721,54.254],[-109.4052,54.2357],[-109.4338,54.2588],[-109.4347,54.2859],[-109.4884,54.2949],[-109.5013,54.3128],[-109.6031,54.3138],[-109.6025,54.0632],[-110.0057,54.064],[-110.0071,53.7698],[-109.9707,53.7664],[-109.8156,53.7658],[-109.8036,53.802],[-109.1289,53.8021],[-108.683,53.8021],[-108.6829,54.064],[-108.853,54.0639],[-108.903,54.0694],[-108.9027,54.1509],[-109.0531,54.1508],[-109.0532,54.274]]]},"properties":{"id":"4717056","name":"Loon Lake No. 561"}},
{"type":"Feature","geometry":{"type":"Polygon","coordinates":[[[-109.0532,54.274],[-108.9972,54.2998],[-108.9285,54.2756],[-108.8536,54.2723],[-108.8523,54.3696],[-108.8462,54.4121],[-108.8703,54.4218],[-108.879,54.4863],[-109.1549,54.4852],[-109.1544,54.4999],[-109.5321,54.5002],[-109.5324,54.5143],[-109.6074,54.5145],[-109.6332,54.5287],[-109.6334,54.5583],[-109.7841,54.5579],[-109.7843,54.5853],[-109.8578,54.5855],[-109.8843,54.602],[-109.9115,54.6452],[-109.9358,54.6505],[-110.0057,54.6498],[-110.0058,54.4412],[-110.0057,54.064],[-109.6025,54.0632],[-109.6031,54.3138],[-109.5013,54.3128],[-109.4884,54.2949],[-109.4347,54.2859],[-109.4338,54.2588],[-109.4052,54.2357],[-109.3721,54.254],[-109.3062,54.2542],[-109.2699,54.2278],[-109.1888,54.276],[-109.1098,54.2698],[-109.0532,54.274]]]},"properties":{"id":"4717062","name":"Beaver River No. 622"}},
{"type":"Feature","geometry":{"type":"Polygon","coordinates":[[[-101.7707,53.7109],[-101.7713,54.0644],[-101.8104,54.0644],[-101.8105,54.4135],[-101.8475,54.4136],[-101.8474,54.7625],[-101.8853,54.7625],[-101.8853,55.1116],[-101.9244,55.1121],[-101.9242,55.4602],[-101.9639,55.4604],[-101.9639,55.8095],[-102.0041,55.8094],[-102.0041,55.9998],[-102.0064,56.3256],[-102.0076,56.5002],[-102.0074,57.0835],[-102.005,57.1781],[-102.0052,57.4169],[-102.0057,57.9999],[-102.006,58.3137],[-102.0063,58.8146],[-102.0067,59.0005],[-102.0074,59.7518],[-102,60],[-102.5,60],[-103,60],[-103.75,60],[-104.25,60],[-104.7451,60],[-105,60],[-105.5,60],[-106.25,60],[-106.75,60],[-107.25,60],[-108,60],[-108.75,60],[-109.5,60],[-110,60],[-110.0003,59.7194],[-109.9996,59.485],[-110,59.25],[-110,59],[-110.0003,58.702],[-109.9996,58.2824],[-110.0002,57.9423],[-110.0001,57.5575],[-110,57.25],[-110,56.9291],[-110,56.5],[-110.0003,56.2426],[-110,55.986],[-110,55.5714],[-110.0001,55.3312],[-110.0037,54.9492],[-110.0057,54.6498],[-109.9358,54.6505],[-109.9115,54.6452],[-109.8843,54.602],[-109.8578,54.5855],[-109.7843,54.5853],[-109.7841,54.5579],[-109.6334,54.5583],[-109.6332,54.5287],[-109.6074,54.5145],[-109.5324,54.5143],[-109.5321,54.5002],[-109.1544,54.4999],[-109.1549,54.4852],[-108.879,54.4863],[-108.8021,54.4861],[-108.8019,54.5158],[-108.6489,54.5158],[-108.6482,54.588],[-108.5996,54.588],[-108.5988,54.675],[-108.4234,54.6743],[-108.4238,54.5873],[-107.97,54.5873],[-107.9689,54.4136],[-107.9518,54.4134],[-107.9546,54.1506],[-107.8027,54.1499],[-107.4487,54.1506],[-107.353,54.1494],[-106.7514,54.1489],[-106.7529,54.3249],[-106.5525,54.3262],[-106.0142,54.3291],[-106,54.3122],[-106.004,54.2276],[-106.0041,53.9763],[-105.4272,53.9767],[-105.1267,53.9776],[-105.1296,53.9337],[-105.1297,53.8022],[-104.9993,53.8016],[-104.3328,53.8013],[-103.9269,53.8015],[-103.6428,53.8016],[-103.6415,53.7143],[-103.6271,53.7139],[-103.6283,53.6284],[-103.5681,53.6374],[-103.4325,53.6408],[-103.3968,53.6596],[-103.3898,53.6865],[-103.3202,53.695],[-103.2963,53.7131],[-103.2454,53.7135],[-103.2109,53.7284],[-103.1574,53.7195],[-103.1168,53.7316],[-103.0761,53.7633],[-103.0365,53.775],[-103.035,53.7141],[-102.7473,53.7133],[-102.5226,53.7133],[-102.0684,53.7137],[-102.0009,53.7086],[-101.7707,53.7109]]]},"properties":{"id":"4718090","name":"Division No. 18, Unorganized"}}
]}